2025-07-07 05:51:05.855 | INFO     | __main__:monitor_loop:93 - Iniciando monitoração
2025-07-07 05:51:05.897 | INFO     | __main__:monitor_loop:102 - Dispositivos carregados: 7
==================================================
2025-07-07 05:51:05.910 | INFO     | __main__:ping_device:72 - Monitorado FER_24G: status=1, RTT avg=1ms
2025-07-07 05:51:05.982 | INFO     | __main__:ping_device:72 - Monitorado CLOUDFLARE: status=1, RTT avg=39ms
2025-07-07 05:51:06.080 | INFO     | __main__:ping_device:72 - Monitorado FACEBOOK: status=1, RTT avg=44ms
2025-07-07 05:51:06.317 | INFO     | __main__:ping_device:72 - Monitorado WIKIPEDIA: status=1, RTT avg=137ms
2025-07-07 05:51:06.609 | INFO     | __main__:ping_device:72 - Monitorado GOOGLE: status=1, RTT avg=176ms
2025-07-07 05:51:06.613 | INFO     | __main__:ping_device:72 - Monitorado GITHUB: status=1, RTT avg=177ms
2025-07-07 05:51:09.473 | INFO     | __main__:ping_device:72 - Monitorado SAMSUNG_S22: status=1, RTT avg=338ms
2025-07-07 05:51:09.495 | INFO     | __main__:monitor_loop:127 - Persistidos 7 resultados de monitoramento.
--------------------------------------------------
2025-07-07 05:51:39.519 | INFO     | __main__:ping_device:72 - Monitorado FER_24G: status=1, RTT avg=5ms
2025-07-07 05:51:40.115 | INFO     | __main__:ping_device:72 - Monitorado GOOGLE: status=1, RTT avg=154ms
2025-07-07 05:51:40.142 | INFO     | __main__:ping_device:72 - Monitorado GITHUB: status=1, RTT avg=161ms
2025-07-07 05:55:18.903 | INFO     | __main__:monitor_loop:93 - Iniciando monitoração
2025-07-07 05:55:18.959 | INFO     | __main__:monitor_loop:102 - Dispositivos carregados: 7
==================================================
2025-07-07 05:55:18.971 | INFO     | __main__:ping_device:72 - Monitorado FER_24G: status=1, RTT avg=1ms
2025-07-07 05:55:19.024 | INFO     | __main__:ping_device:72 - Monitorado CLOUDFLARE: status=1, RTT avg=29ms
2025-07-07 05:55:19.135 | INFO     | __main__:ping_device:72 - Monitorado FACEBOOK: status=1, RTT avg=42ms
2025-07-07 05:55:19.377 | INFO     | __main__:ping_device:72 - Monitorado WIKIPEDIA: status=1, RTT avg=137ms
2025-07-07 05:55:19.557 | INFO     | __main__:ping_device:72 - Monitorado GITHUB: status=1, RTT avg=147ms
2025-07-07 05:55:19.577 | INFO     | __main__:ping_device:72 - Monitorado GOOGLE: status=1, RTT avg=152ms
2025-07-07 05:55:22.950 | INFO     | __main__:ping_device:72 - Monitorado SAMSUNG_S22: status=0, RTT avg=Nonems
2025-07-07 05:55:22.977 | INFO     | __main__:monitor_loop:127 - Persistidos 7 resultados de monitoramento.
--------------------------------------------------
2025-07-07 05:55:52.985 | INFO     | __main__:ping_device:72 - Monitorado FER_24G: status=1, RTT avg=1ms
2025-07-07 05:55:53.046 | INFO     | __main__:ping_device:72 - Monitorado SAMSUNG_S22: status=1, RTT avg=16ms
2025-07-07 05:55:53.578 | INFO     | __main__:ping_device:72 - Monitorado GITHUB: status=1, RTT avg=149ms
2025-07-07 05:55:53.597 | INFO     | __main__:ping_device:72 - Monitorado GOOGLE: status=1, RTT avg=154ms
2025-07-07 05:55:53.616 | INFO     | __main__:monitor_loop:127 - Persistidos 4 resultados de monitoramento.
--------------------------------------------------
2025-07-07 05:56:23.640 | INFO     | __main__:ping_device:72 - Monitorado FER_24G: status=1, RTT avg=2ms
2025-07-07 05:56:23.778 | INFO     | __main__:ping_device:72 - Monitorado SAMSUNG_S22: status=1, RTT avg=37ms
2025-07-07 05:56:23.803 | INFO     | __main__:ping_device:72 - Monitorado FACEBOOK: status=1, RTT avg=45ms
2025-07-07 05:56:24.041 | INFO     | __main__:ping_device:72 - Monitorado WIKIPEDIA: status=1, RTT avg=138ms
2025-07-07 05:56:24.239 | INFO     | __main__:ping_device:72 - Monitorado GOOGLE: status=1, RTT avg=154ms
2025-07-07 05:56:24.263 | INFO     | __main__:ping_device:72 - Monitorado GITHUB: status=1, RTT avg=159ms
2025-07-07 05:56:24.277 | INFO     | __main__:monitor_loop:127 - Persistidos 6 resultados de monitoramento.
--------------------------------------------------
2025-07-07 05:56:54.287 | INFO     | __main__:ping_device:72 - Monitorado FER_24G: status=1, RTT avg=1ms
2025-07-07 05:56:54.341 | INFO     | __main__:ping_device:72 - Monitorado CLOUDFLARE: status=1, RTT avg=30ms
2025-07-07 05:56:54.499 | INFO     | __main__:ping_device:72 - Monitorado SAMSUNG_S22: status=1, RTT avg=54ms
2025-07-07 05:56:54.903 | INFO     | __main__:ping_device:72 - Monitorado GOOGLE: status=1, RTT avg=155ms
2025-07-07 05:56:54.920 | INFO     | __main__:ping_device:72 - Monitorado GITHUB: status=1, RTT avg=159ms
2025-07-07 05:56:54.939 | INFO     | __main__:monitor_loop:127 - Persistidos 5 resultados de monitoramento.
--------------------------------------------------
2025-07-07 05:57:24.967 | INFO     | __main__:ping_device:72 - Monitorado FER_24G: status=1, RTT avg=3ms
2025-07-07 05:57:25.125 | INFO     | __main__:ping_device:72 - Monitorado FACEBOOK: status=1, RTT avg=44ms
2025-07-07 05:57:25.334 | INFO     | __main__:ping_device:72 - Monitorado SAMSUNG_S22: status=1, RTT avg=95ms
2025-07-07 05:57:25.367 | INFO     | __main__:ping_device:72 - Monitorado WIKIPEDIA: status=1, RTT avg=139ms
2025-07-07 05:57:25.540 | INFO     | __main__:ping_device:72 - Monitorado GITHUB: status=1, RTT avg=148ms
2025-07-07 05:57:25.565 | INFO     | __main__:ping_device:72 - Monitorado GOOGLE: status=1, RTT avg=155ms
2025-07-07 05:57:25.570 | INFO     | __main__:monitor_loop:127 - Persistidos 6 resultados de monitoramento.
--------------------------------------------------
2025-07-07 05:57:55.634 | INFO     | __main__:ping_device:72 - Monitorado FER_24G: status=1, RTT avg=13ms
2025-07-07 05:57:56.014 | INFO     | __main__:ping_device:72 - Monitorado SAMSUNG_S22: status=1, RTT avg=108ms
2025-07-07 05:57:56.194 | INFO     | __main__:ping_device:72 - Monitorado GITHUB: status=1, RTT avg=154ms
2025-07-07 05:57:56.208 | INFO     | __main__:ping_device:72 - Monitorado GOOGLE: status=1, RTT avg=158ms
2025-07-07 05:57:56.213 | INFO     | __main__:monitor_loop:127 - Persistidos 4 resultados de monitoramento.
--------------------------------------------------
2025-07-07 05:58:26.227 | INFO     | __main__:ping_device:72 - Monitorado FER_24G: status=1, RTT avg=1ms
2025-07-07 05:58:26.274 | INFO     | __main__:ping_device:72 - Monitorado CLOUDFLARE: status=1, RTT avg=28ms
2025-07-07 05:58:26.393 | INFO     | __main__:ping_device:72 - Monitorado FACEBOOK: status=1, RTT avg=43ms
2025-07-07 05:58:26.630 | INFO     | __main__:ping_device:72 - Monitorado WIKIPEDIA: status=1, RTT avg=137ms
2025-07-07 05:58:26.644 | INFO     | __main__:ping_device:72 - Monitorado SAMSUNG_S22: status=1, RTT avg=105ms
2025-07-07 05:58:26.808 | INFO     | __main__:ping_device:72 - Monitorado GITHUB: status=1, RTT avg=147ms
2025-07-07 05:58:26.836 | INFO     | __main__:ping_device:72 - Monitorado GOOGLE: status=1, RTT avg=154ms
2025-07-07 05:58:26.855 | INFO     | __main__:monitor_loop:127 - Persistidos 7 resultados de monitoramento.
--------------------------------------------------
2025-07-07 05:58:56.862 | INFO     | __main__:ping_device:72 - Monitorado FER_24G: status=1, RTT avg=0ms
2025-07-07 05:58:57.348 | INFO     | __main__:ping_device:72 - Monitorado SAMSUNG_S22: status=1, RTT avg=122ms
2025-07-07 05:58:57.449 | INFO     | __main__:ping_device:72 - Monitorado GITHUB: status=1, RTT avg=147ms
2025-07-07 05:58:57.487 | INFO     | __main__:ping_device:72 - Monitorado GOOGLE: status=1, RTT avg=157ms
2025-07-07 05:58:57.492 | INFO     | __main__:monitor_loop:127 - Persistidos 4 resultados de monitoramento.
--------------------------------------------------
2025-07-07 05:59:27.503 | INFO     | __main__:ping_device:72 - Monitorado FER_24G: status=1, RTT avg=1ms
2025-07-07 05:59:27.672 | INFO     | __main__:ping_device:72 - Monitorado FACEBOOK: status=1, RTT avg=44ms
2025-07-07 05:59:27.910 | INFO     | __main__:ping_device:72 - Monitorado WIKIPEDIA: status=1, RTT avg=138ms
2025-07-07 05:59:28.047 | INFO     | __main__:ping_device:72 - Monitorado SAMSUNG_S22: status=1, RTT avg=137ms
2025-07-07 05:59:28.083 | INFO     | __main__:ping_device:72 - Monitorado GITHUB: status=1, RTT avg=147ms
2025-07-07 05:59:28.110 | INFO     | __main__:ping_device:72 - Monitorado GOOGLE: status=1, RTT avg=153ms
2025-07-07 05:59:28.115 | INFO     | __main__:monitor_loop:127 - Persistidos 6 resultados de monitoramento.
--------------------------------------------------
2025-07-07 05:59:50.144 | INFO     | __main__:monitor_loop:93 - Iniciando monitoração
2025-07-07 05:59:50.201 | INFO     | __main__:monitor_loop:103 - Dispositivos carregados: 7
==================================================
2025-07-07 05:59:50.212 | INFO     | __main__:ping_device:72 - Monitorado FER_24G: status=1, RTT avg=1ms
2025-07-07 05:59:50.268 | INFO     | __main__:ping_device:72 - Monitorado CLOUDFLARE: status=1, RTT avg=31ms
2025-07-07 05:59:50.388 | INFO     | __main__:ping_device:72 - Monitorado FACEBOOK: status=1, RTT avg=45ms
2025-07-07 05:59:50.525 | INFO     | __main__:ping_device:72 - Monitorado SAMSUNG_S22: status=1, RTT avg=79ms
2025-07-07 05:59:50.620 | INFO     | __main__:ping_device:72 - Monitorado WIKIPEDIA: status=1, RTT avg=137ms
2025-07-07 05:59:50.799 | INFO     | __main__:ping_device:72 - Monitorado GITHUB: status=1, RTT avg=148ms
2025-07-07 05:59:50.829 | INFO     | __main__:ping_device:72 - Monitorado GOOGLE: status=1, RTT avg=155ms
2025-07-07 05:59:50.853 | INFO     | __main__:monitor_loop:128 - Persistidos 7 resultados de monitoramento.
--------------------------------------------------
2025-07-07 05:59:50.853 | INFO     | __main__:monitor_loop:136 - Tempo de execução do loop: 708.123 milissegundos
2025-07-07 06:00:20.152 | INFO     | __main__:ping_device:72 - Monitorado FER_24G: status=1, RTT avg=0ms
2025-07-07 06:00:20.737 | INFO     | __main__:ping_device:72 - Monitorado GITHUB: status=1, RTT avg=147ms
2025-07-07 06:00:20.766 | INFO     | __main__:ping_device:72 - Monitorado GOOGLE: status=1, RTT avg=154ms
2025-07-07 06:00:20.776 | INFO     | __main__:ping_device:72 - Monitorado SAMSUNG_S22: status=1, RTT avg=156ms
2025-07-07 06:00:20.794 | INFO     | __main__:monitor_loop:128 - Persistidos 4 resultados de monitoramento.
--------------------------------------------------
2025-07-07 06:00:20.795 | INFO     | __main__:monitor_loop:136 - Tempo de execução do loop: 649.862 milissegundos
2025-07-07 06:00:50.169 | INFO     | __main__:ping_device:72 - Monitorado FER_24G: status=1, RTT avg=2ms
2025-07-07 06:00:50.332 | INFO     | __main__:ping_device:72 - Monitorado FACEBOOK: status=1, RTT avg=44ms
2025-07-07 06:00:50.438 | INFO     | __main__:ping_device:72 - Monitorado SAMSUNG_S22: status=1, RTT avg=70ms
2025-07-07 06:00:50.566 | INFO     | __main__:ping_device:72 - Monitorado WIKIPEDIA: status=1, RTT avg=136ms
2025-07-07 06:00:50.747 | INFO     | __main__:ping_device:72 - Monitorado GITHUB: status=1, RTT avg=148ms
2025-07-07 06:00:50.767 | INFO     | __main__:ping_device:72 - Monitorado GOOGLE: status=1, RTT avg=154ms
2025-07-07 06:00:50.786 | INFO     | __main__:monitor_loop:128 - Persistidos 6 resultados de monitoramento.
--------------------------------------------------
2025-07-07 06:00:50.787 | INFO     | __main__:monitor_loop:136 - Tempo de execução do loop: 640.541 milissegundos
2025-07-07 06:01:20.173 | INFO     | __main__:ping_device:72 - Monitorado FER_24G: status=1, RTT avg=3ms
2025-07-07 06:01:20.213 | INFO     | __main__:ping_device:72 - Monitorado CLOUDFLARE: status=1, RTT avg=29ms
2025-07-07 06:01:20.751 | INFO     | __main__:ping_device:72 - Monitorado GITHUB: status=1, RTT avg=148ms
2025-07-07 06:01:20.777 | INFO     | __main__:ping_device:72 - Monitorado GOOGLE: status=1, RTT avg=156ms
2025-07-07 06:01:20.810 | INFO     | __main__:ping_device:72 - Monitorado SAMSUNG_S22: status=1, RTT avg=162ms
2025-07-07 06:01:20.826 | INFO     | __main__:monitor_loop:128 - Persistidos 5 resultados de monitoramento.
--------------------------------------------------
2025-07-07 06:01:20.827 | INFO     | __main__:monitor_loop:136 - Tempo de execução do loop: 678.773 milissegundos
2025-07-07 06:01:50.167 | INFO     | __main__:ping_device:72 - Monitorado FER_24G: status=1, RTT avg=1ms
2025-07-07 06:01:50.328 | INFO     | __main__:ping_device:72 - Monitorado FACEBOOK: status=1, RTT avg=43ms
2025-07-07 06:01:50.390 | INFO     | __main__:ping_device:72 - Monitorado SAMSUNG_S22: status=1, RTT avg=57ms
2025-07-07 06:01:50.566 | INFO     | __main__:ping_device:72 - Monitorado WIKIPEDIA: status=1, RTT avg=136ms
2025-07-07 06:01:50.757 | INFO     | __main__:ping_device:72 - Monitorado GITHUB: status=1, RTT avg=150ms
2025-07-07 06:01:50.770 | INFO     | __main__:ping_device:72 - Monitorado GOOGLE: status=1, RTT avg=154ms
2025-07-07 06:01:50.787 | INFO     | __main__:monitor_loop:128 - Persistidos 6 resultados de monitoramento.
--------------------------------------------------
2025-07-07 06:01:50.787 | INFO     | __main__:monitor_loop:136 - Tempo de execução do loop: 638.128 milissegundos
2025-07-07 06:02:07.092 | INFO     | __main__:monitor_loop:93 - Iniciando monitoração
2025-07-07 06:02:07.146 | INFO     | __main__:monitor_loop:103 - Dispositivos carregados: 7
==================================================
2025-07-07 06:02:07.156 | INFO     | __main__:ping_device:72 - Monitorado FER_24G: status=1, RTT avg=1ms
2025-07-07 06:02:07.211 | INFO     | __main__:ping_device:72 - Monitorado CLOUDFLARE: status=1, RTT avg=29ms
2025-07-07 06:02:07.339 | INFO     | __main__:ping_device:72 - Monitorado FACEBOOK: status=1, RTT avg=46ms
2025-07-07 06:02:07.551 | INFO     | __main__:ping_device:72 - Monitorado SAMSUNG_S22: status=1, RTT avg=99ms
2025-07-07 06:02:07.565 | INFO     | __main__:ping_device:72 - Monitorado WIKIPEDIA: status=1, RTT avg=137ms
2025-07-07 06:02:07.745 | INFO     | __main__:ping_device:72 - Monitorado GITHUB: status=1, RTT avg=147ms
2025-07-07 06:02:07.776 | INFO     | __main__:ping_device:72 - Monitorado GOOGLE: status=1, RTT avg=155ms
2025-07-07 06:02:07.789 | INFO     | __main__:monitor_loop:128 - Persistidos 7 resultados de monitoramento.
2025-07-07 06:02:07.789 | INFO     | __main__:monitor_loop:136 - Tempo de execução do loop: 696.687 milissegundos
==================================================
2025-07-07 06:02:17.093 | INFO     | __main__:monitor_loop:128 - Persistidos 0 resultados de monitoramento.
2025-07-07 06:02:17.094 | INFO     | __main__:monitor_loop:136 - Tempo de execução do loop: 0.501 milissegundos
==================================================
2025-07-07 06:02:27.094 | INFO     | __main__:monitor_loop:128 - Persistidos 0 resultados de monitoramento.
2025-07-07 06:02:27.095 | INFO     | __main__:monitor_loop:136 - Tempo de execução do loop: 1.611 milissegundos
==================================================
2025-07-07 06:02:37.106 | INFO     | __main__:ping_device:72 - Monitorado FER_24G: status=1, RTT avg=1ms
2025-07-07 06:02:37.270 | INFO     | __main__:ping_device:72 - Monitorado SAMSUNG_S22: status=1, RTT avg=42ms
2025-07-07 06:02:37.704 | INFO     | __main__:ping_device:72 - Monitorado GITHUB: status=1, RTT avg=151ms
2025-07-07 06:02:37.736 | INFO     | __main__:ping_device:72 - Monitorado GOOGLE: status=1, RTT avg=159ms
2025-07-07 06:02:37.741 | INFO     | __main__:monitor_loop:128 - Persistidos 4 resultados de monitoramento.
2025-07-07 06:02:37.741 | INFO     | __main__:monitor_loop:136 - Tempo de execução do loop: 645.720 milissegundos
==================================================
2025-07-07 06:02:47.097 | INFO     | __main__:monitor_loop:128 - Persistidos 0 resultados de monitoramento.
2025-07-07 06:02:47.097 | INFO     | __main__:monitor_loop:136 - Tempo de execução do loop: 0.925 milissegundos
==================================================
2025-07-07 06:02:57.098 | INFO     | __main__:monitor_loop:128 - Persistidos 0 resultados de monitoramento.
2025-07-07 06:02:57.099 | INFO     | __main__:monitor_loop:136 - Tempo de execução do loop: 1.528 milissegundos
==================================================
2025-07-07 06:03:07.106 | INFO     | __main__:ping_device:72 - Monitorado FER_24G: status=1, RTT avg=1ms
2025-07-07 06:03:07.276 | INFO     | __main__:ping_device:72 - Monitorado FACEBOOK: status=1, RTT avg=43ms
2025-07-07 06:03:07.373 | INFO     | __main__:ping_device:72 - Monitorado SAMSUNG_S22: status=1, RTT avg=67ms
2025-07-07 06:03:07.521 | INFO     | __main__:ping_device:72 - Monitorado WIKIPEDIA: status=1, RTT avg=139ms
2025-07-07 06:03:07.693 | INFO     | __main__:ping_device:72 - Monitorado GITHUB: status=1, RTT avg=147ms
2025-07-07 06:03:07.721 | INFO     | __main__:ping_device:72 - Monitorado GOOGLE: status=1, RTT avg=155ms
2025-07-07 06:03:07.732 | INFO     | __main__:monitor_loop:128 - Persistidos 6 resultados de monitoramento.
2025-07-07 06:03:07.733 | INFO     | __main__:monitor_loop:136 - Tempo de execução do loop: 634.906 milissegundos
==================================================
2025-07-07 06:03:17.100 | INFO     | __main__:monitor_loop:128 - Persistidos 0 resultados de monitoramento.
2025-07-07 06:03:17.100 | INFO     | __main__:monitor_loop:136 - Tempo de execução do loop: 0.407 milissegundos
==================================================
2025-07-07 06:03:27.101 | INFO     | __main__:monitor_loop:128 - Persistidos 0 resultados de monitoramento.
2025-07-07 06:03:27.101 | INFO     | __main__:monitor_loop:136 - Tempo de execução do loop: 0.426 milissegundos
==================================================
2025-07-07 06:03:37.120 | INFO     | __main__:ping_device:72 - Monitorado FER_24G: status=1, RTT avg=2ms
2025-07-07 06:03:37.159 | INFO     | __main__:ping_device:72 - Monitorado CLOUDFLARE: status=1, RTT avg=26ms
2025-07-07 06:03:37.221 | INFO     | __main__:ping_device:72 - Monitorado SAMSUNG_S22: status=1, RTT avg=27ms
2025-07-07 06:03:37.703 | INFO     | __main__:ping_device:72 - Monitorado GITHUB: status=1, RTT avg=148ms
2025-07-07 06:03:37.725 | INFO     | __main__:ping_device:72 - Monitorado GOOGLE: status=1, RTT avg=155ms
2025-07-07 06:03:37.737 | INFO     | __main__:monitor_loop:128 - Persistidos 5 resultados de monitoramento.
2025-07-07 06:03:37.737 | INFO     | __main__:monitor_loop:136 - Tempo de execução do loop: 636.132 milissegundos
==================================================
2025-07-07 06:03:47.114 | INFO     | __main__:monitor_loop:103 - Dispositivos carregados: 7
==================================================
2025-07-07 06:03:47.116 | INFO     | __main__:monitor_loop:128 - Persistidos 0 resultados de monitoramento.
2025-07-07 06:03:47.117 | INFO     | __main__:monitor_loop:136 - Tempo de execução do loop: 14.439 milissegundos
==================================================
2025-07-07 06:03:57.104 | INFO     | __main__:monitor_loop:128 - Persistidos 0 resultados de monitoramento.
2025-07-07 06:03:57.105 | INFO     | __main__:monitor_loop:136 - Tempo de execução do loop: 1.481 milissegundos
==================================================
2025-07-07 06:04:07.127 | INFO     | __main__:ping_device:72 - Monitorado FER_24G: status=1, RTT avg=2ms
2025-07-07 06:04:07.287 | INFO     | __main__:ping_device:72 - Monitorado FACEBOOK: status=1, RTT avg=43ms
2025-07-07 06:04:07.471 | INFO     | __main__:ping_device:72 - Monitorado SAMSUNG_S22: status=1, RTT avg=87ms
2025-07-07 06:04:07.528 | INFO     | __main__:ping_device:72 - Monitorado WIKIPEDIA: status=1, RTT avg=138ms
2025-07-07 06:04:07.703 | INFO     | __main__:ping_device:72 - Monitorado GITHUB: status=1, RTT avg=146ms
2025-07-07 06:04:07.730 | INFO     | __main__:ping_device:72 - Monitorado GOOGLE: status=1, RTT avg=155ms
2025-07-07 06:04:07.751 | INFO     | __main__:monitor_loop:128 - Persistidos 6 resultados de monitoramento.
2025-07-07 06:04:07.752 | INFO     | __main__:monitor_loop:136 - Tempo de execução do loop: 646.599 milissegundos
==================================================
2025-07-07 06:04:17.107 | INFO     | __main__:monitor_loop:128 - Persistidos 0 resultados de monitoramento.
2025-07-07 06:04:17.108 | INFO     | __main__:monitor_loop:136 - Tempo de execução do loop: 1.605 milissegundos
==================================================
2025-07-07 06:05:38.614 | INFO     | __main__:monitor_loop:93 - Iniciando monitoração
2025-07-07 06:05:38.654 | INFO     | __main__:monitor_loop:103 - Dispositivos carregados: 7
==================================================
2025-07-07 06:05:38.665 | INFO     | __main__:ping_device:72 - Monitorado FER_24G: status=1, RTT avg=1ms
2025-07-07 06:05:38.716 | INFO     | __main__:ping_device:72 - Monitorado CLOUDFLARE: status=1, RTT avg=27ms
2025-07-07 06:05:38.945 | INFO     | __main__:ping_device:72 - Monitorado FACEBOOK: status=1, RTT avg=70ms
2025-07-07 06:05:39.168 | INFO     | __main__:ping_device:72 - Monitorado WIKIPEDIA: status=1, RTT avg=168ms
2025-07-07 06:05:39.492 | INFO     | __main__:ping_device:72 - Monitorado GITHUB: status=1, RTT avg=207ms
2025-07-07 06:05:39.493 | INFO     | __main__:ping_device:72 - Monitorado GOOGLE: status=1, RTT avg=207ms
2025-07-07 06:05:39.537 | INFO     | __main__:ping_device:72 - Monitorado SAMSUNG_S22: status=1, RTT avg=218ms
2025-07-07 06:05:39.564 | INFO     | __main__:monitor_loop:126 - Persistidos 7 resultados de monitoramento.
2025-07-07 06:05:39.564 | INFO     | __main__:monitor_loop:134 - Tempo de execução do loop: 949.115 milissegundos
==================================================
2025-07-07 06:06:08.621 | INFO     | __main__:ping_device:72 - Monitorado FER_24G: status=1, RTT avg=0ms
2025-07-07 06:06:08.845 | INFO     | __main__:ping_device:72 - Monitorado SAMSUNG_S22: status=1, RTT avg=56ms
2025-07-07 06:06:09.204 | INFO     | __main__:ping_device:72 - Monitorado GITHUB: status=1, RTT avg=146ms
2025-07-07 06:06:09.227 | INFO     | __main__:ping_device:72 - Monitorado GOOGLE: status=1, RTT avg=152ms
2025-07-07 06:06:09.232 | INFO     | __main__:monitor_loop:126 - Persistidos 4 resultados de monitoramento.
2025-07-07 06:06:09.232 | INFO     | __main__:monitor_loop:134 - Tempo de execução do loop: 616.920 milissegundos
==================================================
2025-07-07 06:06:38.632 | INFO     | __main__:ping_device:72 - Monitorado FER_24G: status=1, RTT avg=2ms
2025-07-07 06:06:38.804 | INFO     | __main__:ping_device:72 - Monitorado FACEBOOK: status=1, RTT avg=45ms
2025-07-07 06:06:39.030 | INFO     | __main__:ping_device:72 - Monitorado SAMSUNG_S22: status=1, RTT avg=101ms
2025-07-07 06:06:39.038 | INFO     | __main__:ping_device:72 - Monitorado WIKIPEDIA: status=1, RTT avg=138ms
2025-07-07 06:06:39.216 | INFO     | __main__:ping_device:72 - Monitorado GITHUB: status=1, RTT avg=148ms
2025-07-07 06:06:39.235 | INFO     | __main__:ping_device:72 - Monitorado GOOGLE: status=1, RTT avg=153ms
2025-07-07 06:06:39.251 | INFO     | __main__:monitor_loop:126 - Persistidos 6 resultados de monitoramento.
2025-07-07 06:06:39.251 | INFO     | __main__:monitor_loop:134 - Tempo de execução do loop: 635.211 milissegundos
==================================================
2025-07-07 06:10:07.082 | INFO     | __main__:monitor_loop:93 - Iniciando monitoração
2025-07-07 06:10:07.120 | INFO     | __main__:monitor_loop:103 - Dispositivos carregados: 7
==================================================
2025-07-07 06:10:07.161 | INFO     | __main__:ping_device:72 - FER_24G:	status=1, RTT avg=1ms, sent=4, recv=4
2025-07-07 06:10:07.216 | INFO     | __main__:ping_device:72 - CLOUDFLARE:	status=1, RTT avg=29ms, sent=2, recv=2
2025-07-07 06:10:07.332 | INFO     | __main__:ping_device:72 - FACEBOOK:	status=1, RTT avg=43ms, sent=4, recv=4
2025-07-07 06:10:07.426 | INFO     | __main__:ping_device:72 - SAMSUNG_S22:	status=1, RTT avg=67ms, sent=4, recv=4
2025-07-07 06:10:07.575 | INFO     | __main__:ping_device:72 - WIKIPEDIA:	status=1, RTT avg=139ms, sent=3, recv=3
2025-07-07 06:10:07.749 | INFO     | __main__:ping_device:72 - GITHUB:	status=1, RTT avg=147ms, sent=4, recv=4
2025-07-07 06:10:07.776 | INFO     | __main__:ping_device:72 - GOOGLE:	status=1, RTT avg=154ms, sent=4, recv=4
2025-07-07 06:10:07.799 | INFO     | __main__:monitor_loop:126 - Persistidos 7 resultados de monitoramento.
2025-07-07 06:10:07.800 | INFO     | __main__:monitor_loop:134 - Tempo de execução do loop: 716.969 ms
==================================================
2025-07-07 06:11:51.364 | INFO     | __main__:monitor_loop:93 - Iniciando monitoração
2025-07-07 06:11:51.403 | INFO     | __main__:monitor_loop:103 - Dispositivos carregados: 7
==================================================
2025-07-07 06:11:51.413 | INFO     | __main__:ping_device:72 - FER_24G: status=1, sent=4, recv=4, rtt_min=0, rtt_max=1, rtt_avg=1 ms
2025-07-07 06:11:51.472 | INFO     | __main__:ping_device:72 - CLOUDFLARE: status=1, sent=2, recv=2, rtt_min=27, rtt_max=36, rtt_avg=32 ms
2025-07-07 06:11:51.598 | INFO     | __main__:ping_device:72 - FACEBOOK: status=1, sent=4, recv=4, rtt_min=42, rtt_max=52, rtt_avg=47 ms
2025-07-07 06:11:51.605 | INFO     | __main__:ping_device:72 - SAMSUNG_S22: status=1, sent=4, recv=4, rtt_min=7, rtt_max=139, rtt_avg=48 ms
2025-07-07 06:11:51.839 | INFO     | __main__:ping_device:72 - WIKIPEDIA: status=1, sent=3, recv=3, rtt_min=139, rtt_max=145, rtt_avg=143 ms
2025-07-07 06:11:52.016 | INFO     | __main__:ping_device:72 - GITHUB: status=1, sent=4, recv=4, rtt_min=147, rtt_max=155, rtt_avg=151 ms
2025-07-07 06:11:52.036 | INFO     | __main__:ping_device:72 - GOOGLE: status=1, sent=4, recv=4, rtt_min=154, rtt_max=159, rtt_avg=156 ms
2025-07-07 06:11:52.066 | INFO     | __main__:monitor_loop:126 - Persistidos 7 resultados de monitoramento.
2025-07-07 06:11:52.066 | INFO     | __main__:monitor_loop:134 - Tempo de execução do loop: 701.277 ms
==================================================
2025-07-07 06:12:24.479 | INFO     | __main__:monitor_loop:93 - Iniciando monitoração
2025-07-07 06:12:24.515 | INFO     | __main__:monitor_loop:103 - Dispositivos carregados: 7
==================================================
2025-07-07 06:12:24.527 | INFO     | __main__:ping_device:72 - FER_24G: status=1, sent=4, recv=4, rtt_avg=1 ms
2025-07-07 06:12:24.583 | INFO     | __main__:ping_device:72 - CLOUDFLARE: status=1, sent=2, recv=2, rtt_avg=31 ms
2025-07-07 06:12:24.703 | INFO     | __main__:ping_device:72 - FACEBOOK: status=1, sent=4, recv=4, rtt_avg=44 ms
2025-07-07 06:12:24.884 | INFO     | __main__:ping_device:72 - SAMSUNG_S22: status=1, sent=4, recv=4, rtt_avg=90 ms
2025-07-07 06:12:24.980 | INFO     | __main__:ping_device:72 - WIKIPEDIA: status=1, sent=3, recv=3, rtt_avg=152 ms
2025-07-07 06:12:25.128 | INFO     | __main__:ping_device:72 - GITHUB: status=1, sent=4, recv=4, rtt_avg=151 ms
2025-07-07 06:12:25.143 | INFO     | __main__:ping_device:72 - GOOGLE: status=1, sent=4, recv=4, rtt_avg=155 ms
2025-07-07 06:12:25.159 | INFO     | __main__:monitor_loop:126 - Persistidos 7 resultados de monitoramento.
2025-07-07 06:12:25.159 | INFO     | __main__:monitor_loop:134 - Tempo de execução do loop: 679.597 ms
==================================================
2025-07-07 06:12:54.489 | INFO     | __main__:ping_device:72 - FER_24G: status=1, sent=4, recv=4, rtt_avg=1 ms
2025-07-07 06:12:54.542 | INFO     | __main__:ping_device:72 - SAMSUNG_S22: status=1, sent=4, recv=4, rtt_avg=14 ms
2025-07-07 06:12:55.085 | INFO     | __main__:ping_device:72 - GITHUB: status=1, sent=4, recv=4, rtt_avg=150 ms
2025-07-07 06:12:55.103 | INFO     | __main__:ping_device:72 - GOOGLE: status=1, sent=4, recv=4, rtt_avg=154 ms
2025-07-07 06:12:55.122 | INFO     | __main__:monitor_loop:126 - Persistidos 4 resultados de monitoramento.
2025-07-07 06:12:55.123 | INFO     | __main__:monitor_loop:134 - Tempo de execução do loop: 642.656 ms
==================================================
2025-07-07 06:13:24.506 | INFO     | __main__:ping_device:72 - FER_24G: status=1, sent=4, recv=4, rtt_avg=2 ms
2025-07-07 06:13:24.567 | INFO     | __main__:ping_device:72 - SAMSUNG_S22: status=1, sent=4, recv=4, rtt_avg=17 ms
2025-07-07 06:13:24.679 | INFO     | __main__:ping_device:72 - FACEBOOK: status=1, sent=4, recv=4, rtt_avg=47 ms
2025-07-07 06:13:24.903 | INFO     | __main__:ping_device:72 - WIKIPEDIA: status=1, sent=3, recv=3, rtt_avg=137 ms
2025-07-07 06:13:25.081 | INFO     | __main__:ping_device:72 - GITHUB: status=1, sent=4, recv=4, rtt_avg=148 ms
2025-07-07 06:13:25.106 | INFO     | __main__:ping_device:72 - GOOGLE: status=1, sent=4, recv=4, rtt_avg=154 ms
2025-07-07 06:13:25.110 | INFO     | __main__:monitor_loop:126 - Persistidos 6 resultados de monitoramento.
2025-07-07 06:13:25.110 | INFO     | __main__:monitor_loop:134 - Tempo de execução do loop: 628.962 ms
==================================================
2025-07-07 06:13:54.501 | INFO     | __main__:ping_device:72 - FER_24G: status=1, sent=4, recv=4, rtt_avg=4 ms
2025-07-07 06:13:54.536 | INFO     | __main__:ping_device:72 - SAMSUNG_S22: status=1, sent=4, recv=4, rtt_avg=12 ms
2025-07-07 06:13:54.558 | INFO     | __main__:ping_device:72 - CLOUDFLARE: status=1, sent=2, recv=2, rtt_avg=36 ms
2025-07-07 06:13:55.114 | INFO     | __main__:ping_device:72 - GITHUB: status=1, sent=4, recv=4, rtt_avg=157 ms
2025-07-07 06:13:55.130 | INFO     | __main__:ping_device:72 - GOOGLE: status=1, sent=4, recv=4, rtt_avg=161 ms
2025-07-07 06:13:55.148 | INFO     | __main__:monitor_loop:126 - Persistidos 5 resultados de monitoramento.
2025-07-07 06:13:55.149 | INFO     | __main__:monitor_loop:134 - Tempo de execução do loop: 667.204 ms
==================================================
2025-07-07 06:14:24.510 | INFO     | __main__:ping_device:72 - FER_24G: status=1, sent=4, recv=4, rtt_avg=3 ms
2025-07-07 06:14:24.524 | INFO     | __main__:ping_device:72 - SAMSUNG_S22: status=1, sent=4, recv=4, rtt_avg=6 ms
2025-07-07 06:14:24.674 | INFO     | __main__:ping_device:72 - FACEBOOK: status=1, sent=4, recv=4, rtt_avg=45 ms
2025-07-07 06:14:24.910 | INFO     | __main__:ping_device:72 - WIKIPEDIA: status=1, sent=3, recv=3, rtt_avg=139 ms
2025-07-07 06:14:25.094 | INFO     | __main__:ping_device:72 - GITHUB: status=1, sent=4, recv=4, rtt_avg=150 ms
2025-07-07 06:14:25.116 | INFO     | __main__:ping_device:72 - GOOGLE: status=1, sent=4, recv=4, rtt_avg=156 ms
2025-07-07 06:14:25.122 | INFO     | __main__:monitor_loop:126 - Persistidos 6 resultados de monitoramento.
2025-07-07 06:14:25.123 | INFO     | __main__:monitor_loop:134 - Tempo de execução do loop: 639.328 ms
==================================================
2025-07-07 06:14:54.502 | INFO     | __main__:ping_device:72 - FER_24G: status=1, sent=4, recv=4, rtt_avg=2 ms
2025-07-07 06:14:54.582 | INFO     | __main__:ping_device:72 - SAMSUNG_S22: status=1, sent=4, recv=4, rtt_avg=21 ms
2025-07-07 06:14:55.083 | INFO     | __main__:ping_device:72 - GITHUB: status=1, sent=4, recv=4, rtt_avg=147 ms
2025-07-07 06:14:55.106 | INFO     | __main__:ping_device:72 - GOOGLE: status=1, sent=4, recv=4, rtt_avg=154 ms
2025-07-07 06:14:55.111 | INFO     | __main__:monitor_loop:126 - Persistidos 4 resultados de monitoramento.
2025-07-07 06:14:55.111 | INFO     | __main__:monitor_loop:134 - Tempo de execução do loop: 627.192 ms
==================================================
2025-07-07 06:15:24.513 | INFO     | __main__:ping_device:72 - FER_24G: status=1, sent=4, recv=4, rtt_avg=3 ms
2025-07-07 06:15:24.547 | INFO     | __main__:ping_device:72 - SAMSUNG_S22: status=1, sent=4, recv=4, rtt_avg=11 ms
2025-07-07 06:15:24.553 | INFO     | __main__:ping_device:72 - CLOUDFLARE: status=1, sent=2, recv=2, rtt_avg=30 ms
2025-07-07 06:15:24.671 | INFO     | __main__:ping_device:72 - FACEBOOK: status=1, sent=4, recv=4, rtt_avg=45 ms
2025-07-07 06:15:24.910 | INFO     | __main__:ping_device:72 - WIKIPEDIA: status=1, sent=3, recv=3, rtt_avg=138 ms
2025-07-07 06:15:25.086 | INFO     | __main__:ping_device:72 - GITHUB: status=1, sent=4, recv=4, rtt_avg=147 ms
2025-07-07 06:15:25.110 | INFO     | __main__:ping_device:72 - GOOGLE: status=1, sent=4, recv=4, rtt_avg=155 ms
2025-07-07 06:15:25.119 | INFO     | __main__:monitor_loop:126 - Persistidos 7 resultados de monitoramento.
2025-07-07 06:15:25.119 | INFO     | __main__:monitor_loop:134 - Tempo de execução do loop: 634.761 ms
==================================================
2025-07-07 06:15:54.504 | INFO     | __main__:ping_device:72 - FER_24G: status=1, sent=4, recv=4, rtt_avg=2 ms
2025-07-07 06:15:54.539 | INFO     | __main__:ping_device:72 - SAMSUNG_S22: status=1, sent=4, recv=4, rtt_avg=11 ms
2025-07-07 06:15:55.118 | INFO     | __main__:ping_device:72 - GITHUB: status=1, sent=4, recv=4, rtt_avg=156 ms
2025-07-07 06:15:55.153 | INFO     | __main__:ping_device:72 - GOOGLE: status=1, sent=4, recv=4, rtt_avg=165 ms
2025-07-07 06:15:55.159 | INFO     | __main__:monitor_loop:126 - Persistidos 4 resultados de monitoramento.
2025-07-07 06:15:55.159 | INFO     | __main__:monitor_loop:134 - Tempo de execução do loop: 673.921 ms
==================================================
2025-07-07 06:16:24.518 | INFO     | __main__:ping_device:72 - FER_24G: status=1, sent=4, recv=4, rtt_avg=7 ms
2025-07-07 06:16:24.544 | INFO     | __main__:ping_device:72 - SAMSUNG_S22: status=1, sent=4, recv=4, rtt_avg=13 ms
2025-07-07 06:16:24.678 | INFO     | __main__:ping_device:72 - FACEBOOK: status=1, sent=4, recv=4, rtt_avg=47 ms
2025-07-07 06:16:24.905 | INFO     | __main__:ping_device:72 - WIKIPEDIA: status=1, sent=3, recv=3, rtt_avg=138 ms
2025-07-07 06:16:25.082 | INFO     | __main__:ping_device:72 - GITHUB: status=1, sent=4, recv=4, rtt_avg=148 ms
2025-07-07 06:16:25.103 | INFO     | __main__:ping_device:72 - GOOGLE: status=1, sent=4, recv=4, rtt_avg=153 ms
2025-07-07 06:16:25.108 | INFO     | __main__:monitor_loop:126 - Persistidos 6 resultados de monitoramento.
2025-07-07 06:16:25.109 | INFO     | __main__:monitor_loop:134 - Tempo de execução do loop: 622.491 ms
==================================================
2025-07-07 06:16:54.498 | INFO     | __main__:ping_device:72 - FER_24G: status=1, sent=4, recv=4, rtt_avg=2 ms
2025-07-07 06:16:54.516 | INFO     | __main__:ping_device:72 - SAMSUNG_S22: status=1, sent=4, recv=4, rtt_avg=6 ms
2025-07-07 06:16:54.549 | INFO     | __main__:ping_device:72 - CLOUDFLARE: status=1, sent=2, recv=2, rtt_avg=30 ms
2025-07-07 06:16:55.099 | INFO     | __main__:ping_device:72 - GITHUB: status=1, sent=4, recv=4, rtt_avg=152 ms
2025-07-07 06:16:55.119 | INFO     | __main__:ping_device:72 - GOOGLE: status=1, sent=4, recv=4, rtt_avg=157 ms
2025-07-07 06:16:55.127 | INFO     | __main__:monitor_loop:126 - Persistidos 5 resultados de monitoramento.
2025-07-07 06:16:55.127 | INFO     | __main__:monitor_loop:134 - Tempo de execução do loop: 639.917 ms
==================================================
2025-07-07 06:17:24.501 | INFO     | __main__:monitor_loop:103 - Dispositivos carregados: 7
==================================================
2025-07-07 06:17:24.524 | INFO     | __main__:ping_device:72 - FER_24G: status=1, sent=4, recv=4, rtt_avg=2 ms
2025-07-07 06:17:24.561 | INFO     | __main__:ping_device:72 - SAMSUNG_S22: status=1, sent=4, recv=4, rtt_avg=11 ms
2025-07-07 06:17:24.682 | INFO     | __main__:ping_device:72 - FACEBOOK: status=1, sent=4, recv=4, rtt_avg=43 ms
2025-07-07 06:17:24.933 | INFO     | __main__:ping_device:72 - WIKIPEDIA: status=1, sent=3, recv=3, rtt_avg=140 ms
2025-07-07 06:17:25.113 | INFO     | __main__:ping_device:72 - GITHUB: status=1, sent=4, recv=4, rtt_avg=150 ms
2025-07-07 06:17:25.136 | INFO     | __main__:ping_device:72 - GOOGLE: status=1, sent=4, recv=4, rtt_avg=156 ms
2025-07-07 06:17:25.148 | INFO     | __main__:monitor_loop:126 - Persistidos 6 resultados de monitoramento.
2025-07-07 06:17:25.148 | INFO     | __main__:monitor_loop:134 - Tempo de execução do loop: 660.698 ms
==================================================
2025-07-07 06:17:54.498 | INFO     | __main__:ping_device:72 - FER_24G: status=1, sent=4, recv=4, rtt_avg=1 ms
2025-07-07 06:17:54.536 | INFO     | __main__:ping_device:72 - SAMSUNG_S22: status=1, sent=4, recv=4, rtt_avg=11 ms
2025-07-07 06:17:55.093 | INFO     | __main__:ping_device:72 - GITHUB: status=1, sent=4, recv=4, rtt_avg=150 ms
2025-07-07 06:17:55.111 | INFO     | __main__:ping_device:72 - GOOGLE: status=1, sent=4, recv=4, rtt_avg=154 ms
2025-07-07 06:17:55.121 | INFO     | __main__:monitor_loop:126 - Persistidos 4 resultados de monitoramento.
2025-07-07 06:17:55.121 | INFO     | __main__:monitor_loop:134 - Tempo de execução do loop: 632.701 ms
==================================================
2025-07-07 06:18:24.514 | INFO     | __main__:ping_device:72 - FER_24G: status=1, sent=4, recv=4, rtt_avg=2 ms
2025-07-07 06:18:24.561 | INFO     | __main__:ping_device:72 - CLOUDFLARE: status=1, sent=2, recv=2, rtt_avg=32 ms
2025-07-07 06:18:24.573 | INFO     | __main__:ping_device:72 - SAMSUNG_S22: status=1, sent=4, recv=4, rtt_avg=16 ms
2025-07-07 06:18:24.677 | INFO     | __main__:ping_device:72 - FACEBOOK: status=1, sent=4, recv=4, rtt_avg=45 ms
2025-07-07 06:18:24.918 | INFO     | __main__:ping_device:72 - WIKIPEDIA: status=1, sent=3, recv=3, rtt_avg=138 ms
2025-07-07 06:18:25.104 | INFO     | __main__:ping_device:72 - GITHUB: status=1, sent=4, recv=4, rtt_avg=150 ms
2025-07-07 06:18:25.125 | INFO     | __main__:ping_device:72 - GOOGLE: status=1, sent=4, recv=4, rtt_avg=157 ms
2025-07-07 06:18:25.136 | INFO     | __main__:monitor_loop:126 - Persistidos 7 resultados de monitoramento.
2025-07-07 06:18:25.136 | INFO     | __main__:monitor_loop:134 - Tempo de execução do loop: 646.420 ms
==================================================
2025-07-07 06:18:54.517 | INFO     | __main__:ping_device:72 - FER_24G: status=1, sent=4, recv=4, rtt_avg=4 ms
2025-07-07 06:18:54.552 | INFO     | __main__:ping_device:72 - SAMSUNG_S22: status=1, sent=4, recv=4, rtt_avg=12 ms
2025-07-07 06:18:55.099 | INFO     | __main__:ping_device:72 - GITHUB: status=1, sent=4, recv=4, rtt_avg=150 ms
2025-07-07 06:18:55.118 | INFO     | __main__:ping_device:72 - GOOGLE: status=1, sent=4, recv=4, rtt_avg=155 ms
2025-07-07 06:18:55.124 | INFO     | __main__:monitor_loop:126 - Persistidos 4 resultados de monitoramento.
2025-07-07 06:18:55.124 | INFO     | __main__:monitor_loop:134 - Tempo de execução do loop: 633.811 ms
==================================================
2025-07-07 06:19:24.509 | INFO     | __main__:ping_device:72 - FER_24G: status=1, sent=4, recv=4, rtt_avg=2 ms
2025-07-07 06:19:24.604 | INFO     | __main__:ping_device:72 - SAMSUNG_S22: status=1, sent=4, recv=4, rtt_avg=25 ms
2025-07-07 06:19:24.668 | INFO     | __main__:ping_device:72 - FACEBOOK: status=1, sent=4, recv=4, rtt_avg=43 ms
2025-07-07 06:19:24.912 | INFO     | __main__:ping_device:72 - WIKIPEDIA: status=1, sent=3, recv=3, rtt_avg=137 ms
2025-07-07 06:19:25.097 | INFO     | __main__:ping_device:72 - GITHUB: status=1, sent=4, recv=4, rtt_avg=149 ms
2025-07-07 06:19:25.112 | INFO     | __main__:ping_device:72 - GOOGLE: status=1, sent=4, recv=4, rtt_avg=154 ms
2025-07-07 06:19:25.131 | INFO     | __main__:monitor_loop:126 - Persistidos 6 resultados de monitoramento.
2025-07-07 06:19:25.132 | INFO     | __main__:monitor_loop:134 - Tempo de execução do loop: 641.419 ms
==================================================
2025-07-07 06:19:54.509 | INFO     | __main__:ping_device:72 - FER_24G: status=1, sent=4, recv=4, rtt_avg=3 ms
2025-07-07 06:19:54.555 | INFO     | __main__:ping_device:72 - SAMSUNG_S22: status=1, sent=4, recv=4, rtt_avg=14 ms
2025-07-07 06:19:54.556 | INFO     | __main__:ping_device:72 - CLOUDFLARE: status=1, sent=2, recv=2, rtt_avg=30 ms
2025-07-07 06:19:55.094 | INFO     | __main__:ping_device:72 - GITHUB: status=1, sent=4, recv=4, rtt_avg=149 ms
2025-07-07 06:19:55.126 | INFO     | __main__:ping_device:72 - GOOGLE: status=1, sent=4, recv=4, rtt_avg=157 ms
2025-07-07 06:19:55.141 | INFO     | __main__:monitor_loop:126 - Persistidos 5 resultados de monitoramento.
2025-07-07 06:19:55.142 | INFO     | __main__:monitor_loop:134 - Tempo de execução do loop: 649.333 ms
==================================================
2025-07-07 06:20:24.500 | INFO     | __main__:ping_device:72 - FER_24G: status=1, sent=4, recv=4, rtt_avg=1 ms
2025-07-07 06:20:24.555 | INFO     | __main__:ping_device:72 - SAMSUNG_S22: status=1, sent=4, recv=4, rtt_avg=14 ms
2025-07-07 06:20:24.669 | INFO     | __main__:ping_device:72 - FACEBOOK: status=1, sent=4, recv=4, rtt_avg=43 ms
2025-07-07 06:20:24.909 | INFO     | __main__:ping_device:72 - WIKIPEDIA: status=1, sent=3, recv=3, rtt_avg=137 ms
2025-07-07 06:20:25.093 | INFO     | __main__:ping_device:72 - GITHUB: status=1, sent=4, recv=4, rtt_avg=149 ms
2025-07-07 06:20:25.114 | INFO     | __main__:ping_device:72 - GOOGLE: status=1, sent=4, recv=4, rtt_avg=154 ms
2025-07-07 06:20:25.121 | INFO     | __main__:monitor_loop:126 - Persistidos 6 resultados de monitoramento.
2025-07-07 06:20:25.121 | INFO     | __main__:monitor_loop:134 - Tempo de execução do loop: 628.489 ms
==================================================
2025-07-07 06:20:54.500 | INFO     | __main__:ping_device:72 - FER_24G: status=1, sent=4, recv=4, rtt_avg=1 ms
2025-07-07 06:20:54.654 | INFO     | __main__:ping_device:72 - SAMSUNG_S22: status=1, sent=4, recv=4, rtt_avg=38 ms
2025-07-07 06:20:55.091 | INFO     | __main__:ping_device:72 - GITHUB: status=1, sent=4, recv=4, rtt_avg=148 ms
2025-07-07 06:20:55.112 | INFO     | __main__:ping_device:72 - GOOGLE: status=1, sent=4, recv=4, rtt_avg=153 ms
2025-07-07 06:20:55.118 | INFO     | __main__:monitor_loop:126 - Persistidos 4 resultados de monitoramento.
2025-07-07 06:20:55.119 | INFO     | __main__:monitor_loop:134 - Tempo de execução do loop: 625.629 ms
==================================================
2025-07-07 06:21:24.510 | INFO     | __main__:ping_device:72 - FER_24G: status=1, sent=4, recv=4, rtt_avg=2 ms
2025-07-07 06:21:24.552 | INFO     | __main__:ping_device:72 - CLOUDFLARE: status=1, sent=2, recv=2, rtt_avg=27 ms
2025-07-07 06:21:24.563 | INFO     | __main__:ping_device:72 - SAMSUNG_S22: status=1, sent=4, recv=4, rtt_avg=15 ms
2025-07-07 06:21:24.675 | INFO     | __main__:ping_device:72 - FACEBOOK: status=1, sent=4, recv=4, rtt_avg=44 ms
2025-07-07 06:21:24.924 | INFO     | __main__:ping_device:72 - WIKIPEDIA: status=1, sent=3, recv=3, rtt_avg=141 ms
2025-07-07 06:21:25.103 | INFO     | __main__:ping_device:72 - GITHUB: status=1, sent=4, recv=4, rtt_avg=150 ms
2025-07-07 06:21:25.116 | INFO     | __main__:ping_device:72 - GOOGLE: status=1, sent=4, recv=4, rtt_avg=154 ms
2025-07-07 06:21:25.122 | INFO     | __main__:monitor_loop:126 - Persistidos 7 resultados de monitoramento.
2025-07-07 06:21:25.122 | INFO     | __main__:monitor_loop:134 - Tempo de execução do loop: 627.934 ms
==================================================
2025-07-07 06:21:54.515 | INFO     | __main__:ping_device:72 - FER_24G: status=1, sent=4, recv=4, rtt_avg=3 ms
2025-07-07 06:21:54.568 | INFO     | __main__:ping_device:72 - SAMSUNG_S22: status=1, sent=4, recv=4, rtt_avg=15 ms
2025-07-07 06:21:55.084 | INFO     | __main__:ping_device:72 - GITHUB: status=1, sent=4, recv=4, rtt_avg=146 ms
2025-07-07 06:21:55.117 | INFO     | __main__:ping_device:72 - GOOGLE: status=1, sent=4, recv=4, rtt_avg=154 ms
2025-07-07 06:21:55.134 | INFO     | __main__:monitor_loop:126 - Persistidos 4 resultados de monitoramento.
2025-07-07 06:21:55.135 | INFO     | __main__:monitor_loop:134 - Tempo de execução do loop: 639.833 ms
==================================================
2025-07-07 06:22:24.501 | INFO     | __main__:monitor_loop:103 - Dispositivos carregados: 7
==================================================
2025-07-07 06:22:24.511 | INFO     | __main__:ping_device:72 - FER_24G: status=1, sent=4, recv=4, rtt_avg=1 ms
2025-07-07 06:22:24.551 | INFO     | __main__:ping_device:72 - SAMSUNG_S22: status=1, sent=4, recv=4, rtt_avg=11 ms
2025-07-07 06:22:24.684 | INFO     | __main__:ping_device:72 - FACEBOOK: status=1, sent=4, recv=4, rtt_avg=44 ms
2025-07-07 06:22:24.919 | INFO     | __main__:ping_device:72 - WIKIPEDIA: status=1, sent=3, recv=3, rtt_avg=137 ms
2025-07-07 06:22:25.101 | INFO     | __main__:ping_device:72 - GITHUB: status=1, sent=4, recv=4, rtt_avg=148 ms
2025-07-07 06:22:25.127 | INFO     | __main__:ping_device:72 - GOOGLE: status=1, sent=4, recv=4, rtt_avg=155 ms
2025-07-07 06:22:25.158 | INFO     | __main__:monitor_loop:126 - Persistidos 6 resultados de monitoramento.
2025-07-07 06:22:25.159 | INFO     | __main__:monitor_loop:134 - Tempo de execução do loop: 663.142 ms
==================================================
2025-07-07 06:22:54.517 | INFO     | __main__:ping_device:72 - FER_24G: status=1, sent=4, recv=4, rtt_avg=2 ms
2025-07-07 06:22:54.562 | INFO     | __main__:ping_device:72 - SAMSUNG_S22: status=1, sent=4, recv=4, rtt_avg=13 ms
2025-07-07 06:22:54.608 | INFO     | __main__:ping_device:72 - CLOUDFLARE: status=1, sent=2, recv=2, rtt_avg=52 ms
2025-07-07 06:22:55.125 | INFO     | __main__:ping_device:72 - GITHUB: status=1, sent=4, recv=4, rtt_avg=154 ms
2025-07-07 06:22:55.143 | INFO     | __main__:ping_device:72 - GOOGLE: status=1, sent=4, recv=4, rtt_avg=160 ms
2025-07-07 06:22:55.170 | INFO     | __main__:monitor_loop:126 - Persistidos 5 resultados de monitoramento.
2025-07-07 06:22:55.171 | INFO     | __main__:monitor_loop:134 - Tempo de execução do loop: 673.599 ms
==================================================
2025-07-07 06:23:24.527 | INFO     | __main__:ping_device:72 - FER_24G: status=1, sent=4, recv=4, rtt_avg=4 ms
2025-07-07 06:23:24.541 | INFO     | __main__:ping_device:72 - SAMSUNG_S22: status=1, sent=4, recv=4, rtt_avg=6 ms
2025-07-07 06:23:24.680 | INFO     | __main__:ping_device:72 - FACEBOOK: status=1, sent=4, recv=4, rtt_avg=43 ms
2025-07-07 06:23:24.924 | INFO     | __main__:ping_device:72 - WIKIPEDIA: status=1, sent=3, recv=3, rtt_avg=138 ms
2025-07-07 06:23:25.104 | INFO     | __main__:ping_device:72 - GITHUB: status=1, sent=4, recv=4, rtt_avg=149 ms
2025-07-07 06:23:25.126 | INFO     | __main__:ping_device:72 - GOOGLE: status=1, sent=4, recv=4, rtt_avg=155 ms
2025-07-07 06:23:25.142 | INFO     | __main__:monitor_loop:126 - Persistidos 6 resultados de monitoramento.
2025-07-07 06:23:25.142 | INFO     | __main__:monitor_loop:134 - Tempo de execução do loop: 643.922 ms
==================================================
2025-07-07 06:23:54.518 | INFO     | __main__:ping_device:72 - FER_24G: status=1, sent=4, recv=4, rtt_avg=4 ms
2025-07-07 06:23:54.563 | INFO     | __main__:ping_device:72 - SAMSUNG_S22: status=1, sent=4, recv=4, rtt_avg=14 ms
2025-07-07 06:23:55.100 | INFO     | __main__:ping_device:72 - GITHUB: status=1, sent=4, recv=4, rtt_avg=149 ms
2025-07-07 06:23:55.133 | INFO     | __main__:ping_device:72 - GOOGLE: status=1, sent=4, recv=4, rtt_avg=157 ms
2025-07-07 06:23:55.138 | INFO     | __main__:monitor_loop:126 - Persistidos 4 resultados de monitoramento.
2025-07-07 06:23:55.139 | INFO     | __main__:monitor_loop:134 - Tempo de execução do loop: 639.199 ms
==================================================
2025-07-07 06:24:24.527 | INFO     | __main__:ping_device:72 - FER_24G: status=1, sent=4, recv=4, rtt_avg=3 ms
2025-07-07 06:24:24.567 | INFO     | __main__:ping_device:72 - CLOUDFLARE: status=1, sent=2, recv=2, rtt_avg=30 ms
2025-07-07 06:24:24.603 | INFO     | __main__:ping_device:72 - SAMSUNG_S22: status=1, sent=4, recv=4, rtt_avg=22 ms
2025-07-07 06:24:24.678 | INFO     | __main__:ping_device:72 - FACEBOOK: status=1, sent=4, recv=4, rtt_avg=43 ms
2025-07-07 06:24:24.932 | INFO     | __main__:ping_device:72 - WIKIPEDIA: status=1, sent=3, recv=3, rtt_avg=140 ms
2025-07-07 06:24:25.107 | INFO     | __main__:ping_device:72 - GITHUB: status=1, sent=4, recv=4, rtt_avg=149 ms
2025-07-07 06:24:25.121 | INFO     | __main__:ping_device:72 - GOOGLE: status=1, sent=4, recv=4, rtt_avg=154 ms
2025-07-07 06:24:25.125 | INFO     | __main__:monitor_loop:126 - Persistidos 7 resultados de monitoramento.
2025-07-07 06:24:25.126 | INFO     | __main__:monitor_loop:134 - Tempo de execução do loop: 625.669 ms
==================================================
2025-07-07 06:24:54.522 | INFO     | __main__:ping_device:72 - FER_24G: status=1, sent=4, recv=4, rtt_avg=3 ms
2025-07-07 06:24:54.600 | INFO     | __main__:ping_device:72 - SAMSUNG_S22: status=1, sent=4, recv=4, rtt_avg=22 ms
2025-07-07 06:24:55.101 | INFO     | __main__:ping_device:72 - GITHUB: status=1, sent=4, recv=4, rtt_avg=148 ms
2025-07-07 06:24:55.125 | INFO     | __main__:ping_device:72 - GOOGLE: status=1, sent=4, recv=4, rtt_avg=154 ms
2025-07-07 06:24:55.135 | INFO     | __main__:monitor_loop:126 - Persistidos 4 resultados de monitoramento.
2025-07-07 06:24:55.135 | INFO     | __main__:monitor_loop:134 - Tempo de execução do loop: 634.758 ms
==================================================
2025-07-07 06:25:24.523 | INFO     | __main__:ping_device:72 - FER_24G: status=1, sent=4, recv=4, rtt_avg=2 ms
2025-07-07 06:25:24.614 | INFO     | __main__:ping_device:72 - SAMSUNG_S22: status=1, sent=4, recv=4, rtt_avg=24 ms
2025-07-07 06:25:24.694 | INFO     | __main__:ping_device:72 - FACEBOOK: status=1, sent=4, recv=4, rtt_avg=46 ms
2025-07-07 06:25:24.926 | INFO     | __main__:ping_device:72 - WIKIPEDIA: status=1, sent=3, recv=3, rtt_avg=138 ms
2025-07-07 06:25:25.103 | INFO     | __main__:ping_device:72 - GITHUB: status=1, sent=4, recv=4, rtt_avg=148 ms
2025-07-07 06:25:25.135 | INFO     | __main__:ping_device:72 - GOOGLE: status=1, sent=4, recv=4, rtt_avg=157 ms
2025-07-07 06:25:25.152 | INFO     | __main__:monitor_loop:126 - Persistidos 6 resultados de monitoramento.
2025-07-07 06:25:25.153 | INFO     | __main__:monitor_loop:134 - Tempo de execução do loop: 651.430 ms
==================================================
2025-07-07 06:25:54.521 | INFO     | __main__:ping_device:72 - FER_24G: status=1, sent=4, recv=4, rtt_avg=2 ms
2025-07-07 06:25:54.568 | INFO     | __main__:ping_device:72 - CLOUDFLARE: status=1, sent=2, recv=2, rtt_avg=29 ms
2025-07-07 06:25:54.574 | INFO     | __main__:ping_device:72 - SAMSUNG_S22: status=1, sent=4, recv=4, rtt_avg=14 ms
2025-07-07 06:25:55.110 | INFO     | __main__:ping_device:72 - GITHUB: status=1, sent=4, recv=4, rtt_avg=149 ms
2025-07-07 06:25:55.126 | INFO     | __main__:ping_device:72 - GOOGLE: status=1, sent=4, recv=4, rtt_avg=154 ms
2025-07-07 06:25:55.144 | INFO     | __main__:monitor_loop:126 - Persistidos 5 resultados de monitoramento.
2025-07-07 06:25:55.144 | INFO     | __main__:monitor_loop:134 - Tempo de execução do loop: 641.552 ms
==================================================
2025-07-07 06:26:24.512 | INFO     | __main__:ping_device:72 - FER_24G: status=1, sent=4, recv=4, rtt_avg=1 ms
2025-07-07 06:26:24.554 | INFO     | __main__:ping_device:72 - SAMSUNG_S22: status=1, sent=4, recv=4, rtt_avg=11 ms
2025-07-07 06:26:24.678 | INFO     | __main__:ping_device:72 - FACEBOOK: status=1, sent=4, recv=4, rtt_avg=42 ms
2025-07-07 06:26:24.923 | INFO     | __main__:ping_device:72 - WIKIPEDIA: status=1, sent=3, recv=3, rtt_avg=138 ms
2025-07-07 06:26:25.099 | INFO     | __main__:ping_device:72 - GITHUB: status=1, sent=4, recv=4, rtt_avg=147 ms
2025-07-07 06:26:25.129 | INFO     | __main__:ping_device:72 - GOOGLE: status=1, sent=4, recv=4, rtt_avg=155 ms
2025-07-07 06:26:25.157 | INFO     | __main__:monitor_loop:126 - Persistidos 6 resultados de monitoramento.
2025-07-07 06:26:25.157 | INFO     | __main__:monitor_loop:134 - Tempo de execução do loop: 653.955 ms
==================================================
2025-07-07 06:26:54.521 | INFO     | __main__:ping_device:72 - FER_24G: status=1, sent=4, recv=4, rtt_avg=2 ms
2025-07-07 06:26:54.561 | INFO     | __main__:ping_device:72 - SAMSUNG_S22: status=1, sent=4, recv=4, rtt_avg=11 ms
2025-07-07 06:26:55.104 | INFO     | __main__:ping_device:72 - GITHUB: status=1, sent=4, recv=4, rtt_avg=148 ms
2025-07-07 06:26:55.129 | INFO     | __main__:ping_device:72 - GOOGLE: status=1, sent=4, recv=4, rtt_avg=154 ms
2025-07-07 06:26:55.146 | INFO     | __main__:monitor_loop:126 - Persistidos 4 resultados de monitoramento.
2025-07-07 06:26:55.146 | INFO     | __main__:monitor_loop:134 - Tempo de execução do loop: 641.517 ms
==================================================
2025-07-07 06:27:24.515 | INFO     | __main__:monitor_loop:103 - Dispositivos carregados: 7
==================================================
2025-07-07 06:27:24.545 | INFO     | __main__:ping_device:72 - FER_24G: status=1, sent=4, recv=4, rtt_avg=3 ms
2025-07-07 06:27:24.586 | INFO     | __main__:ping_device:72 - CLOUDFLARE: status=1, sent=2, recv=2, rtt_avg=32 ms
2025-07-07 06:27:24.628 | INFO     | __main__:ping_device:72 - SAMSUNG_S22: status=1, sent=4, recv=4, rtt_avg=24 ms
2025-07-07 06:27:24.700 | INFO     | __main__:ping_device:72 - FACEBOOK: status=1, sent=4, recv=4, rtt_avg=44 ms
2025-07-07 06:27:24.934 | INFO     | __main__:ping_device:72 - WIKIPEDIA: status=1, sent=3, recv=3, rtt_avg=136 ms
2025-07-07 06:27:25.118 | INFO     | __main__:ping_device:72 - GITHUB: status=1, sent=4, recv=4, rtt_avg=148 ms
2025-07-07 06:27:25.141 | INFO     | __main__:ping_device:72 - GOOGLE: status=1, sent=4, recv=4, rtt_avg=155 ms
2025-07-07 06:27:25.158 | INFO     | __main__:monitor_loop:126 - Persistidos 7 resultados de monitoramento.
2025-07-07 06:27:25.159 | INFO     | __main__:monitor_loop:134 - Tempo de execução do loop: 652.311 ms
==================================================
2025-07-07 06:27:54.526 | INFO     | __main__:ping_device:72 - FER_24G: status=1, sent=4, recv=4, rtt_avg=2 ms
2025-07-07 06:27:54.561 | INFO     | __main__:ping_device:72 - SAMSUNG_S22: status=1, sent=4, recv=4, rtt_avg=11 ms
2025-07-07 06:27:55.102 | INFO     | __main__:ping_device:72 - GITHUB: status=1, sent=4, recv=4, rtt_avg=147 ms
2025-07-07 06:27:55.135 | INFO     | __main__:ping_device:72 - GOOGLE: status=1, sent=4, recv=4, rtt_avg=155 ms
2025-07-07 06:27:55.152 | INFO     | __main__:monitor_loop:126 - Persistidos 4 resultados de monitoramento.
2025-07-07 06:27:55.153 | INFO     | __main__:monitor_loop:134 - Tempo de execução do loop: 645.800 ms
==================================================
2025-07-07 06:28:24.530 | INFO     | __main__:ping_device:72 - FER_24G: status=1, sent=4, recv=4, rtt_avg=2 ms
2025-07-07 06:28:24.630 | INFO     | __main__:ping_device:72 - SAMSUNG_S22: status=1, sent=4, recv=4, rtt_avg=26 ms
2025-07-07 06:28:24.701 | INFO     | __main__:ping_device:72 - FACEBOOK: status=1, sent=4, recv=4, rtt_avg=46 ms
2025-07-07 06:28:24.929 | INFO     | __main__:ping_device:72 - WIKIPEDIA: status=1, sent=3, recv=3, rtt_avg=137 ms
2025-07-07 06:28:25.101 | INFO     | __main__:ping_device:72 - GITHUB: status=1, sent=4, recv=4, rtt_avg=146 ms
2025-07-07 06:28:25.133 | INFO     | __main__:ping_device:72 - GOOGLE: status=1, sent=4, recv=4, rtt_avg=155 ms
2025-07-07 06:28:25.149 | INFO     | __main__:monitor_loop:126 - Persistidos 6 resultados de monitoramento.
2025-07-07 06:28:25.149 | INFO     | __main__:monitor_loop:134 - Tempo de execução do loop: 640.977 ms
==================================================
2025-07-07 06:28:54.531 | INFO     | __main__:ping_device:72 - FER_24G: status=1, sent=4, recv=4, rtt_avg=2 ms
2025-07-07 06:28:54.551 | INFO     | __main__:ping_device:72 - SAMSUNG_S22: status=1, sent=4, recv=4, rtt_avg=7 ms
2025-07-07 06:28:54.578 | INFO     | __main__:ping_device:72 - CLOUDFLARE: status=1, sent=2, recv=2, rtt_avg=31 ms
2025-07-07 06:28:55.108 | INFO     | __main__:ping_device:72 - GITHUB: status=1, sent=4, recv=4, rtt_avg=147 ms
2025-07-07 06:28:55.137 | INFO     | __main__:ping_device:72 - GOOGLE: status=1, sent=4, recv=4, rtt_avg=155 ms
2025-07-07 06:28:55.164 | INFO     | __main__:monitor_loop:126 - Persistidos 5 resultados de monitoramento.
2025-07-07 06:28:55.165 | INFO     | __main__:monitor_loop:134 - Tempo de execução do loop: 656.507 ms
==================================================
2025-07-07 06:29:24.522 | INFO     | __main__:ping_device:72 - FER_24G: status=1, sent=4, recv=4, rtt_avg=1 ms
2025-07-07 06:29:24.572 | INFO     | __main__:ping_device:72 - SAMSUNG_S22: status=1, sent=4, recv=4, rtt_avg=13 ms
2025-07-07 06:29:24.694 | INFO     | __main__:ping_device:72 - FACEBOOK: status=1, sent=4, recv=4, rtt_avg=44 ms
2025-07-07 06:29:24.930 | INFO     | __main__:ping_device:72 - WIKIPEDIA: status=1, sent=3, recv=3, rtt_avg=138 ms
2025-07-07 06:29:25.108 | INFO     | __main__:ping_device:72 - GITHUB: status=1, sent=4, recv=4, rtt_avg=148 ms
2025-07-07 06:29:25.131 | INFO     | __main__:ping_device:72 - GOOGLE: status=1, sent=4, recv=4, rtt_avg=154 ms
2025-07-07 06:29:25.140 | INFO     | __main__:monitor_loop:126 - Persistidos 6 resultados de monitoramento.
2025-07-07 06:29:25.140 | INFO     | __main__:monitor_loop:134 - Tempo de execução do loop: 630.182 ms
==================================================
2025-07-07 06:29:54.528 | INFO     | __main__:ping_device:72 - FER_24G: status=1, sent=4, recv=4, rtt_avg=2 ms
2025-07-07 06:29:54.568 | INFO     | __main__:ping_device:72 - SAMSUNG_S22: status=1, sent=4, recv=4, rtt_avg=12 ms
2025-07-07 06:29:55.112 | INFO     | __main__:ping_device:72 - GITHUB: status=1, sent=4, recv=4, rtt_avg=148 ms
2025-07-07 06:29:55.138 | INFO     | __main__:ping_device:72 - GOOGLE: status=1, sent=4, recv=4, rtt_avg=155 ms
2025-07-07 06:29:55.143 | INFO     | __main__:monitor_loop:126 - Persistidos 4 resultados de monitoramento.
2025-07-07 06:29:55.143 | INFO     | __main__:monitor_loop:134 - Tempo de execução do loop: 632.624 ms
==================================================
2025-07-07 06:30:24.676 | INFO     | __main__:ping_device:72 - FER_24G: status=1, sent=4, recv=4, rtt_avg=38 ms
2025-07-07 06:30:24.703 | INFO     | __main__:ping_device:72 - CLOUDFLARE: status=1, sent=2, recv=2, rtt_avg=91 ms
2025-07-07 06:30:24.728 | INFO     | __main__:ping_device:72 - SAMSUNG_S22: status=1, sent=4, recv=4, rtt_avg=51 ms
2025-07-07 06:30:24.808 | INFO     | __main__:ping_device:72 - FACEBOOK: status=1, sent=4, recv=4, rtt_avg=71 ms
2025-07-07 06:30:24.950 | INFO     | __main__:ping_device:72 - WIKIPEDIA: status=1, sent=3, recv=3, rtt_avg=142 ms
2025-07-07 06:30:25.116 | INFO     | __main__:ping_device:72 - GITHUB: status=1, sent=4, recv=4, rtt_avg=148 ms
2025-07-07 06:30:25.137 | INFO     | __main__:ping_device:72 - GOOGLE: status=1, sent=4, recv=4, rtt_avg=154 ms
2025-07-07 06:30:25.153 | INFO     | __main__:monitor_loop:126 - Persistidos 7 resultados de monitoramento.
2025-07-07 06:30:25.154 | INFO     | __main__:monitor_loop:134 - Tempo de execução do loop: 642.640 ms
==================================================
2025-07-07 06:30:54.522 | INFO     | __main__:ping_device:72 - FER_24G: status=1, sent=4, recv=4, rtt_avg=1 ms
2025-07-07 06:30:54.557 | INFO     | __main__:ping_device:72 - SAMSUNG_S22: status=1, sent=4, recv=4, rtt_avg=10 ms
2025-07-07 06:30:55.103 | INFO     | __main__:ping_device:72 - GITHUB: status=1, sent=4, recv=4, rtt_avg=146 ms
2025-07-07 06:30:55.132 | INFO     | __main__:ping_device:72 - GOOGLE: status=1, sent=4, recv=4, rtt_avg=154 ms
2025-07-07 06:30:55.137 | INFO     | __main__:monitor_loop:126 - Persistidos 4 resultados de monitoramento.
2025-07-07 06:30:55.138 | INFO     | __main__:monitor_loop:134 - Tempo de execução do loop: 626.354 ms
==================================================
2025-07-07 06:31:24.523 | INFO     | __main__:ping_device:72 - FER_24G: status=1, sent=4, recv=4, rtt_avg=1 ms
2025-07-07 06:31:24.606 | INFO     | __main__:ping_device:72 - SAMSUNG_S22: status=1, sent=4, recv=4, rtt_avg=21 ms
2025-07-07 06:31:24.701 | INFO     | __main__:ping_device:72 - FACEBOOK: status=1, sent=4, recv=4, rtt_avg=46 ms
2025-07-07 06:31:24.938 | INFO     | __main__:ping_device:72 - WIKIPEDIA: status=1, sent=3, recv=3, rtt_avg=140 ms
2025-07-07 06:31:25.111 | INFO     | __main__:ping_device:72 - GITHUB: status=1, sent=4, recv=4, rtt_avg=148 ms
2025-07-07 06:31:25.137 | INFO     | __main__:ping_device:72 - GOOGLE: status=1, sent=4, recv=4, rtt_avg=155 ms
2025-07-07 06:31:25.142 | INFO     | __main__:monitor_loop:126 - Persistidos 6 resultados de monitoramento.
2025-07-07 06:31:25.142 | INFO     | __main__:monitor_loop:134 - Tempo de execução do loop: 629.535 ms
==================================================
2025-07-07 06:31:54.535 | INFO     | __main__:ping_device:72 - FER_24G: status=1, sent=4, recv=4, rtt_avg=2 ms
2025-07-07 06:31:54.553 | INFO     | __main__:ping_device:72 - SAMSUNG_S22: status=1, sent=4, recv=4, rtt_avg=6 ms
2025-07-07 06:31:54.577 | INFO     | __main__:ping_device:72 - CLOUDFLARE: status=1, sent=2, recv=2, rtt_avg=29 ms
2025-07-07 06:31:55.116 | INFO     | __main__:ping_device:72 - GITHUB: status=1, sent=4, recv=4, rtt_avg=148 ms
2025-07-07 06:31:55.135 | INFO     | __main__:ping_device:72 - GOOGLE: status=1, sent=4, recv=4, rtt_avg=154 ms
2025-07-07 06:31:55.163 | INFO     | __main__:monitor_loop:126 - Persistidos 5 resultados de monitoramento.
2025-07-07 06:31:55.163 | INFO     | __main__:monitor_loop:134 - Tempo de execução do loop: 650.265 ms
==================================================
2025-07-07 06:32:24.527 | INFO     | __main__:monitor_loop:103 - Dispositivos carregados: 7
==================================================
2025-07-07 06:32:24.555 | INFO     | __main__:ping_device:72 - FER_24G: status=1, sent=4, recv=4, rtt_avg=3 ms
2025-07-07 06:32:24.654 | INFO     | __main__:ping_device:72 - SAMSUNG_S22: status=1, sent=4, recv=4, rtt_avg=27 ms
2025-07-07 06:32:24.710 | INFO     | __main__:ping_device:72 - FACEBOOK: status=1, sent=4, recv=4, rtt_avg=43 ms
2025-07-07 06:32:24.950 | INFO     | __main__:ping_device:72 - WIKIPEDIA: status=1, sent=3, recv=3, rtt_avg=137 ms
2025-07-07 06:32:25.129 | INFO     | __main__:ping_device:72 - GITHUB: status=1, sent=4, recv=4, rtt_avg=148 ms
2025-07-07 06:32:25.147 | INFO     | __main__:ping_device:72 - GOOGLE: status=1, sent=4, recv=4, rtt_avg=153 ms
2025-07-07 06:32:25.166 | INFO     | __main__:monitor_loop:126 - Persistidos 6 resultados de monitoramento.
2025-07-07 06:32:25.167 | INFO     | __main__:monitor_loop:134 - Tempo de execução do loop: 652.933 ms
==================================================
2025-07-07 06:32:54.521 | INFO     | __main__:ping_device:72 - FER_24G: status=1, sent=4, recv=4, rtt_avg=1 ms
2025-07-07 06:32:54.564 | INFO     | __main__:ping_device:72 - SAMSUNG_S22: status=1, sent=4, recv=4, rtt_avg=11 ms
2025-07-07 06:32:55.112 | INFO     | __main__:ping_device:72 - GITHUB: status=1, sent=4, recv=4, rtt_avg=148 ms
2025-07-07 06:32:55.138 | INFO     | __main__:ping_device:72 - GOOGLE: status=1, sent=4, recv=4, rtt_avg=154 ms
2025-07-07 06:32:55.157 | INFO     | __main__:monitor_loop:126 - Persistidos 4 resultados de monitoramento.
2025-07-07 06:32:55.157 | INFO     | __main__:monitor_loop:134 - Tempo de execução do loop: 642.617 ms
==================================================
2025-07-07 06:33:24.545 | INFO     | __main__:ping_device:72 - FER_24G: status=1, sent=4, recv=4, rtt_avg=6 ms
2025-07-07 06:33:24.666 | INFO     | __main__:ping_device:72 - CLOUDFLARE: status=1, sent=2, recv=2, rtt_avg=74 ms
2025-07-07 06:33:24.667 | INFO     | __main__:ping_device:72 - SAMSUNG_S22: status=1, sent=4, recv=4, rtt_avg=36 ms
2025-07-07 06:33:24.791 | INFO     | __main__:ping_device:72 - FACEBOOK: status=1, sent=4, recv=4, rtt_avg=67 ms
2025-07-07 06:33:24.997 | INFO     | __main__:ping_device:72 - WIKIPEDIA: status=1, sent=3, recv=3, rtt_avg=159 ms
2025-07-07 06:33:25.173 | INFO     | __main__:ping_device:72 - GITHUB: status=1, sent=4, recv=4, rtt_avg=163 ms
2025-07-07 06:33:25.182 | INFO     | __main__:ping_device:72 - GOOGLE: status=1, sent=4, recv=4, rtt_avg=165 ms
2025-07-07 06:33:25.193 | INFO     | __main__:monitor_loop:126 - Persistidos 7 resultados de monitoramento.
2025-07-07 06:33:25.193 | INFO     | __main__:monitor_loop:134 - Tempo de execução do loop: 677.525 ms
==================================================
2025-07-07 06:33:54.533 | INFO     | __main__:ping_device:72 - FER_24G: status=1, sent=4, recv=4, rtt_avg=2 ms
2025-07-07 06:33:54.582 | INFO     | __main__:ping_device:72 - SAMSUNG_S22: status=1, sent=4, recv=4, rtt_avg=13 ms
2025-07-07 06:33:55.120 | INFO     | __main__:ping_device:72 - GITHUB: status=1, sent=4, recv=4, rtt_avg=149 ms
2025-07-07 06:33:55.140 | INFO     | __main__:ping_device:72 - GOOGLE: status=1, sent=4, recv=4, rtt_avg=154 ms
2025-07-07 06:33:55.145 | INFO     | __main__:monitor_loop:126 - Persistidos 4 resultados de monitoramento.
2025-07-07 06:33:55.145 | INFO     | __main__:monitor_loop:134 - Tempo de execução do loop: 628.671 ms
==================================================
2025-07-07 06:34:24.540 | INFO     | __main__:ping_device:72 - FER_24G: status=1, sent=4, recv=4, rtt_avg=2 ms
2025-07-07 06:34:24.596 | INFO     | __main__:ping_device:72 - SAMSUNG_S22: status=1, sent=4, recv=4, rtt_avg=16 ms
2025-07-07 06:34:24.703 | INFO     | __main__:ping_device:72 - FACEBOOK: status=1, sent=4, recv=4, rtt_avg=44 ms
2025-07-07 06:34:24.935 | INFO     | __main__:ping_device:72 - WIKIPEDIA: status=1, sent=3, recv=3, rtt_avg=135 ms
2025-07-07 06:34:25.120 | INFO     | __main__:ping_device:72 - GITHUB: status=1, sent=4, recv=4, rtt_avg=149 ms
2025-07-07 06:34:25.140 | INFO     | __main__:ping_device:72 - GOOGLE: status=1, sent=4, recv=4, rtt_avg=154 ms
2025-07-07 06:34:25.155 | INFO     | __main__:monitor_loop:126 - Persistidos 6 resultados de monitoramento.
2025-07-07 06:34:25.155 | INFO     | __main__:monitor_loop:134 - Tempo de execução do loop: 638.369 ms
==================================================
2025-07-07 06:34:54.527 | INFO     | __main__:ping_device:72 - FER_24G: status=1, sent=4, recv=4, rtt_avg=1 ms
2025-07-07 06:34:54.552 | INFO     | __main__:ping_device:72 - SAMSUNG_S22: status=1, sent=4, recv=4, rtt_avg=7 ms
2025-07-07 06:34:54.574 | INFO     | __main__:ping_device:72 - CLOUDFLARE: status=1, sent=2, recv=2, rtt_avg=27 ms
2025-07-07 06:34:55.120 | INFO     | __main__:ping_device:72 - GITHUB: status=1, sent=4, recv=4, rtt_avg=149 ms
2025-07-07 06:34:55.141 | INFO     | __main__:ping_device:72 - GOOGLE: status=1, sent=4, recv=4, rtt_avg=154 ms
2025-07-07 06:34:55.156 | INFO     | __main__:monitor_loop:126 - Persistidos 5 resultados de monitoramento.
2025-07-07 06:34:55.156 | INFO     | __main__:monitor_loop:134 - Tempo de execução do loop: 638.410 ms
==================================================
2025-07-07 06:35:24.526 | INFO     | __main__:ping_device:72 - FER_24G: status=1, sent=4, recv=4, rtt_avg=1 ms
2025-07-07 06:35:24.540 | INFO     | __main__:ping_device:72 - SAMSUNG_S22: status=1, sent=4, recv=4, rtt_avg=4 ms
2025-07-07 06:35:24.702 | INFO     | __main__:ping_device:72 - FACEBOOK: status=1, sent=4, recv=4, rtt_avg=44 ms
2025-07-07 06:35:24.936 | INFO     | __main__:ping_device:72 - WIKIPEDIA: status=1, sent=3, recv=3, rtt_avg=137 ms
2025-07-07 06:35:25.118 | INFO     | __main__:ping_device:72 - GITHUB: status=1, sent=4, recv=4, rtt_avg=148 ms
2025-07-07 06:35:25.140 | INFO     | __main__:ping_device:72 - GOOGLE: status=1, sent=4, recv=4, rtt_avg=154 ms
2025-07-07 06:35:25.149 | INFO     | __main__:monitor_loop:126 - Persistidos 6 resultados de monitoramento.
2025-07-07 06:35:25.150 | INFO     | __main__:monitor_loop:134 - Tempo de execução do loop: 631.127 ms
==================================================
2025-07-07 06:35:54.528 | INFO     | __main__:ping_device:72 - FER_24G: status=1, sent=4, recv=4, rtt_avg=1 ms
2025-07-07 06:35:54.569 | INFO     | __main__:ping_device:72 - SAMSUNG_S22: status=1, sent=4, recv=4, rtt_avg=11 ms
2025-07-07 06:35:55.113 | INFO     | __main__:ping_device:72 - GITHUB: status=1, sent=4, recv=4, rtt_avg=147 ms
2025-07-07 06:35:55.142 | INFO     | __main__:ping_device:72 - GOOGLE: status=1, sent=4, recv=4, rtt_avg=154 ms
2025-07-07 06:35:55.160 | INFO     | __main__:monitor_loop:126 - Persistidos 4 resultados de monitoramento.
2025-07-07 06:35:55.161 | INFO     | __main__:monitor_loop:134 - Tempo de execução do loop: 641.453 ms
==================================================
2025-07-07 06:36:24.529 | INFO     | __main__:ping_device:72 - FER_24G: status=1, sent=4, recv=4, rtt_avg=1 ms
2025-07-07 06:36:24.585 | INFO     | __main__:ping_device:72 - CLOUDFLARE: status=1, sent=2, recv=2, rtt_avg=31 ms
2025-07-07 06:36:24.609 | INFO     | __main__:ping_device:72 - SAMSUNG_S22: status=1, sent=4, recv=4, rtt_avg=21 ms
2025-07-07 06:36:24.696 | INFO     | __main__:ping_device:72 - FACEBOOK: status=1, sent=4, recv=4, rtt_avg=43 ms
2025-07-07 06:36:24.935 | INFO     | __main__:ping_device:72 - WIKIPEDIA: status=1, sent=3, recv=3, rtt_avg=136 ms
2025-07-07 06:36:25.118 | INFO     | __main__:ping_device:72 - GITHUB: status=1, sent=4, recv=4, rtt_avg=148 ms
2025-07-07 06:36:25.148 | INFO     | __main__:ping_device:72 - GOOGLE: status=1, sent=4, recv=4, rtt_avg=156 ms
2025-07-07 06:36:25.176 | INFO     | __main__:monitor_loop:126 - Persistidos 7 resultados de monitoramento.
2025-07-07 06:36:25.177 | INFO     | __main__:monitor_loop:134 - Tempo de execução do loop: 657.246 ms
==================================================
2025-07-07 06:36:54.536 | INFO     | __main__:ping_device:72 - FER_24G: status=1, sent=4, recv=4, rtt_avg=2 ms
2025-07-07 06:36:54.550 | INFO     | __main__:ping_device:72 - SAMSUNG_S22: status=1, sent=4, recv=4, rtt_avg=6 ms
2025-07-07 06:36:55.113 | INFO     | __main__:ping_device:72 - GITHUB: status=1, sent=4, recv=4, rtt_avg=147 ms
2025-07-07 06:36:55.139 | INFO     | __main__:ping_device:72 - GOOGLE: status=1, sent=4, recv=4, rtt_avg=153 ms
2025-07-07 06:36:55.145 | INFO     | __main__:monitor_loop:126 - Persistidos 4 resultados de monitoramento.
2025-07-07 06:36:55.145 | INFO     | __main__:monitor_loop:134 - Tempo de execução do loop: 623.713 ms
==================================================
2025-07-07 06:37:24.527 | INFO     | __main__:monitor_loop:103 - Dispositivos carregados: 7
==================================================
2025-07-07 06:37:24.538 | INFO     | __main__:ping_device:72 - FER_24G: status=1, sent=4, recv=4, rtt_avg=1 ms
2025-07-07 06:37:24.573 | INFO     | __main__:ping_device:72 - SAMSUNG_S22: status=1, sent=4, recv=4, rtt_avg=10 ms
2025-07-07 06:37:24.708 | INFO     | __main__:ping_device:72 - FACEBOOK: status=1, sent=4, recv=4, rtt_avg=44 ms
2025-07-07 06:37:24.943 | INFO     | __main__:ping_device:72 - WIKIPEDIA: status=1, sent=3, recv=3, rtt_avg=137 ms
2025-07-07 06:37:25.126 | INFO     | __main__:ping_device:72 - GITHUB: status=1, sent=4, recv=4, rtt_avg=148 ms
2025-07-07 06:37:25.147 | INFO     | __main__:ping_device:72 - GOOGLE: status=1, sent=4, recv=4, rtt_avg=154 ms
2025-07-07 06:37:25.156 | INFO     | __main__:monitor_loop:126 - Persistidos 6 resultados de monitoramento.
2025-07-07 06:37:25.156 | INFO     | __main__:monitor_loop:134 - Tempo de execução do loop: 634.248 ms
==================================================
2025-07-07 06:37:54.544 | INFO     | __main__:ping_device:72 - FER_24G: status=1, sent=4, recv=4, rtt_avg=2 ms
2025-07-07 06:37:54.588 | INFO     | __main__:ping_device:72 - CLOUDFLARE: status=1, sent=2, recv=2, rtt_avg=30 ms
2025-07-07 06:37:54.628 | INFO     | __main__:ping_device:72 - SAMSUNG_S22: status=1, sent=4, recv=4, rtt_avg=23 ms
2025-07-07 06:37:55.119 | INFO     | __main__:ping_device:72 - GITHUB: status=1, sent=4, recv=4, rtt_avg=147 ms
2025-07-07 06:37:55.146 | INFO     | __main__:ping_device:72 - GOOGLE: status=1, sent=4, recv=4, rtt_avg=154 ms
2025-07-07 06:37:55.173 | INFO     | __main__:monitor_loop:126 - Persistidos 5 resultados de monitoramento.
2025-07-07 06:37:55.174 | INFO     | __main__:monitor_loop:134 - Tempo de execução do loop: 652.256 ms
==================================================
2025-07-07 06:38:24.547 | INFO     | __main__:ping_device:72 - FER_24G: status=1, sent=4, recv=4, rtt_avg=2 ms
2025-07-07 06:38:24.638 | INFO     | __main__:ping_device:72 - SAMSUNG_S22: status=1, sent=4, recv=4, rtt_avg=25 ms
2025-07-07 06:38:24.707 | INFO     | __main__:ping_device:72 - FACEBOOK: status=1, sent=4, recv=4, rtt_avg=44 ms
2025-07-07 06:38:24.943 | INFO     | __main__:ping_device:72 - WIKIPEDIA: status=1, sent=3, recv=3, rtt_avg=136 ms
2025-07-07 06:38:25.123 | INFO     | __main__:ping_device:72 - GITHUB: status=1, sent=4, recv=4, rtt_avg=147 ms
2025-07-07 06:38:25.152 | INFO     | __main__:ping_device:72 - GOOGLE: status=1, sent=4, recv=4, rtt_avg=155 ms
2025-07-07 06:38:25.180 | INFO     | __main__:monitor_loop:126 - Persistidos 6 resultados de monitoramento.
2025-07-07 06:38:25.181 | INFO     | __main__:monitor_loop:134 - Tempo de execução do loop: 657.721 ms
==================================================
2025-07-07 06:38:54.543 | INFO     | __main__:ping_device:72 - FER_24G: status=1, sent=4, recv=4, rtt_avg=2 ms
2025-07-07 06:38:54.633 | INFO     | __main__:ping_device:72 - SAMSUNG_S22: status=1, sent=4, recv=4, rtt_avg=24 ms
2025-07-07 06:38:55.121 | INFO     | __main__:ping_device:72 - GITHUB: status=1, sent=4, recv=4, rtt_avg=147 ms
2025-07-07 06:38:55.149 | INFO     | __main__:ping_device:72 - GOOGLE: status=1, sent=4, recv=4, rtt_avg=154 ms
2025-07-07 06:38:55.166 | INFO     | __main__:monitor_loop:126 - Persistidos 4 resultados de monitoramento.
2025-07-07 06:38:55.167 | INFO     | __main__:monitor_loop:134 - Tempo de execução do loop: 642.853 ms
==================================================
2025-07-07 06:39:24.536 | INFO     | __main__:ping_device:72 - FER_24G: status=1, sent=4, recv=4, rtt_avg=1 ms
2025-07-07 06:39:24.570 | INFO     | __main__:ping_device:72 - SAMSUNG_S22: status=1, sent=4, recv=4, rtt_avg=9 ms
2025-07-07 06:39:24.588 | INFO     | __main__:ping_device:72 - CLOUDFLARE: status=1, sent=2, recv=2, rtt_avg=29 ms
2025-07-07 06:39:24.697 | INFO     | __main__:ping_device:72 - FACEBOOK: status=1, sent=4, recv=4, rtt_avg=42 ms
2025-07-07 06:39:24.943 | INFO     | __main__:ping_device:72 - WIKIPEDIA: status=1, sent=3, recv=3, rtt_avg=137 ms
2025-07-07 06:39:25.119 | INFO     | __main__:ping_device:72 - GITHUB: status=1, sent=4, recv=4, rtt_avg=147 ms
2025-07-07 06:39:25.150 | INFO     | __main__:ping_device:72 - GOOGLE: status=1, sent=4, recv=4, rtt_avg=155 ms
2025-07-07 06:39:25.156 | INFO     | __main__:monitor_loop:126 - Persistidos 7 resultados de monitoramento.
2025-07-07 06:39:25.156 | INFO     | __main__:monitor_loop:134 - Tempo de execução do loop: 630.520 ms
==================================================
2025-07-07 06:39:54.546 | INFO     | __main__:ping_device:72 - FER_24G: status=1, sent=4, recv=4, rtt_avg=2 ms
2025-07-07 06:39:54.586 | INFO     | __main__:ping_device:72 - SAMSUNG_S22: status=1, sent=4, recv=4, rtt_avg=12 ms
2025-07-07 06:39:55.125 | INFO     | __main__:ping_device:72 - GITHUB: status=1, sent=4, recv=4, rtt_avg=148 ms
2025-07-07 06:39:55.149 | INFO     | __main__:ping_device:72 - GOOGLE: status=1, sent=4, recv=4, rtt_avg=154 ms
2025-07-07 06:39:55.157 | INFO     | __main__:monitor_loop:126 - Persistidos 4 resultados de monitoramento.
2025-07-07 06:39:55.157 | INFO     | __main__:monitor_loop:134 - Tempo de execução do loop: 630.584 ms
==================================================
2025-07-07 06:40:24.541 | INFO     | __main__:ping_device:72 - FER_24G: status=1, sent=4, recv=4, rtt_avg=2 ms
2025-07-07 06:40:24.588 | INFO     | __main__:ping_device:72 - SAMSUNG_S22: status=1, sent=4, recv=4, rtt_avg=13 ms
2025-07-07 06:40:24.710 | INFO     | __main__:ping_device:72 - FACEBOOK: status=1, sent=4, recv=4, rtt_avg=44 ms
2025-07-07 06:40:24.946 | INFO     | __main__:ping_device:72 - WIKIPEDIA: status=1, sent=3, recv=3, rtt_avg=137 ms
2025-07-07 06:40:25.128 | INFO     | __main__:ping_device:72 - GITHUB: status=1, sent=4, recv=4, rtt_avg=148 ms
2025-07-07 06:40:25.147 | INFO     | __main__:ping_device:72 - GOOGLE: status=1, sent=4, recv=4, rtt_avg=154 ms
2025-07-07 06:40:25.164 | INFO     | __main__:monitor_loop:126 - Persistidos 6 resultados de monitoramento.
2025-07-07 06:40:25.165 | INFO     | __main__:monitor_loop:134 - Tempo de execução do loop: 637.640 ms
==================================================
2025-07-07 06:40:54.547 | INFO     | __main__:ping_device:72 - FER_24G: status=1, sent=4, recv=4, rtt_avg=1 ms
2025-07-07 06:40:54.579 | INFO     | __main__:ping_device:72 - SAMSUNG_S22: status=1, sent=4, recv=4, rtt_avg=9 ms
2025-07-07 06:40:54.593 | INFO     | __main__:ping_device:72 - CLOUDFLARE: status=1, sent=2, recv=2, rtt_avg=29 ms
2025-07-07 06:40:55.132 | INFO     | __main__:ping_device:72 - GITHUB: status=1, sent=4, recv=4, rtt_avg=148 ms
2025-07-07 06:40:55.152 | INFO     | __main__:ping_device:72 - GOOGLE: status=1, sent=4, recv=4, rtt_avg=154 ms
2025-07-07 06:40:55.167 | INFO     | __main__:monitor_loop:126 - Persistidos 5 resultados de monitoramento.
2025-07-07 06:40:55.167 | INFO     | __main__:monitor_loop:134 - Tempo de execução do loop: 638.671 ms
==================================================
2025-07-07 06:41:24.546 | INFO     | __main__:ping_device:72 - FER_24G: status=1, sent=4, recv=4, rtt_avg=2 ms
2025-07-07 06:41:24.585 | INFO     | __main__:ping_device:72 - SAMSUNG_S22: status=1, sent=4, recv=4, rtt_avg=12 ms
2025-07-07 06:41:24.712 | INFO     | __main__:ping_device:72 - FACEBOOK: status=1, sent=4, recv=4, rtt_avg=44 ms
2025-07-07 06:41:24.947 | INFO     | __main__:ping_device:72 - WIKIPEDIA: status=1, sent=3, recv=3, rtt_avg=137 ms
2025-07-07 06:41:25.126 | INFO     | __main__:ping_device:72 - GITHUB: status=1, sent=4, recv=4, rtt_avg=147 ms
2025-07-07 06:41:25.157 | INFO     | __main__:ping_device:72 - GOOGLE: status=1, sent=4, recv=4, rtt_avg=155 ms
2025-07-07 06:41:25.178 | INFO     | __main__:monitor_loop:126 - Persistidos 6 resultados de monitoramento.
2025-07-07 06:41:25.179 | INFO     | __main__:monitor_loop:134 - Tempo de execução do loop: 649.885 ms
==================================================
2025-07-07 06:41:54.539 | INFO     | __main__:ping_device:72 - FER_24G: status=1, sent=4, recv=4, rtt_avg=1 ms
2025-07-07 06:41:54.565 | INFO     | __main__:ping_device:72 - SAMSUNG_S22: status=1, sent=4, recv=4, rtt_avg=7 ms
2025-07-07 06:41:55.126 | INFO     | __main__:ping_device:72 - GITHUB: status=1, sent=4, recv=4, rtt_avg=147 ms
2025-07-07 06:41:55.148 | INFO     | __main__:ping_device:72 - GOOGLE: status=1, sent=4, recv=4, rtt_avg=153 ms
2025-07-07 06:41:55.157 | INFO     | __main__:monitor_loop:126 - Persistidos 4 resultados de monitoramento.
2025-07-07 06:41:55.157 | INFO     | __main__:monitor_loop:134 - Tempo de execução do loop: 626.440 ms
==================================================
2025-07-07 06:42:24.538 | INFO     | __main__:monitor_loop:103 - Dispositivos carregados: 7
==================================================
2025-07-07 06:42:24.555 | INFO     | __main__:ping_device:72 - FER_24G: status=1, sent=4, recv=4, rtt_avg=2 ms
2025-07-07 06:42:24.602 | INFO     | __main__:ping_device:72 - CLOUDFLARE: status=1, sent=2, recv=2, rtt_avg=29 ms
2025-07-07 06:42:24.603 | INFO     | __main__:ping_device:72 - SAMSUNG_S22: status=1, sent=4, recv=4, rtt_avg=13 ms
2025-07-07 06:42:24.715 | INFO     | __main__:ping_device:72 - FACEBOOK: status=1, sent=4, recv=4, rtt_avg=43 ms
2025-07-07 06:42:24.965 | INFO     | __main__:ping_device:72 - WIKIPEDIA: status=1, sent=3, recv=3, rtt_avg=139 ms
2025-07-07 06:42:25.136 | INFO     | __main__:ping_device:72 - GITHUB: status=1, sent=4, recv=4, rtt_avg=147 ms
2025-07-07 06:42:25.163 | INFO     | __main__:ping_device:72 - GOOGLE: status=1, sent=4, recv=4, rtt_avg=155 ms
2025-07-07 06:42:25.192 | INFO     | __main__:monitor_loop:126 - Persistidos 7 resultados de monitoramento.
2025-07-07 06:42:25.192 | INFO     | __main__:monitor_loop:134 - Tempo de execução do loop: 661.289 ms
==================================================
2025-07-07 06:42:54.539 | INFO     | __main__:ping_device:72 - FER_24G: status=1, sent=4, recv=4, rtt_avg=1 ms
2025-07-07 06:42:54.598 | INFO     | __main__:ping_device:72 - SAMSUNG_S22: status=1, sent=4, recv=4, rtt_avg=15 ms
2025-07-07 06:42:55.126 | INFO     | __main__:ping_device:72 - GITHUB: status=1, sent=4, recv=4, rtt_avg=147 ms
2025-07-07 06:42:55.148 | INFO     | __main__:ping_device:72 - GOOGLE: status=1, sent=4, recv=4, rtt_avg=153 ms
2025-07-07 06:42:55.154 | INFO     | __main__:monitor_loop:126 - Persistidos 4 resultados de monitoramento.
2025-07-07 06:42:55.154 | INFO     | __main__:monitor_loop:134 - Tempo de execução do loop: 621.729 ms
==================================================
2025-07-07 06:43:24.539 | INFO     | __main__:ping_device:72 - FER_24G: status=1, sent=4, recv=4, rtt_avg=0 ms
2025-07-07 06:43:24.611 | INFO     | __main__:ping_device:72 - SAMSUNG_S22: status=1, sent=4, recv=4, rtt_avg=18 ms
2025-07-07 06:43:24.712 | INFO     | __main__:ping_device:72 - FACEBOOK: status=1, sent=4, recv=4, rtt_avg=44 ms
2025-07-07 06:43:24.961 | INFO     | __main__:ping_device:72 - WIKIPEDIA: status=1, sent=3, recv=3, rtt_avg=141 ms
2025-07-07 06:43:25.125 | INFO     | __main__:ping_device:72 - GITHUB: status=1, sent=4, recv=4, rtt_avg=147 ms
2025-07-07 06:43:25.159 | INFO     | __main__:ping_device:72 - GOOGLE: status=1, sent=4, recv=4, rtt_avg=155 ms
2025-07-07 06:43:25.176 | INFO     | __main__:monitor_loop:126 - Persistidos 6 resultados de monitoramento.
2025-07-07 06:43:25.177 | INFO     | __main__:monitor_loop:134 - Tempo de execução do loop: 644.328 ms
==================================================
2025-07-07 06:43:54.546 | INFO     | __main__:ping_device:72 - FER_24G: status=1, sent=4, recv=4, rtt_avg=2 ms
2025-07-07 06:43:54.581 | INFO     | __main__:ping_device:72 - SAMSUNG_S22: status=1, sent=4, recv=4, rtt_avg=10 ms
2025-07-07 06:43:54.599 | INFO     | __main__:ping_device:72 - CLOUDFLARE: status=1, sent=2, recv=2, rtt_avg=30 ms
2025-07-07 06:43:55.136 | INFO     | __main__:ping_device:72 - GITHUB: status=1, sent=4, recv=4, rtt_avg=149 ms
2025-07-07 06:43:55.157 | INFO     | __main__:ping_device:72 - GOOGLE: status=1, sent=4, recv=4, rtt_avg=154 ms
2025-07-07 06:43:55.169 | INFO     | __main__:monitor_loop:126 - Persistidos 5 resultados de monitoramento.
2025-07-07 06:43:55.170 | INFO     | __main__:monitor_loop:134 - Tempo de execução do loop: 635.494 ms
==================================================
2025-07-07 06:44:24.544 | INFO     | __main__:ping_device:72 - FER_24G: status=1, sent=4, recv=4, rtt_avg=1 ms
2025-07-07 06:44:24.628 | INFO     | __main__:ping_device:72 - SAMSUNG_S22: status=1, sent=4, recv=4, rtt_avg=21 ms
2025-07-07 06:44:24.719 | INFO     | __main__:ping_device:72 - FACEBOOK: status=1, sent=4, recv=4, rtt_avg=44 ms
2025-07-07 06:44:24.956 | INFO     | __main__:ping_device:72 - WIKIPEDIA: status=1, sent=3, recv=3, rtt_avg=138 ms
2025-07-07 06:44:25.131 | INFO     | __main__:ping_device:72 - GITHUB: status=1, sent=4, recv=4, rtt_avg=148 ms
2025-07-07 06:44:25.154 | INFO     | __main__:ping_device:72 - GOOGLE: status=1, sent=4, recv=4, rtt_avg=154 ms
2025-07-07 06:44:25.159 | INFO     | __main__:monitor_loop:126 - Persistidos 6 resultados de monitoramento.
2025-07-07 06:44:25.159 | INFO     | __main__:monitor_loop:134 - Tempo de execução do loop: 624.245 ms
==================================================
2025-07-07 06:44:54.546 | INFO     | __main__:ping_device:72 - FER_24G: status=1, sent=4, recv=4, rtt_avg=2 ms
2025-07-07 06:44:54.631 | INFO     | __main__:ping_device:72 - SAMSUNG_S22: status=1, sent=4, recv=4, rtt_avg=22 ms
2025-07-07 06:44:55.142 | INFO     | __main__:ping_device:72 - GITHUB: status=1, sent=4, recv=4, rtt_avg=150 ms
2025-07-07 06:44:55.169 | INFO     | __main__:ping_device:72 - GOOGLE: status=1, sent=4, recv=4, rtt_avg=157 ms
2025-07-07 06:44:55.174 | INFO     | __main__:monitor_loop:126 - Persistidos 4 resultados de monitoramento.
2025-07-07 06:44:55.174 | INFO     | __main__:monitor_loop:134 - Tempo de execução do loop: 638.564 ms
==================================================
2025-07-07 06:45:24.548 | INFO     | __main__:ping_device:72 - FER_24G: status=1, sent=4, recv=4, rtt_avg=1 ms
2025-07-07 06:45:24.596 | INFO     | __main__:ping_device:72 - CLOUDFLARE: status=1, sent=2, recv=2, rtt_avg=28 ms
2025-07-07 06:45:24.641 | INFO     | __main__:ping_device:72 - SAMSUNG_S22: status=1, sent=4, recv=4, rtt_avg=25 ms
2025-07-07 06:45:24.718 | INFO     | __main__:ping_device:72 - FACEBOOK: status=1, sent=4, recv=4, rtt_avg=44 ms
2025-07-07 06:45:24.954 | INFO     | __main__:ping_device:72 - WIKIPEDIA: status=1, sent=3, recv=3, rtt_avg=137 ms
2025-07-07 06:45:25.135 | INFO     | __main__:ping_device:72 - GITHUB: status=1, sent=4, recv=4, rtt_avg=148 ms
2025-07-07 06:45:25.153 | INFO     | __main__:ping_device:72 - GOOGLE: status=1, sent=4, recv=4, rtt_avg=153 ms
2025-07-07 06:45:25.168 | INFO     | __main__:monitor_loop:126 - Persistidos 7 resultados de monitoramento.
2025-07-07 06:45:25.168 | INFO     | __main__:monitor_loop:134 - Tempo de execução do loop: 632.175 ms
==================================================
2025-07-07 06:45:54.548 | INFO     | __main__:ping_device:72 - FER_24G: status=1, sent=4, recv=4, rtt_avg=2 ms
2025-07-07 06:45:54.635 | INFO     | __main__:ping_device:72 - SAMSUNG_S22: status=1, sent=4, recv=4, rtt_avg=23 ms
2025-07-07 06:45:55.133 | INFO     | __main__:ping_device:72 - GITHUB: status=1, sent=4, recv=4, rtt_avg=148 ms
2025-07-07 06:45:55.156 | INFO     | __main__:ping_device:72 - GOOGLE: status=1, sent=4, recv=4, rtt_avg=153 ms
2025-07-07 06:45:55.172 | INFO     | __main__:monitor_loop:126 - Persistidos 4 resultados de monitoramento.
2025-07-07 06:45:55.173 | INFO     | __main__:monitor_loop:134 - Tempo de execução do loop: 636.716 ms
==================================================
2025-07-07 06:46:24.557 | INFO     | __main__:ping_device:72 - FER_24G: status=1, sent=4, recv=4, rtt_avg=1 ms
2025-07-07 06:46:24.642 | INFO     | __main__:ping_device:72 - SAMSUNG_S22: status=1, sent=4, recv=4, rtt_avg=22 ms
2025-07-07 06:46:24.725 | INFO     | __main__:ping_device:72 - FACEBOOK: status=1, sent=4, recv=4, rtt_avg=45 ms
2025-07-07 06:46:24.966 | INFO     | __main__:ping_device:72 - WIKIPEDIA: status=1, sent=3, recv=3, rtt_avg=138 ms
2025-07-07 06:46:25.139 | INFO     | __main__:ping_device:72 - GITHUB: status=1, sent=4, recv=4, rtt_avg=148 ms
2025-07-07 06:46:25.165 | INFO     | __main__:ping_device:72 - GOOGLE: status=1, sent=4, recv=4, rtt_avg=155 ms
2025-07-07 06:46:25.182 | INFO     | __main__:monitor_loop:126 - Persistidos 6 resultados de monitoramento.
2025-07-07 06:46:25.183 | INFO     | __main__:monitor_loop:134 - Tempo de execução do loop: 645.042 ms
==================================================
2025-07-07 06:46:54.553 | INFO     | __main__:ping_device:72 - FER_24G: status=1, sent=4, recv=4, rtt_avg=2 ms
2025-07-07 06:46:54.596 | INFO     | __main__:ping_device:72 - CLOUDFLARE: status=1, sent=2, recv=2, rtt_avg=27 ms
2025-07-07 06:46:54.602 | INFO     | __main__:ping_device:72 - SAMSUNG_S22: status=1, sent=4, recv=4, rtt_avg=14 ms
2025-07-07 06:46:55.134 | INFO     | __main__:ping_device:72 - GITHUB: status=1, sent=4, recv=4, rtt_avg=147 ms
2025-07-07 06:46:55.162 | INFO     | __main__:ping_device:72 - GOOGLE: status=1, sent=4, recv=4, rtt_avg=154 ms
2025-07-07 06:46:55.177 | INFO     | __main__:monitor_loop:126 - Persistidos 5 resultados de monitoramento.
2025-07-07 06:46:55.177 | INFO     | __main__:monitor_loop:134 - Tempo de execução do loop: 637.723 ms
==================================================
2025-07-07 06:47:24.543 | INFO     | __main__:monitor_loop:103 - Dispositivos carregados: 7
==================================================
2025-07-07 06:47:24.554 | INFO     | __main__:ping_device:72 - FER_24G: status=1, sent=4, recv=4, rtt_avg=1 ms
2025-07-07 06:47:24.649 | INFO     | __main__:ping_device:72 - SAMSUNG_S22: status=1, sent=4, recv=4, rtt_avg=25 ms
2025-07-07 06:47:24.719 | INFO     | __main__:ping_device:72 - FACEBOOK: status=1, sent=4, recv=4, rtt_avg=43 ms
2025-07-07 06:47:24.953 | INFO     | __main__:ping_device:72 - WIKIPEDIA: status=1, sent=3, recv=3, rtt_avg=135 ms
2025-07-07 06:47:25.132 | INFO     | __main__:ping_device:72 - GITHUB: status=1, sent=4, recv=4, rtt_avg=146 ms
2025-07-07 06:47:25.161 | INFO     | __main__:ping_device:72 - GOOGLE: status=1, sent=4, recv=4, rtt_avg=153 ms
2025-07-07 06:47:25.175 | INFO     | __main__:monitor_loop:126 - Persistidos 6 resultados de monitoramento.
2025-07-07 06:47:25.175 | INFO     | __main__:monitor_loop:134 - Tempo de execução do loop: 635.460 ms
==================================================
2025-07-07 06:47:54.551 | INFO     | __main__:ping_device:72 - FER_24G: status=1, sent=4, recv=4, rtt_avg=1 ms
2025-07-07 06:47:54.563 | INFO     | __main__:ping_device:72 - SAMSUNG_S22: status=1, sent=4, recv=4, rtt_avg=4 ms
2025-07-07 06:47:55.135 | INFO     | __main__:ping_device:72 - GITHUB: status=1, sent=4, recv=4, rtt_avg=147 ms
2025-07-07 06:47:55.163 | INFO     | __main__:ping_device:72 - GOOGLE: status=1, sent=4, recv=4, rtt_avg=154 ms
2025-07-07 06:47:55.168 | INFO     | __main__:monitor_loop:126 - Persistidos 4 resultados de monitoramento.
2025-07-07 06:47:55.168 | INFO     | __main__:monitor_loop:134 - Tempo de execução do loop: 627.673 ms
==================================================
2025-07-07 06:48:24.555 | INFO     | __main__:ping_device:72 - FER_24G: status=1, sent=4, recv=4, rtt_avg=2 ms
2025-07-07 06:48:24.593 | INFO     | __main__:ping_device:72 - SAMSUNG_S22: status=1, sent=4, recv=4, rtt_avg=11 ms
2025-07-07 06:48:24.604 | INFO     | __main__:ping_device:72 - CLOUDFLARE: status=1, sent=2, recv=2, rtt_avg=30 ms
2025-07-07 06:48:24.723 | INFO     | __main__:ping_device:72 - FACEBOOK: status=1, sent=4, recv=4, rtt_avg=44 ms
2025-07-07 06:48:24.959 | INFO     | __main__:ping_device:72 - WIKIPEDIA: status=1, sent=3, recv=3, rtt_avg=137 ms
2025-07-07 06:48:25.138 | INFO     | __main__:ping_device:72 - GITHUB: status=1, sent=4, recv=4, rtt_avg=148 ms
2025-07-07 06:48:25.164 | INFO     | __main__:ping_device:72 - GOOGLE: status=1, sent=4, recv=4, rtt_avg=154 ms
2025-07-07 06:48:25.175 | INFO     | __main__:monitor_loop:126 - Persistidos 7 resultados de monitoramento.
2025-07-07 06:48:25.176 | INFO     | __main__:monitor_loop:134 - Tempo de execução do loop: 634.190 ms
==================================================
2025-07-07 06:48:54.551 | INFO     | __main__:ping_device:72 - FER_24G: status=1, sent=4, recv=4, rtt_avg=1 ms
2025-07-07 06:48:54.593 | INFO     | __main__:ping_device:72 - SAMSUNG_S22: status=1, sent=4, recv=4, rtt_avg=11 ms
2025-07-07 06:48:55.143 | INFO     | __main__:ping_device:72 - GITHUB: status=1, sent=4, recv=4, rtt_avg=149 ms
2025-07-07 06:48:55.167 | INFO     | __main__:ping_device:72 - GOOGLE: status=1, sent=4, recv=4, rtt_avg=154 ms
2025-07-07 06:48:55.180 | INFO     | __main__:monitor_loop:126 - Persistidos 4 resultados de monitoramento.
2025-07-07 06:48:55.180 | INFO     | __main__:monitor_loop:134 - Tempo de execução do loop: 638.069 ms
==================================================
2025-07-07 06:49:24.554 | INFO     | __main__:ping_device:72 - FER_24G: status=1, sent=4, recv=4, rtt_avg=1 ms
2025-07-07 06:49:24.586 | INFO     | __main__:ping_device:72 - SAMSUNG_S22: status=1, sent=4, recv=4, rtt_avg=9 ms
2025-07-07 06:49:24.719 | INFO     | __main__:ping_device:72 - FACEBOOK: status=1, sent=4, recv=4, rtt_avg=43 ms
2025-07-07 06:49:24.958 | INFO     | __main__:ping_device:72 - WIKIPEDIA: status=1, sent=3, recv=3, rtt_avg=137 ms
2025-07-07 06:49:25.138 | INFO     | __main__:ping_device:72 - GITHUB: status=1, sent=4, recv=4, rtt_avg=148 ms
2025-07-07 06:49:25.165 | INFO     | __main__:ping_device:72 - GOOGLE: status=1, sent=4, recv=4, rtt_avg=155 ms
2025-07-07 06:49:25.170 | INFO     | __main__:monitor_loop:126 - Persistidos 6 resultados de monitoramento.
2025-07-07 06:49:25.170 | INFO     | __main__:monitor_loop:134 - Tempo de execução do loop: 627.270 ms
==================================================
2025-07-07 06:49:54.557 | INFO     | __main__:ping_device:72 - FER_24G: status=1, sent=4, recv=4, rtt_avg=2 ms
2025-07-07 06:49:54.600 | INFO     | __main__:ping_device:72 - CLOUDFLARE: status=1, sent=2, recv=2, rtt_avg=27 ms
2025-07-07 06:49:54.639 | INFO     | __main__:ping_device:72 - SAMSUNG_S22: status=1, sent=4, recv=4, rtt_avg=22 ms
2025-07-07 06:49:55.134 | INFO     | __main__:ping_device:72 - GITHUB: status=1, sent=4, recv=4, rtt_avg=146 ms
2025-07-07 06:49:55.161 | INFO     | __main__:ping_device:72 - GOOGLE: status=1, sent=4, recv=4, rtt_avg=153 ms
2025-07-07 06:49:55.166 | INFO     | __main__:monitor_loop:126 - Persistidos 5 resultados de monitoramento.
2025-07-07 06:49:55.166 | INFO     | __main__:monitor_loop:134 - Tempo de execução do loop: 622.299 ms
==================================================
2025-07-07 06:50:24.557 | INFO     | __main__:ping_device:72 - FER_24G: status=1, sent=4, recv=4, rtt_avg=2 ms
2025-07-07 06:50:24.614 | INFO     | __main__:ping_device:72 - SAMSUNG_S22: status=1, sent=4, recv=4, rtt_avg=16 ms
2025-07-07 06:50:24.722 | INFO     | __main__:ping_device:72 - FACEBOOK: status=1, sent=4, recv=4, rtt_avg=43 ms
2025-07-07 06:50:24.960 | INFO     | __main__:ping_device:72 - WIKIPEDIA: status=1, sent=3, recv=3, rtt_avg=137 ms
2025-07-07 06:50:25.139 | INFO     | __main__:ping_device:72 - GITHUB: status=1, sent=4, recv=4, rtt_avg=147 ms
2025-07-07 06:50:25.172 | INFO     | __main__:ping_device:72 - GOOGLE: status=1, sent=4, recv=4, rtt_avg=156 ms
2025-07-07 06:50:25.179 | INFO     | __main__:monitor_loop:126 - Persistidos 6 resultados de monitoramento.
2025-07-07 06:50:25.179 | INFO     | __main__:monitor_loop:134 - Tempo de execução do loop: 635.168 ms
==================================================
2025-07-07 06:50:54.564 | INFO     | __main__:ping_device:72 - FER_24G: status=1, sent=4, recv=4, rtt_avg=3 ms
2025-07-07 06:50:54.602 | INFO     | __main__:ping_device:72 - SAMSUNG_S22: status=1, sent=4, recv=4, rtt_avg=12 ms
2025-07-07 06:50:55.136 | INFO     | __main__:ping_device:72 - GITHUB: status=1, sent=4, recv=4, rtt_avg=146 ms
2025-07-07 06:50:55.163 | INFO     | __main__:ping_device:72 - GOOGLE: status=1, sent=4, recv=4, rtt_avg=153 ms
2025-07-07 06:50:55.169 | INFO     | __main__:monitor_loop:126 - Persistidos 4 resultados de monitoramento.
2025-07-07 06:50:55.169 | INFO     | __main__:monitor_loop:134 - Tempo de execução do loop: 624.763 ms
==================================================
2025-07-07 06:51:24.557 | INFO     | __main__:ping_device:72 - FER_24G: status=1, sent=4, recv=4, rtt_avg=1 ms
2025-07-07 06:51:24.604 | INFO     | __main__:ping_device:72 - CLOUDFLARE: status=1, sent=2, recv=2, rtt_avg=28 ms
2025-07-07 06:51:24.616 | INFO     | __main__:ping_device:72 - SAMSUNG_S22: status=1, sent=4, recv=4, rtt_avg=15 ms
2025-07-07 06:51:24.727 | INFO     | __main__:ping_device:72 - FACEBOOK: status=1, sent=4, recv=4, rtt_avg=44 ms
2025-07-07 06:51:24.968 | INFO     | __main__:ping_device:72 - WIKIPEDIA: status=1, sent=3, recv=3, rtt_avg=138 ms
2025-07-07 06:51:25.145 | INFO     | __main__:ping_device:72 - GITHUB: status=1, sent=4, recv=4, rtt_avg=147 ms
2025-07-07 06:51:25.161 | INFO     | __main__:ping_device:72 - GOOGLE: status=1, sent=4, recv=4, rtt_avg=153 ms
2025-07-07 06:51:25.166 | INFO     | __main__:monitor_loop:126 - Persistidos 7 resultados de monitoramento.
2025-07-07 06:51:25.166 | INFO     | __main__:monitor_loop:134 - Tempo de execução do loop: 621.379 ms
==================================================
2025-07-07 06:51:54.552 | INFO     | __main__:ping_device:72 - FER_24G: status=1, sent=4, recv=4, rtt_avg=1 ms
2025-07-07 06:51:54.585 | INFO     | __main__:ping_device:72 - SAMSUNG_S22: status=1, sent=4, recv=4, rtt_avg=9 ms
2025-07-07 06:51:55.138 | INFO     | __main__:ping_device:72 - GITHUB: status=1, sent=4, recv=4, rtt_avg=147 ms
2025-07-07 06:51:55.167 | INFO     | __main__:ping_device:72 - GOOGLE: status=1, sent=4, recv=4, rtt_avg=154 ms
2025-07-07 06:51:55.173 | INFO     | __main__:monitor_loop:126 - Persistidos 4 resultados de monitoramento.
2025-07-07 06:51:55.173 | INFO     | __main__:monitor_loop:134 - Tempo de execução do loop: 627.811 ms
==================================================
2025-07-07 06:52:24.555 | INFO     | __main__:monitor_loop:103 - Dispositivos carregados: 7
==================================================
2025-07-07 06:52:24.579 | INFO     | __main__:ping_device:72 - FER_24G: status=1, sent=4, recv=4, rtt_avg=3 ms
2025-07-07 06:52:24.635 | INFO     | __main__:ping_device:72 - SAMSUNG_S22: status=1, sent=4, recv=4, rtt_avg=16 ms
2025-07-07 06:52:24.736 | INFO     | __main__:ping_device:72 - FACEBOOK: status=1, sent=4, recv=4, rtt_avg=43 ms
2025-07-07 06:52:24.973 | INFO     | __main__:ping_device:72 - WIKIPEDIA: status=1, sent=3, recv=3, rtt_avg=136 ms
2025-07-07 06:52:25.150 | INFO     | __main__:ping_device:72 - GITHUB: status=1, sent=4, recv=4, rtt_avg=146 ms
2025-07-07 06:52:25.175 | INFO     | __main__:ping_device:72 - GOOGLE: status=1, sent=4, recv=4, rtt_avg=153 ms
2025-07-07 06:52:25.202 | INFO     | __main__:monitor_loop:126 - Persistidos 6 resultados de monitoramento.
2025-07-07 06:52:25.203 | INFO     | __main__:monitor_loop:134 - Tempo de execução do loop: 656.686 ms
==================================================
2025-07-07 06:52:54.561 | INFO     | __main__:ping_device:72 - FER_24G: status=1, sent=4, recv=4, rtt_avg=2 ms
2025-07-07 06:52:54.609 | INFO     | __main__:ping_device:72 - CLOUDFLARE: status=1, sent=2, recv=2, rtt_avg=28 ms
2025-07-07 06:52:54.642 | INFO     | __main__:ping_device:72 - SAMSUNG_S22: status=1, sent=4, recv=4, rtt_avg=21 ms
2025-07-07 06:52:55.140 | INFO     | __main__:ping_device:72 - GITHUB: status=1, sent=4, recv=4, rtt_avg=146 ms
2025-07-07 06:52:55.168 | INFO     | __main__:ping_device:72 - GOOGLE: status=1, sent=4, recv=4, rtt_avg=154 ms
2025-07-07 06:52:55.199 | INFO     | __main__:monitor_loop:126 - Persistidos 5 resultados de monitoramento.
2025-07-07 06:52:55.200 | INFO     | __main__:monitor_loop:134 - Tempo de execução do loop: 652.469 ms
==================================================
2025-07-07 06:53:24.559 | INFO     | __main__:ping_device:72 - FER_24G: status=1, sent=4, recv=4, rtt_avg=1 ms
2025-07-07 06:53:24.646 | INFO     | __main__:ping_device:72 - SAMSUNG_S22: status=1, sent=4, recv=4, rtt_avg=23 ms
2025-07-07 06:53:24.739 | INFO     | __main__:ping_device:72 - FACEBOOK: status=1, sent=4, recv=4, rtt_avg=46 ms
2025-07-07 06:53:24.971 | INFO     | __main__:ping_device:72 - WIKIPEDIA: status=1, sent=3, recv=3, rtt_avg=139 ms
2025-07-07 06:53:25.148 | INFO     | __main__:ping_device:72 - GITHUB: status=1, sent=4, recv=4, rtt_avg=149 ms
2025-07-07 06:53:25.172 | INFO     | __main__:ping_device:72 - GOOGLE: status=1, sent=4, recv=4, rtt_avg=154 ms
2025-07-07 06:53:25.190 | INFO     | __main__:monitor_loop:126 - Persistidos 6 resultados de monitoramento.
2025-07-07 06:53:25.191 | INFO     | __main__:monitor_loop:134 - Tempo de execução do loop: 642.501 ms
==================================================
2025-07-07 06:53:54.568 | INFO     | __main__:ping_device:72 - FER_24G: status=1, sent=4, recv=4, rtt_avg=2 ms
2025-07-07 06:53:54.603 | INFO     | __main__:ping_device:72 - SAMSUNG_S22: status=1, sent=4, recv=4, rtt_avg=10 ms
2025-07-07 06:53:55.146 | INFO     | __main__:ping_device:72 - GITHUB: status=1, sent=4, recv=4, rtt_avg=147 ms
2025-07-07 06:53:55.172 | INFO     | __main__:ping_device:72 - GOOGLE: status=1, sent=4, recv=4, rtt_avg=154 ms
2025-07-07 06:53:55.188 | INFO     | __main__:monitor_loop:126 - Persistidos 4 resultados de monitoramento.
2025-07-07 06:53:55.188 | INFO     | __main__:monitor_loop:134 - Tempo de execução do loop: 637.845 ms
==================================================
2025-07-07 06:54:24.575 | INFO     | __main__:ping_device:72 - FER_24G: status=1, sent=4, recv=4, rtt_avg=2 ms
2025-07-07 06:54:24.615 | INFO     | __main__:ping_device:72 - CLOUDFLARE: status=1, sent=2, recv=2, rtt_avg=29 ms
2025-07-07 06:54:24.645 | INFO     | __main__:ping_device:72 - SAMSUNG_S22: status=1, sent=4, recv=4, rtt_avg=20 ms
2025-07-07 06:54:24.733 | INFO     | __main__:ping_device:72 - FACEBOOK: status=1, sent=4, recv=4, rtt_avg=44 ms
2025-07-07 06:54:24.972 | INFO     | __main__:ping_device:72 - WIKIPEDIA: status=1, sent=3, recv=3, rtt_avg=136 ms
2025-07-07 06:54:25.144 | INFO     | __main__:ping_device:72 - GITHUB: status=1, sent=4, recv=4, rtt_avg=145 ms
2025-07-07 06:54:25.180 | INFO     | __main__:ping_device:72 - GOOGLE: status=1, sent=4, recv=4, rtt_avg=156 ms
2025-07-07 06:54:25.186 | INFO     | __main__:monitor_loop:126 - Persistidos 7 resultados de monitoramento.
2025-07-07 06:54:25.186 | INFO     | __main__:monitor_loop:134 - Tempo de execução do loop: 635.407 ms
==================================================
2025-07-07 06:54:54.576 | INFO     | __main__:ping_device:72 - FER_24G: status=1, sent=4, recv=4, rtt_avg=3 ms
2025-07-07 06:54:54.656 | INFO     | __main__:ping_device:72 - SAMSUNG_S22: status=1, sent=4, recv=4, rtt_avg=23 ms
2025-07-07 06:54:55.147 | INFO     | __main__:ping_device:72 - GITHUB: status=1, sent=4, recv=4, rtt_avg=147 ms
2025-07-07 06:54:55.175 | INFO     | __main__:ping_device:72 - GOOGLE: status=1, sent=4, recv=4, rtt_avg=154 ms
2025-07-07 06:54:55.191 | INFO     | __main__:monitor_loop:126 - Persistidos 4 resultados de monitoramento.
2025-07-07 06:54:55.192 | INFO     | __main__:monitor_loop:134 - Tempo de execução do loop: 640.221 ms
==================================================
2025-07-07 06:55:24.577 | INFO     | __main__:ping_device:72 - FER_24G: status=1, sent=4, recv=4, rtt_avg=2 ms
2025-07-07 06:55:24.621 | INFO     | __main__:ping_device:72 - SAMSUNG_S22: status=1, sent=4, recv=4, rtt_avg=13 ms
2025-07-07 06:55:24.739 | INFO     | __main__:ping_device:72 - FACEBOOK: status=1, sent=4, recv=4, rtt_avg=44 ms
2025-07-07 06:55:24.979 | INFO     | __main__:ping_device:72 - WIKIPEDIA: status=1, sent=3, recv=3, rtt_avg=138 ms
2025-07-07 06:55:25.149 | INFO     | __main__:ping_device:72 - GITHUB: status=1, sent=4, recv=4, rtt_avg=147 ms
2025-07-07 06:55:25.171 | INFO     | __main__:ping_device:72 - GOOGLE: status=1, sent=4, recv=4, rtt_avg=153 ms
2025-07-07 06:55:25.179 | INFO     | __main__:monitor_loop:126 - Persistidos 6 resultados de monitoramento.
2025-07-07 06:55:25.179 | INFO     | __main__:monitor_loop:134 - Tempo de execução do loop: 626.743 ms
==================================================
2025-07-07 06:55:54.574 | INFO     | __main__:ping_device:72 - FER_24G: status=1, sent=4, recv=4, rtt_avg=2 ms
2025-07-07 06:55:54.618 | INFO     | __main__:ping_device:72 - CLOUDFLARE: status=1, sent=2, recv=2, rtt_avg=29 ms
2025-07-07 06:55:54.653 | INFO     | __main__:ping_device:72 - SAMSUNG_S22: status=1, sent=4, recv=4, rtt_avg=22 ms
2025-07-07 06:55:55.155 | INFO     | __main__:ping_device:72 - GITHUB: status=1, sent=4, recv=4, rtt_avg=148 ms
2025-07-07 06:55:55.182 | INFO     | __main__:ping_device:72 - GOOGLE: status=1, sent=4, recv=4, rtt_avg=155 ms
2025-07-07 06:55:55.210 | INFO     | __main__:monitor_loop:126 - Persistidos 5 resultados de monitoramento.
2025-07-07 06:55:55.211 | INFO     | __main__:monitor_loop:134 - Tempo de execução do loop: 656.833 ms
==================================================
2025-07-07 06:56:24.577 | INFO     | __main__:ping_device:72 - FER_24G: status=1, sent=4, recv=4, rtt_avg=2 ms
2025-07-07 06:56:24.628 | INFO     | __main__:ping_device:72 - SAMSUNG_S22: status=1, sent=4, recv=4, rtt_avg=15 ms
2025-07-07 06:56:24.736 | INFO     | __main__:ping_device:72 - FACEBOOK: status=1, sent=4, recv=4, rtt_avg=43 ms
2025-07-07 06:56:24.975 | INFO     | __main__:ping_device:72 - WIKIPEDIA: status=1, sent=3, recv=3, rtt_avg=136 ms
2025-07-07 06:56:25.153 | INFO     | __main__:ping_device:72 - GITHUB: status=1, sent=4, recv=4, rtt_avg=147 ms
2025-07-07 06:56:25.174 | INFO     | __main__:ping_device:72 - GOOGLE: status=1, sent=4, recv=4, rtt_avg=153 ms
2025-07-07 06:56:25.178 | INFO     | __main__:monitor_loop:126 - Persistidos 6 resultados de monitoramento.
2025-07-07 06:56:25.179 | INFO     | __main__:monitor_loop:134 - Tempo de execução do loop: 623.535 ms
==================================================
2025-07-07 06:56:54.565 | INFO     | __main__:ping_device:72 - FER_24G: status=1, sent=4, recv=4, rtt_avg=1 ms
2025-07-07 06:56:54.649 | INFO     | __main__:ping_device:72 - SAMSUNG_S22: status=1, sent=4, recv=4, rtt_avg=21 ms
2025-07-07 06:56:55.156 | INFO     | __main__:ping_device:72 - GITHUB: status=1, sent=4, recv=4, rtt_avg=149 ms
2025-07-07 06:56:55.183 | INFO     | __main__:ping_device:72 - GOOGLE: status=1, sent=4, recv=4, rtt_avg=155 ms
2025-07-07 06:56:55.192 | INFO     | __main__:monitor_loop:126 - Persistidos 4 resultados de monitoramento.
2025-07-07 06:56:55.193 | INFO     | __main__:monitor_loop:134 - Tempo de execução do loop: 636.933 ms
==================================================
2025-07-07 06:57:24.568 | INFO     | __main__:monitor_loop:103 - Dispositivos carregados: 7
==================================================
2025-07-07 06:57:24.584 | INFO     | __main__:ping_device:72 - FER_24G: status=1, sent=4, recv=4, rtt_avg=1 ms
2025-07-07 06:57:24.628 | INFO     | __main__:ping_device:72 - CLOUDFLARE: status=1, sent=2, recv=2, rtt_avg=26 ms
2025-07-07 06:57:24.631 | INFO     | __main__:ping_device:72 - SAMSUNG_S22: status=1, sent=4, recv=4, rtt_avg=13 ms
2025-07-07 06:57:24.751 | INFO     | __main__:ping_device:72 - FACEBOOK: status=1, sent=4, recv=4, rtt_avg=43 ms
2025-07-07 06:57:24.991 | INFO     | __main__:ping_device:72 - WIKIPEDIA: status=1, sent=3, recv=3, rtt_avg=137 ms
2025-07-07 06:57:25.170 | INFO     | __main__:ping_device:72 - GITHUB: status=1, sent=4, recv=4, rtt_avg=148 ms
2025-07-07 06:57:25.193 | INFO     | __main__:ping_device:72 - GOOGLE: status=1, sent=4, recv=4, rtt_avg=154 ms
2025-07-07 06:57:25.206 | INFO     | __main__:monitor_loop:126 - Persistidos 7 resultados de monitoramento.
2025-07-07 06:57:25.206 | INFO     | __main__:monitor_loop:134 - Tempo de execução do loop: 649.735 ms
==================================================
2025-07-07 06:57:54.573 | INFO     | __main__:ping_device:72 - FER_24G: status=1, sent=4, recv=4, rtt_avg=2 ms
2025-07-07 06:57:54.598 | INFO     | __main__:ping_device:72 - SAMSUNG_S22: status=1, sent=4, recv=4, rtt_avg=8 ms
2025-07-07 06:57:55.151 | INFO     | __main__:ping_device:72 - GITHUB: status=1, sent=4, recv=4, rtt_avg=147 ms
2025-07-07 06:57:55.180 | INFO     | __main__:ping_device:72 - GOOGLE: status=1, sent=4, recv=4, rtt_avg=154 ms
2025-07-07 06:57:55.185 | INFO     | __main__:monitor_loop:126 - Persistidos 4 resultados de monitoramento.
2025-07-07 06:57:55.186 | INFO     | __main__:monitor_loop:134 - Tempo de execução do loop: 628.378 ms
==================================================
2025-07-07 06:58:24.575 | INFO     | __main__:ping_device:72 - FER_24G: status=1, sent=4, recv=4, rtt_avg=3 ms
2025-07-07 06:58:24.607 | INFO     | __main__:ping_device:72 - SAMSUNG_S22: status=1, sent=4, recv=4, rtt_avg=10 ms
2025-07-07 06:58:24.742 | INFO     | __main__:ping_device:72 - FACEBOOK: status=1, sent=4, recv=4, rtt_avg=44 ms
2025-07-07 06:58:24.978 | INFO     | __main__:ping_device:72 - WIKIPEDIA: status=1, sent=3, recv=3, rtt_avg=138 ms
2025-07-07 06:58:25.156 | INFO     | __main__:ping_device:72 - GITHUB: status=1, sent=4, recv=4, rtt_avg=148 ms
2025-07-07 06:58:25.177 | INFO     | __main__:ping_device:72 - GOOGLE: status=1, sent=4, recv=4, rtt_avg=153 ms
2025-07-07 06:58:25.189 | INFO     | __main__:monitor_loop:126 - Persistidos 6 resultados de monitoramento.
2025-07-07 06:58:25.189 | INFO     | __main__:monitor_loop:134 - Tempo de execução do loop: 631.133 ms
==================================================
2025-07-07 06:58:54.579 | INFO     | __main__:ping_device:72 - FER_24G: status=1, sent=4, recv=4, rtt_avg=2 ms
2025-07-07 06:58:54.610 | INFO     | __main__:ping_device:72 - SAMSUNG_S22: status=1, sent=4, recv=4, rtt_avg=9 ms
2025-07-07 06:58:54.618 | INFO     | __main__:ping_device:72 - CLOUDFLARE: status=1, sent=2, recv=2, rtt_avg=26 ms
2025-07-07 06:58:55.158 | INFO     | __main__:ping_device:72 - GITHUB: status=1, sent=4, recv=4, rtt_avg=147 ms
2025-07-07 06:58:55.181 | INFO     | __main__:ping_device:72 - GOOGLE: status=1, sent=4, recv=4, rtt_avg=154 ms
2025-07-07 06:58:55.197 | INFO     | __main__:monitor_loop:126 - Persistidos 5 resultados de monitoramento.
2025-07-07 06:58:55.197 | INFO     | __main__:monitor_loop:134 - Tempo de execução do loop: 637.637 ms
==================================================
2025-07-07 06:59:24.568 | INFO     | __main__:ping_device:72 - FER_24G: status=1, sent=4, recv=4, rtt_avg=1 ms
2025-07-07 06:59:24.743 | INFO     | __main__:ping_device:72 - FACEBOOK: status=1, sent=4, recv=4, rtt_avg=45 ms
2025-07-07 06:59:24.958 | INFO     | __main__:ping_device:72 - SAMSUNG_S22: status=1, sent=4, recv=4, rtt_avg=98 ms
2025-07-07 06:59:24.978 | INFO     | __main__:ping_device:72 - WIKIPEDIA: status=1, sent=3, recv=3, rtt_avg=138 ms
2025-07-07 06:59:25.152 | INFO     | __main__:ping_device:72 - GITHUB: status=1, sent=4, recv=4, rtt_avg=147 ms
2025-07-07 06:59:25.176 | INFO     | __main__:ping_device:72 - GOOGLE: status=1, sent=4, recv=4, rtt_avg=153 ms
2025-07-07 06:59:25.181 | INFO     | __main__:monitor_loop:126 - Persistidos 6 resultados de monitoramento.
2025-07-07 06:59:25.181 | INFO     | __main__:monitor_loop:134 - Tempo de execução do loop: 621.172 ms
==================================================
2025-07-07 06:59:54.581 | INFO     | __main__:ping_device:72 - FER_24G: status=1, sent=4, recv=4, rtt_avg=3 ms
2025-07-07 06:59:54.634 | INFO     | __main__:ping_device:72 - SAMSUNG_S22: status=1, sent=4, recv=4, rtt_avg=15 ms
2025-07-07 06:59:55.173 | INFO     | __main__:ping_device:72 - GITHUB: status=1, sent=4, recv=4, rtt_avg=151 ms
2025-07-07 06:59:55.199 | INFO     | __main__:ping_device:72 - GOOGLE: status=1, sent=4, recv=4, rtt_avg=158 ms
2025-07-07 06:59:55.215 | INFO     | __main__:monitor_loop:126 - Persistidos 4 resultados de monitoramento.
2025-07-07 06:59:55.216 | INFO     | __main__:monitor_loop:134 - Tempo de execução do loop: 655.595 ms
==================================================
2025-07-07 07:00:24.586 | INFO     | __main__:ping_device:72 - FER_24G: status=1, sent=4, recv=4, rtt_avg=2 ms
2025-07-07 07:00:24.625 | INFO     | __main__:ping_device:72 - CLOUDFLARE: status=1, sent=2, recv=2, rtt_avg=28 ms
2025-07-07 07:00:24.637 | INFO     | __main__:ping_device:72 - SAMSUNG_S22: status=1, sent=4, recv=4, rtt_avg=15 ms
2025-07-07 07:00:24.745 | INFO     | __main__:ping_device:72 - FACEBOOK: status=1, sent=4, recv=4, rtt_avg=44 ms
2025-07-07 07:00:24.981 | INFO     | __main__:ping_device:72 - WIKIPEDIA: status=1, sent=3, recv=3, rtt_avg=136 ms
2025-07-07 07:00:25.165 | INFO     | __main__:ping_device:72 - GITHUB: status=1, sent=4, recv=4, rtt_avg=148 ms
2025-07-07 07:00:25.186 | INFO     | __main__:ping_device:72 - GOOGLE: status=1, sent=4, recv=4, rtt_avg=154 ms
2025-07-07 07:00:25.215 | INFO     | __main__:monitor_loop:126 - Persistidos 7 resultados de monitoramento.
2025-07-07 07:00:25.215 | INFO     | __main__:monitor_loop:134 - Tempo de execução do loop: 653.703 ms
==================================================
2025-07-07 07:00:54.580 | INFO     | __main__:ping_device:72 - FER_24G: status=1, sent=4, recv=4, rtt_avg=2 ms
2025-07-07 07:00:54.631 | INFO     | __main__:ping_device:72 - SAMSUNG_S22: status=1, sent=4, recv=4, rtt_avg=15 ms
2025-07-07 07:00:55.160 | INFO     | __main__:ping_device:72 - GITHUB: status=1, sent=4, recv=4, rtt_avg=147 ms
2025-07-07 07:00:55.189 | INFO     | __main__:ping_device:72 - GOOGLE: status=1, sent=4, recv=4, rtt_avg=155 ms
2025-07-07 07:00:55.195 | INFO     | __main__:monitor_loop:126 - Persistidos 4 resultados de monitoramento.
2025-07-07 07:00:55.195 | INFO     | __main__:monitor_loop:134 - Tempo de execução do loop: 632.339 ms
==================================================
2025-07-07 07:01:24.586 | INFO     | __main__:ping_device:72 - FER_24G: status=1, sent=4, recv=4, rtt_avg=2 ms
2025-07-07 07:01:24.601 | INFO     | __main__:ping_device:72 - SAMSUNG_S22: status=1, sent=4, recv=4, rtt_avg=5 ms
2025-07-07 07:01:24.749 | INFO     | __main__:ping_device:72 - FACEBOOK: status=1, sent=4, recv=4, rtt_avg=44 ms
2025-07-07 07:01:24.985 | INFO     | __main__:ping_device:72 - WIKIPEDIA: status=1, sent=3, recv=3, rtt_avg=137 ms
2025-07-07 07:01:25.161 | INFO     | __main__:ping_device:72 - GITHUB: status=1, sent=4, recv=4, rtt_avg=147 ms
2025-07-07 07:01:25.186 | INFO     | __main__:ping_device:72 - GOOGLE: status=1, sent=4, recv=4, rtt_avg=154 ms
2025-07-07 07:01:25.204 | INFO     | __main__:monitor_loop:126 - Persistidos 6 resultados de monitoramento.
2025-07-07 07:01:25.205 | INFO     | __main__:monitor_loop:134 - Tempo de execução do loop: 641.335 ms
==================================================
2025-07-07 07:01:54.584 | INFO     | __main__:ping_device:72 - FER_24G: status=1, sent=4, recv=4, rtt_avg=2 ms
2025-07-07 07:01:54.630 | INFO     | __main__:ping_device:72 - CLOUDFLARE: status=1, sent=2, recv=2, rtt_avg=30 ms
2025-07-07 07:01:54.640 | INFO     | __main__:ping_device:72 - SAMSUNG_S22: status=1, sent=4, recv=4, rtt_avg=15 ms
2025-07-07 07:01:55.165 | INFO     | __main__:ping_device:72 - GITHUB: status=1, sent=4, recv=4, rtt_avg=147 ms
2025-07-07 07:01:55.187 | INFO     | __main__:ping_device:72 - GOOGLE: status=1, sent=4, recv=4, rtt_avg=154 ms
2025-07-07 07:01:55.210 | INFO     | __main__:monitor_loop:126 - Persistidos 5 resultados de monitoramento.
2025-07-07 07:01:55.211 | INFO     | __main__:monitor_loop:134 - Tempo de execução do loop: 646.223 ms
==================================================
2025-07-07 07:02:24.578 | INFO     | __main__:monitor_loop:103 - Dispositivos carregados: 7
==================================================
2025-07-07 07:02:24.592 | INFO     | __main__:ping_device:72 - FER_24G: status=1, sent=4, recv=4, rtt_avg=1 ms
2025-07-07 07:02:24.602 | INFO     | __main__:ping_device:72 - SAMSUNG_S22: status=1, sent=4, recv=4, rtt_avg=3 ms
2025-07-07 07:02:24.769 | INFO     | __main__:ping_device:72 - FACEBOOK: status=1, sent=4, recv=4, rtt_avg=45 ms
2025-07-07 07:02:25.027 | INFO     | __main__:ping_device:72 - WIKIPEDIA: status=1, sent=3, recv=3, rtt_avg=146 ms
2025-07-07 07:02:25.190 | INFO     | __main__:ping_device:72 - GITHUB: status=1, sent=4, recv=4, rtt_avg=150 ms
2025-07-07 07:02:25.225 | INFO     | __main__:ping_device:72 - GOOGLE: status=1, sent=4, recv=4, rtt_avg=160 ms
2025-07-07 07:02:25.244 | INFO     | __main__:monitor_loop:126 - Persistidos 6 resultados de monitoramento.
2025-07-07 07:02:25.244 | INFO     | __main__:monitor_loop:134 - Tempo de execução do loop: 678.214 ms
==================================================
2025-07-07 07:02:54.584 | INFO     | __main__:ping_device:72 - FER_24G: status=1, sent=4, recv=4, rtt_avg=2 ms
2025-07-07 07:02:54.867 | INFO     | __main__:ping_device:72 - SAMSUNG_S22: status=1, sent=4, recv=4, rtt_avg=72 ms
2025-07-07 07:02:55.168 | INFO     | __main__:ping_device:72 - GITHUB: status=1, sent=4, recv=4, rtt_avg=148 ms
2025-07-07 07:02:55.191 | INFO     | __main__:ping_device:72 - GOOGLE: status=1, sent=4, recv=4, rtt_avg=154 ms
2025-07-07 07:02:55.201 | INFO     | __main__:monitor_loop:126 - Persistidos 4 resultados de monitoramento.
2025-07-07 07:02:55.201 | INFO     | __main__:monitor_loop:134 - Tempo de execução do loop: 634.536 ms
==================================================
2025-07-07 07:03:24.591 | INFO     | __main__:ping_device:72 - FER_24G: status=1, sent=4, recv=4, rtt_avg=2 ms
2025-07-07 07:03:24.629 | INFO     | __main__:ping_device:72 - CLOUDFLARE: status=1, sent=2, recv=2, rtt_avg=27 ms
2025-07-07 07:03:24.749 | INFO     | __main__:ping_device:72 - FACEBOOK: status=1, sent=4, recv=4, rtt_avg=43 ms
2025-07-07 07:03:24.865 | INFO     | __main__:ping_device:72 - SAMSUNG_S22: status=1, sent=4, recv=4, rtt_avg=70 ms
2025-07-07 07:03:24.986 | INFO     | __main__:ping_device:72 - WIKIPEDIA: status=1, sent=3, recv=3, rtt_avg=135 ms
2025-07-07 07:03:25.163 | INFO     | __main__:ping_device:72 - GITHUB: status=1, sent=4, recv=4, rtt_avg=146 ms
2025-07-07 07:03:25.194 | INFO     | __main__:ping_device:72 - GOOGLE: status=1, sent=4, recv=4, rtt_avg=155 ms
2025-07-07 07:03:25.223 | INFO     | __main__:monitor_loop:126 - Persistidos 7 resultados de monitoramento.
2025-07-07 07:03:25.223 | INFO     | __main__:monitor_loop:134 - Tempo de execução do loop: 655.930 ms
==================================================
2025-07-07 07:03:54.576 | INFO     | __main__:ping_device:72 - FER_24G: status=1, sent=4, recv=4, rtt_avg=1 ms
2025-07-07 07:03:55.052 | INFO     | __main__:ping_device:72 - SAMSUNG_S22: status=1, sent=4, recv=4, rtt_avg=119 ms
2025-07-07 07:03:55.164 | INFO     | __main__:ping_device:72 - GITHUB: status=1, sent=4, recv=4, rtt_avg=147 ms
2025-07-07 07:03:55.200 | INFO     | __main__:ping_device:72 - GOOGLE: status=1, sent=4, recv=4, rtt_avg=156 ms
2025-07-07 07:03:55.210 | INFO     | __main__:monitor_loop:126 - Persistidos 4 resultados de monitoramento.
2025-07-07 07:03:55.210 | INFO     | __main__:monitor_loop:134 - Tempo de execução do loop: 641.698 ms
==================================================
2025-07-07 07:04:24.587 | INFO     | __main__:ping_device:72 - FER_24G: status=1, sent=4, recv=4, rtt_avg=2 ms
2025-07-07 07:04:24.750 | INFO     | __main__:ping_device:72 - FACEBOOK: status=1, sent=4, recv=4, rtt_avg=43 ms
2025-07-07 07:04:24.990 | INFO     | __main__:ping_device:72 - WIKIPEDIA: status=1, sent=3, recv=3, rtt_avg=137 ms
2025-07-07 07:04:25.017 | INFO     | __main__:ping_device:72 - SAMSUNG_S22: status=1, sent=4, recv=4, rtt_avg=109 ms
2025-07-07 07:04:25.168 | INFO     | __main__:ping_device:72 - GITHUB: status=1, sent=4, recv=4, rtt_avg=147 ms
2025-07-07 07:04:25.194 | INFO     | __main__:ping_device:72 - GOOGLE: status=1, sent=4, recv=4, rtt_avg=154 ms
2025-07-07 07:04:25.214 | INFO     | __main__:monitor_loop:126 - Persistidos 6 resultados de monitoramento.
2025-07-07 07:04:25.214 | INFO     | __main__:monitor_loop:134 - Tempo de execução do loop: 645.075 ms
==================================================
2025-07-07 07:04:54.581 | INFO     | __main__:ping_device:72 - FER_24G: status=1, sent=4, recv=4, rtt_avg=1 ms
2025-07-07 07:04:54.635 | INFO     | __main__:ping_device:72 - CLOUDFLARE: status=1, sent=2, recv=2, rtt_avg=31 ms
2025-07-07 07:04:54.983 | INFO     | __main__:ping_device:72 - SAMSUNG_S22: status=1, sent=4, recv=4, rtt_avg=101 ms
2025-07-07 07:04:55.171 | INFO     | __main__:ping_device:72 - GITHUB: status=1, sent=4, recv=4, rtt_avg=148 ms
2025-07-07 07:04:55.190 | INFO     | __main__:ping_device:72 - GOOGLE: status=1, sent=4, recv=4, rtt_avg=153 ms
2025-07-07 07:04:55.202 | INFO     | __main__:monitor_loop:126 - Persistidos 5 resultados de monitoramento.
2025-07-07 07:04:55.202 | INFO     | __main__:monitor_loop:134 - Tempo de execução do loop: 632.364 ms
==================================================
2025-07-07 07:05:24.594 | INFO     | __main__:ping_device:72 - FER_24G: status=1, sent=4, recv=4, rtt_avg=2 ms
2025-07-07 07:05:24.748 | INFO     | __main__:ping_device:72 - SAMSUNG_S22: status=1, sent=4, recv=4, rtt_avg=41 ms
2025-07-07 07:05:24.757 | INFO     | __main__:ping_device:72 - FACEBOOK: status=1, sent=4, recv=4, rtt_avg=45 ms
2025-07-07 07:05:24.991 | INFO     | __main__:ping_device:72 - WIKIPEDIA: status=1, sent=3, recv=3, rtt_avg=137 ms
2025-07-07 07:05:25.170 | INFO     | __main__:ping_device:72 - GITHUB: status=1, sent=4, recv=4, rtt_avg=147 ms
2025-07-07 07:05:25.190 | INFO     | __main__:ping_device:72 - GOOGLE: status=1, sent=4, recv=4, rtt_avg=153 ms
2025-07-07 07:05:25.205 | INFO     | __main__:monitor_loop:126 - Persistidos 6 resultados de monitoramento.
2025-07-07 07:05:25.205 | INFO     | __main__:monitor_loop:134 - Tempo de execução do loop: 634.531 ms
==================================================
2025-07-07 07:05:54.583 | INFO     | __main__:ping_device:72 - FER_24G: status=1, sent=4, recv=4, rtt_avg=2 ms
2025-07-07 07:05:55.167 | INFO     | __main__:ping_device:72 - GITHUB: status=1, sent=4, recv=4, rtt_avg=148 ms
2025-07-07 07:05:55.191 | INFO     | __main__:ping_device:72 - GOOGLE: status=1, sent=4, recv=4, rtt_avg=154 ms
2025-07-07 07:05:58.457 | INFO     | __main__:ping_device:72 - SAMSUNG_S22: status=0, sent=4, recv=0, rtt_avg=None ms
2025-07-07 07:05:58.491 | INFO     | __main__:monitor_loop:126 - Persistidos 4 resultados de monitoramento.
2025-07-07 07:05:58.491 | INFO     | __main__:monitor_loop:134 - Tempo de execução do loop: 3920.006 ms
==================================================
2025-07-07 07:06:24.594 | INFO     | __main__:ping_device:72 - FER_24G: status=1, sent=4, recv=4, rtt_avg=2 ms
2025-07-07 07:06:24.637 | INFO     | __main__:ping_device:72 - CLOUDFLARE: status=1, sent=2, recv=2, rtt_avg=29 ms
2025-07-07 07:06:24.753 | INFO     | __main__:ping_device:72 - FACEBOOK: status=1, sent=4, recv=4, rtt_avg=43 ms
2025-07-07 07:06:24.992 | INFO     | __main__:ping_device:72 - WIKIPEDIA: status=1, sent=3, recv=3, rtt_avg=136 ms
2025-07-07 07:06:25.188 | INFO     | __main__:ping_device:72 - GITHUB: status=1, sent=4, recv=4, rtt_avg=151 ms
2025-07-07 07:06:26.059 | INFO     | __main__:ping_device:72 - GOOGLE: status=1, sent=4, recv=3, rtt_avg=156 ms
2025-07-07 07:06:27.565 | INFO     | __main__:ping_device:72 - SAMSUNG_S22: status=1, sent=4, recv=1, rtt_avg=108 ms
2025-07-07 07:06:27.582 | INFO     | __main__:monitor_loop:126 - Persistidos 7 resultados de monitoramento.
2025-07-07 07:06:27.582 | INFO     | __main__:monitor_loop:134 - Tempo de execução do loop: 3008.793 ms
==================================================
2025-07-07 07:06:54.583 | INFO     | __main__:ping_device:72 - FER_24G: status=1, sent=4, recv=4, rtt_avg=1 ms
2025-07-07 07:06:54.790 | INFO     | __main__:ping_device:72 - SAMSUNG_S22: status=1, sent=4, recv=4, rtt_avg=53 ms
2025-07-07 07:06:55.172 | INFO     | __main__:ping_device:72 - GITHUB: status=1, sent=4, recv=4, rtt_avg=148 ms
2025-07-07 07:06:55.199 | INFO     | __main__:ping_device:72 - GOOGLE: status=1, sent=4, recv=4, rtt_avg=155 ms
2025-07-07 07:06:55.204 | INFO     | __main__:monitor_loop:126 - Persistidos 4 resultados de monitoramento.
2025-07-07 07:06:55.204 | INFO     | __main__:monitor_loop:134 - Tempo de execução do loop: 630.264 ms
==================================================
2025-07-07 07:07:24.582 | INFO     | __main__:monitor_loop:103 - Dispositivos carregados: 7
==================================================
2025-07-07 07:07:24.592 | INFO     | __main__:ping_device:72 - FER_24G: status=1, sent=4, recv=4, rtt_avg=1 ms
2025-07-07 07:07:24.765 | INFO     | __main__:ping_device:72 - FACEBOOK: status=1, sent=4, recv=4, rtt_avg=45 ms
2025-07-07 07:07:25.000 | INFO     | __main__:ping_device:72 - WIKIPEDIA: status=1, sent=3, recv=3, rtt_avg=138 ms
2025-07-07 07:07:25.059 | INFO     | __main__:ping_device:72 - SAMSUNG_S22: status=1, sent=4, recv=4, rtt_avg=117 ms
2025-07-07 07:07:25.178 | INFO     | __main__:ping_device:72 - GITHUB: status=1, sent=4, recv=4, rtt_avg=148 ms
2025-07-07 07:07:25.206 | INFO     | __main__:ping_device:72 - GOOGLE: status=1, sent=4, recv=4, rtt_avg=155 ms
2025-07-07 07:07:25.226 | INFO     | __main__:monitor_loop:126 - Persistidos 6 resultados de monitoramento.
2025-07-07 07:07:25.227 | INFO     | __main__:monitor_loop:134 - Tempo de execução do loop: 653.437 ms
==================================================
2025-07-07 07:07:54.587 | INFO     | __main__:ping_device:72 - FER_24G: status=1, sent=4, recv=4, rtt_avg=2 ms
2025-07-07 07:07:54.632 | INFO     | __main__:ping_device:72 - CLOUDFLARE: status=1, sent=2, recv=2, rtt_avg=27 ms
2025-07-07 07:07:54.754 | INFO     | __main__:ping_device:72 - SAMSUNG_S22: status=1, sent=4, recv=4, rtt_avg=43 ms
2025-07-07 07:07:55.169 | INFO     | __main__:ping_device:72 - GITHUB: status=1, sent=4, recv=4, rtt_avg=147 ms
2025-07-07 07:07:55.195 | INFO     | __main__:ping_device:72 - GOOGLE: status=1, sent=4, recv=4, rtt_avg=154 ms
2025-07-07 07:07:55.225 | INFO     | __main__:monitor_loop:126 - Persistidos 5 resultados de monitoramento.
2025-07-07 07:07:55.226 | INFO     | __main__:monitor_loop:134 - Tempo de execução do loop: 650.543 ms
==================================================
2025-07-07 07:08:24.594 | INFO     | __main__:ping_device:72 - FER_24G: status=1, sent=4, recv=4, rtt_avg=2 ms
2025-07-07 07:08:24.759 | INFO     | __main__:ping_device:72 - FACEBOOK: status=1, sent=4, recv=4, rtt_avg=44 ms
2025-07-07 07:08:24.994 | INFO     | __main__:ping_device:72 - WIKIPEDIA: status=1, sent=3, recv=3, rtt_avg=137 ms
2025-07-07 07:08:25.082 | INFO     | __main__:ping_device:72 - SAMSUNG_S22: status=1, sent=4, recv=4, rtt_avg=124 ms
2025-07-07 07:08:25.172 | INFO     | __main__:ping_device:72 - GITHUB: status=1, sent=4, recv=4, rtt_avg=147 ms
2025-07-07 07:08:25.199 | INFO     | __main__:ping_device:72 - GOOGLE: status=1, sent=4, recv=4, rtt_avg=154 ms
2025-07-07 07:08:25.217 | INFO     | __main__:monitor_loop:126 - Persistidos 6 resultados de monitoramento.
2025-07-07 07:08:25.218 | INFO     | __main__:monitor_loop:134 - Tempo de execução do loop: 641.449 ms
==================================================
2025-07-07 07:08:54.587 | INFO     | __main__:ping_device:72 - FER_24G: status=1, sent=4, recv=4, rtt_avg=1 ms
2025-07-07 07:08:54.877 | INFO     | __main__:ping_device:72 - SAMSUNG_S22: status=1, sent=4, recv=4, rtt_avg=73 ms
2025-07-07 07:08:55.170 | INFO     | __main__:ping_device:72 - GITHUB: status=1, sent=4, recv=4, rtt_avg=147 ms
2025-07-07 07:08:55.196 | INFO     | __main__:ping_device:72 - GOOGLE: status=1, sent=4, recv=4, rtt_avg=153 ms
2025-07-07 07:08:55.201 | INFO     | __main__:monitor_loop:126 - Persistidos 4 resultados de monitoramento.
2025-07-07 07:08:55.201 | INFO     | __main__:monitor_loop:134 - Tempo de execução do loop: 622.621 ms
==================================================
2025-07-07 07:09:24.588 | INFO     | __main__:ping_device:72 - FER_24G: status=1, sent=4, recv=4, rtt_avg=1 ms
2025-07-07 07:09:24.639 | INFO     | __main__:ping_device:72 - CLOUDFLARE: status=1, sent=2, recv=2, rtt_avg=28 ms
2025-07-07 07:09:24.761 | INFO     | __main__:ping_device:72 - FACEBOOK: status=1, sent=4, recv=4, rtt_avg=44 ms
2025-07-07 07:09:24.937 | INFO     | __main__:ping_device:72 - SAMSUNG_S22: status=1, sent=4, recv=4, rtt_avg=88 ms
2025-07-07 07:09:24.999 | INFO     | __main__:ping_device:72 - WIKIPEDIA: status=1, sent=3, recv=3, rtt_avg=138 ms
2025-07-07 07:09:25.178 | INFO     | __main__:ping_device:72 - GITHUB: status=1, sent=4, recv=4, rtt_avg=148 ms
2025-07-07 07:09:25.197 | INFO     | __main__:ping_device:72 - GOOGLE: status=1, sent=4, recv=4, rtt_avg=153 ms
2025-07-07 07:09:25.202 | INFO     | __main__:monitor_loop:126 - Persistidos 7 resultados de monitoramento.
2025-07-07 07:09:25.202 | INFO     | __main__:monitor_loop:134 - Tempo de execução do loop: 623.637 ms
==================================================
2025-07-07 07:09:54.587 | INFO     | __main__:ping_device:72 - FER_24G: status=1, sent=4, recv=4, rtt_avg=1 ms
2025-07-07 07:09:54.888 | INFO     | __main__:ping_device:72 - SAMSUNG_S22: status=1, sent=4, recv=4, rtt_avg=75 ms
2025-07-07 07:09:55.178 | INFO     | __main__:ping_device:72 - GITHUB: status=1, sent=4, recv=4, rtt_avg=148 ms
2025-07-07 07:09:55.198 | INFO     | __main__:ping_device:72 - GOOGLE: status=1, sent=4, recv=4, rtt_avg=153 ms
2025-07-07 07:09:55.213 | INFO     | __main__:monitor_loop:126 - Persistidos 4 resultados de monitoramento.
2025-07-07 07:09:55.214 | INFO     | __main__:monitor_loop:134 - Tempo de execução do loop: 634.192 ms
==================================================
2025-07-07 07:10:24.587 | INFO     | __main__:ping_device:72 - FER_24G: status=1, sent=4, recv=4, rtt_avg=0 ms
2025-07-07 07:10:24.764 | INFO     | __main__:ping_device:72 - FACEBOOK: status=1, sent=4, recv=4, rtt_avg=45 ms
2025-07-07 07:10:24.901 | INFO     | __main__:ping_device:72 - SAMSUNG_S22: status=1, sent=4, recv=4, rtt_avg=79 ms
2025-07-07 07:10:24.998 | INFO     | __main__:ping_device:72 - WIKIPEDIA: status=1, sent=3, recv=3, rtt_avg=137 ms
2025-07-07 07:10:25.180 | INFO     | __main__:ping_device:72 - GITHUB: status=1, sent=4, recv=4, rtt_avg=148 ms
2025-07-07 07:10:25.203 | INFO     | __main__:ping_device:72 - GOOGLE: status=1, sent=4, recv=4, rtt_avg=155 ms
2025-07-07 07:10:25.221 | INFO     | __main__:monitor_loop:126 - Persistidos 6 resultados de monitoramento.
2025-07-07 07:10:25.221 | INFO     | __main__:monitor_loop:134 - Tempo de execução do loop: 641.034 ms
==================================================
2025-07-07 07:10:54.589 | INFO     | __main__:ping_device:72 - FER_24G: status=1, sent=4, recv=4, rtt_avg=1 ms
2025-07-07 07:10:54.642 | INFO     | __main__:ping_device:72 - CLOUDFLARE: status=1, sent=2, recv=2, rtt_avg=29 ms
2025-07-07 07:10:55.113 | INFO     | __main__:ping_device:72 - SAMSUNG_S22: status=1, sent=4, recv=4, rtt_avg=131 ms
2025-07-07 07:10:55.186 | INFO     | __main__:ping_device:72 - GITHUB: status=1, sent=4, recv=4, rtt_avg=150 ms
2025-07-07 07:10:55.207 | INFO     | __main__:ping_device:72 - GOOGLE: status=1, sent=4, recv=4, rtt_avg=155 ms
2025-07-07 07:10:55.225 | INFO     | __main__:monitor_loop:126 - Persistidos 5 resultados de monitoramento.
2025-07-07 07:10:55.226 | INFO     | __main__:monitor_loop:134 - Tempo de execução do loop: 645.050 ms
==================================================
2025-07-07 07:11:24.591 | INFO     | __main__:ping_device:72 - FER_24G: status=1, sent=4, recv=4, rtt_avg=1 ms
2025-07-07 07:11:24.761 | INFO     | __main__:ping_device:72 - FACEBOOK: status=1, sent=4, recv=4, rtt_avg=43 ms
2025-07-07 07:11:25.003 | INFO     | __main__:ping_device:72 - WIKIPEDIA: status=1, sent=3, recv=3, rtt_avg=138 ms
2025-07-07 07:11:25.011 | INFO     | __main__:ping_device:72 - SAMSUNG_S22: status=1, sent=4, recv=4, rtt_avg=106 ms
2025-07-07 07:11:25.177 | INFO     | __main__:ping_device:72 - GITHUB: status=1, sent=4, recv=4, rtt_avg=147 ms
2025-07-07 07:11:25.208 | INFO     | __main__:ping_device:72 - GOOGLE: status=1, sent=4, recv=4, rtt_avg=155 ms
2025-07-07 07:11:25.224 | INFO     | __main__:monitor_loop:126 - Persistidos 6 resultados de monitoramento.
2025-07-07 07:11:25.225 | INFO     | __main__:monitor_loop:134 - Tempo de execução do loop: 642.325 ms
==================================================
2025-07-07 07:11:54.601 | INFO     | __main__:ping_device:72 - FER_24G: status=1, sent=4, recv=4, rtt_avg=2 ms
2025-07-07 07:11:54.863 | INFO     | __main__:ping_device:72 - SAMSUNG_S22: status=1, sent=4, recv=4, rtt_avg=67 ms
2025-07-07 07:11:55.186 | INFO     | __main__:ping_device:72 - GITHUB: status=1, sent=4, recv=4, rtt_avg=148 ms
2025-07-07 07:11:55.210 | INFO     | __main__:ping_device:72 - GOOGLE: status=1, sent=4, recv=4, rtt_avg=155 ms
2025-07-07 07:11:55.219 | INFO     | __main__:monitor_loop:126 - Persistidos 4 resultados de monitoramento.
2025-07-07 07:11:55.219 | INFO     | __main__:monitor_loop:134 - Tempo de execução do loop: 635.078 ms
==================================================
2025-07-07 07:12:24.595 | INFO     | __main__:monitor_loop:103 - Dispositivos carregados: 7
==================================================
2025-07-07 07:12:24.611 | INFO     | __main__:ping_device:72 - FER_24G: status=1, sent=4, recv=4, rtt_avg=1 ms
2025-07-07 07:12:24.659 | INFO     | __main__:ping_device:72 - CLOUDFLARE: status=1, sent=2, recv=2, rtt_avg=28 ms
2025-07-07 07:12:24.786 | INFO     | __main__:ping_device:72 - FACEBOOK: status=1, sent=4, recv=4, rtt_avg=45 ms
2025-07-07 07:12:24.943 | INFO     | __main__:ping_device:72 - SAMSUNG_S22: status=1, sent=4, recv=4, rtt_avg=84 ms
2025-07-07 07:12:25.020 | INFO     | __main__:ping_device:72 - WIKIPEDIA: status=1, sent=3, recv=3, rtt_avg=138 ms
2025-07-07 07:12:25.195 | INFO     | __main__:ping_device:72 - GITHUB: status=1, sent=4, recv=4, rtt_avg=147 ms
2025-07-07 07:12:25.218 | INFO     | __main__:ping_device:72 - GOOGLE: status=1, sent=4, recv=4, rtt_avg=154 ms
2025-07-07 07:12:25.222 | INFO     | __main__:monitor_loop:126 - Persistidos 7 resultados de monitoramento.
2025-07-07 07:12:25.222 | INFO     | __main__:monitor_loop:134 - Tempo de execução do loop: 638.310 ms
==================================================
2025-07-07 07:12:54.602 | INFO     | __main__:ping_device:72 - FER_24G: status=1, sent=4, recv=4, rtt_avg=2 ms
2025-07-07 07:12:54.617 | INFO     | __main__:ping_device:72 - SAMSUNG_S22: status=1, sent=4, recv=4, rtt_avg=5 ms
2025-07-07 07:12:55.185 | INFO     | __main__:ping_device:72 - GITHUB: status=1, sent=4, recv=4, rtt_avg=148 ms
2025-07-07 07:12:55.206 | INFO     | __main__:ping_device:72 - GOOGLE: status=1, sent=4, recv=4, rtt_avg=153 ms
2025-07-07 07:12:55.210 | INFO     | __main__:monitor_loop:126 - Persistidos 4 resultados de monitoramento.
2025-07-07 07:12:55.211 | INFO     | __main__:monitor_loop:134 - Tempo de execução do loop: 625.891 ms
==================================================
2025-07-07 07:13:24.611 | INFO     | __main__:ping_device:72 - FER_24G: status=1, sent=4, recv=4, rtt_avg=3 ms
2025-07-07 07:13:24.765 | INFO     | __main__:ping_device:72 - FACEBOOK: status=1, sent=4, recv=4, rtt_avg=43 ms
2025-07-07 07:13:24.923 | INFO     | __main__:ping_device:72 - SAMSUNG_S22: status=1, sent=4, recv=4, rtt_avg=80 ms
2025-07-07 07:13:25.007 | INFO     | __main__:ping_device:72 - WIKIPEDIA: status=1, sent=3, recv=3, rtt_avg=137 ms
2025-07-07 07:13:25.187 | INFO     | __main__:ping_device:72 - GITHUB: status=1, sent=4, recv=4, rtt_avg=148 ms
2025-07-07 07:13:25.212 | INFO     | __main__:ping_device:72 - GOOGLE: status=1, sent=4, recv=4, rtt_avg=155 ms
2025-07-07 07:13:25.216 | INFO     | __main__:monitor_loop:126 - Persistidos 6 resultados de monitoramento.
2025-07-07 07:13:25.217 | INFO     | __main__:monitor_loop:134 - Tempo de execução do loop: 631.284 ms
==================================================
2025-07-07 07:13:54.613 | INFO     | __main__:ping_device:72 - FER_24G: status=1, sent=4, recv=4, rtt_avg=4 ms
2025-07-07 07:13:54.652 | INFO     | __main__:ping_device:72 - CLOUDFLARE: status=1, sent=2, recv=2, rtt_avg=29 ms
2025-07-07 07:13:54.907 | INFO     | __main__:ping_device:72 - SAMSUNG_S22: status=1, sent=4, recv=4, rtt_avg=77 ms
2025-07-07 07:13:55.188 | INFO     | __main__:ping_device:72 - GITHUB: status=1, sent=4, recv=4, rtt_avg=148 ms
2025-07-07 07:13:55.209 | INFO     | __main__:ping_device:72 - GOOGLE: status=1, sent=4, recv=4, rtt_avg=154 ms
2025-07-07 07:13:55.214 | INFO     | __main__:monitor_loop:126 - Persistidos 5 resultados de monitoramento.
2025-07-07 07:13:55.215 | INFO     | __main__:monitor_loop:134 - Tempo de execução do loop: 628.190 ms
==================================================
2025-07-07 07:14:24.610 | INFO     | __main__:ping_device:72 - FER_24G: status=1, sent=4, recv=4, rtt_avg=2 ms
2025-07-07 07:14:24.772 | INFO     | __main__:ping_device:72 - FACEBOOK: status=1, sent=4, recv=4, rtt_avg=44 ms
2025-07-07 07:14:24.944 | INFO     | __main__:ping_device:72 - SAMSUNG_S22: status=1, sent=4, recv=4, rtt_avg=85 ms
2025-07-07 07:14:25.009 | INFO     | __main__:ping_device:72 - WIKIPEDIA: status=1, sent=3, recv=3, rtt_avg=137 ms
2025-07-07 07:14:25.192 | INFO     | __main__:ping_device:72 - GITHUB: status=1, sent=4, recv=4, rtt_avg=149 ms
2025-07-07 07:14:25.210 | INFO     | __main__:ping_device:72 - GOOGLE: status=1, sent=4, recv=4, rtt_avg=154 ms
2025-07-07 07:14:25.215 | INFO     | __main__:monitor_loop:126 - Persistidos 6 resultados de monitoramento.
2025-07-07 07:14:25.215 | INFO     | __main__:monitor_loop:134 - Tempo de execução do loop: 628.066 ms
==================================================
2025-07-07 07:14:54.601 | INFO     | __main__:ping_device:72 - FER_24G: status=1, sent=4, recv=4, rtt_avg=1 ms
2025-07-07 07:14:54.955 | INFO     | __main__:ping_device:72 - SAMSUNG_S22: status=1, sent=4, recv=4, rtt_avg=89 ms
2025-07-07 07:14:55.182 | INFO     | __main__:ping_device:72 - GITHUB: status=1, sent=4, recv=4, rtt_avg=147 ms
2025-07-07 07:14:55.204 | INFO     | __main__:ping_device:72 - GOOGLE: status=1, sent=4, recv=4, rtt_avg=153 ms
2025-07-07 07:14:55.209 | INFO     | __main__:monitor_loop:126 - Persistidos 4 resultados de monitoramento.
2025-07-07 07:14:55.209 | INFO     | __main__:monitor_loop:134 - Tempo de execução do loop: 621.667 ms
==================================================
2025-07-07 07:15:24.612 | INFO     | __main__:ping_device:72 - FER_24G: status=1, sent=4, recv=4, rtt_avg=2 ms
2025-07-07 07:15:24.652 | INFO     | __main__:ping_device:72 - CLOUDFLARE: status=1, sent=2, recv=2, rtt_avg=28 ms
2025-07-07 07:15:24.772 | INFO     | __main__:ping_device:72 - FACEBOOK: status=1, sent=4, recv=4, rtt_avg=44 ms
2025-07-07 07:15:24.903 | INFO     | __main__:ping_device:72 - SAMSUNG_S22: status=1, sent=4, recv=4, rtt_avg=74 ms
2025-07-07 07:15:25.012 | INFO     | __main__:ping_device:72 - WIKIPEDIA: status=1, sent=3, recv=3, rtt_avg=137 ms
2025-07-07 07:15:25.193 | INFO     | __main__:ping_device:72 - GITHUB: status=1, sent=4, recv=4, rtt_avg=148 ms
2025-07-07 07:15:25.207 | INFO     | __main__:ping_device:72 - GOOGLE: status=1, sent=4, recv=4, rtt_avg=153 ms
2025-07-07 07:15:25.224 | INFO     | __main__:monitor_loop:126 - Persistidos 7 resultados de monitoramento.
2025-07-07 07:15:25.225 | INFO     | __main__:monitor_loop:134 - Tempo de execução do loop: 636.355 ms
==================================================
2025-07-07 07:15:54.608 | INFO     | __main__:ping_device:72 - FER_24G: status=1, sent=4, recv=4, rtt_avg=2 ms
2025-07-07 07:15:55.146 | INFO     | __main__:ping_device:72 - SAMSUNG_S22: status=1, sent=4, recv=4, rtt_avg=136 ms
2025-07-07 07:15:55.183 | INFO     | __main__:ping_device:72 - GITHUB: status=1, sent=4, recv=4, rtt_avg=147 ms
2025-07-07 07:15:55.213 | INFO     | __main__:ping_device:72 - GOOGLE: status=1, sent=4, recv=4, rtt_avg=154 ms
2025-07-07 07:15:55.223 | INFO     | __main__:monitor_loop:126 - Persistidos 4 resultados de monitoramento.
2025-07-07 07:15:55.223 | INFO     | __main__:monitor_loop:134 - Tempo de execução do loop: 633.363 ms
==================================================
2025-07-07 07:16:24.613 | INFO     | __main__:ping_device:72 - FER_24G: status=1, sent=4, recv=4, rtt_avg=2 ms
2025-07-07 07:16:24.769 | INFO     | __main__:ping_device:72 - FACEBOOK: status=1, sent=4, recv=4, rtt_avg=42 ms
2025-07-07 07:16:25.012 | INFO     | __main__:ping_device:72 - WIKIPEDIA: status=1, sent=3, recv=3, rtt_avg=137 ms
2025-07-07 07:16:25.127 | INFO     | __main__:ping_device:72 - SAMSUNG_S22: status=1, sent=4, recv=4, rtt_avg=130 ms
2025-07-07 07:16:25.190 | INFO     | __main__:ping_device:72 - GITHUB: status=1, sent=4, recv=4, rtt_avg=147 ms
2025-07-07 07:16:25.220 | INFO     | __main__:ping_device:72 - GOOGLE: status=1, sent=4, recv=4, rtt_avg=156 ms
2025-07-07 07:16:25.226 | INFO     | __main__:monitor_loop:126 - Persistidos 6 resultados de monitoramento.
2025-07-07 07:16:25.226 | INFO     | __main__:monitor_loop:134 - Tempo de execução do loop: 635.561 ms
==================================================
2025-07-07 07:16:54.598 | INFO     | __main__:ping_device:72 - FER_24G: status=1, sent=4, recv=4, rtt_avg=1 ms
2025-07-07 07:16:54.647 | INFO     | __main__:ping_device:72 - CLOUDFLARE: status=1, sent=2, recv=2, rtt_avg=27 ms
2025-07-07 07:16:55.176 | INFO     | __main__:ping_device:72 - GITHUB: status=1, sent=4, recv=4, rtt_avg=145 ms
2025-07-07 07:16:55.208 | INFO     | __main__:ping_device:72 - GOOGLE: status=1, sent=4, recv=4, rtt_avg=153 ms
2025-07-07 07:16:55.222 | INFO     | __main__:ping_device:72 - SAMSUNG_S22: status=1, sent=4, recv=4, rtt_avg=156 ms
2025-07-07 07:16:55.227 | INFO     | __main__:monitor_loop:126 - Persistidos 5 resultados de monitoramento.
2025-07-07 07:16:55.228 | INFO     | __main__:monitor_loop:134 - Tempo de execução do loop: 636.644 ms
==================================================
2025-07-07 07:17:24.595 | INFO     | __main__:monitor_loop:103 - Dispositivos carregados: 7
==================================================
2025-07-07 07:17:24.603 | INFO     | __main__:ping_device:72 - FER_24G: status=1, sent=4, recv=4, rtt_avg=1 ms
2025-07-07 07:17:24.777 | INFO     | __main__:ping_device:72 - FACEBOOK: status=1, sent=4, recv=4, rtt_avg=44 ms
2025-07-07 07:17:25.001 | INFO     | __main__:ping_device:72 - SAMSUNG_S22: status=1, sent=4, recv=4, rtt_avg=100 ms
2025-07-07 07:17:25.012 | INFO     | __main__:ping_device:72 - WIKIPEDIA: status=1, sent=3, recv=3, rtt_avg=138 ms
2025-07-07 07:17:25.187 | INFO     | __main__:ping_device:72 - GITHUB: status=1, sent=4, recv=4, rtt_avg=147 ms
2025-07-07 07:17:25.211 | INFO     | __main__:ping_device:72 - GOOGLE: status=1, sent=4, recv=4, rtt_avg=153 ms
2025-07-07 07:17:25.216 | INFO     | __main__:monitor_loop:126 - Persistidos 6 resultados de monitoramento.
2025-07-07 07:17:25.216 | INFO     | __main__:monitor_loop:134 - Tempo de execução do loop: 624.569 ms
==================================================
2025-07-07 07:17:54.602 | INFO     | __main__:ping_device:72 - FER_24G: status=1, sent=4, recv=4, rtt_avg=1 ms
2025-07-07 07:17:54.844 | INFO     | __main__:ping_device:72 - SAMSUNG_S22: status=1, sent=4, recv=4, rtt_avg=61 ms
2025-07-07 07:17:55.189 | INFO     | __main__:ping_device:72 - GITHUB: status=1, sent=4, recv=4, rtt_avg=147 ms
2025-07-07 07:17:55.212 | INFO     | __main__:ping_device:72 - GOOGLE: status=1, sent=4, recv=4, rtt_avg=154 ms
2025-07-07 07:17:55.217 | INFO     | __main__:monitor_loop:126 - Persistidos 4 resultados de monitoramento.
2025-07-07 07:17:55.217 | INFO     | __main__:monitor_loop:134 - Tempo de execução do loop: 624.925 ms
==================================================
2025-07-07 07:18:24.608 | INFO     | __main__:ping_device:72 - FER_24G: status=1, sent=4, recv=4, rtt_avg=2 ms
2025-07-07 07:18:24.672 | INFO     | __main__:ping_device:72 - CLOUDFLARE: status=1, sent=2, recv=2, rtt_avg=38 ms
2025-07-07 07:18:24.792 | INFO     | __main__:ping_device:72 - FACEBOOK: status=1, sent=4, recv=4, rtt_avg=48 ms
2025-07-07 07:18:25.027 | INFO     | __main__:ping_device:72 - WIKIPEDIA: status=1, sent=3, recv=3, rtt_avg=142 ms
2025-07-07 07:18:25.139 | INFO     | __main__:ping_device:72 - SAMSUNG_S22: status=1, sent=4, recv=4, rtt_avg=134 ms
2025-07-07 07:18:25.212 | INFO     | __main__:ping_device:72 - GITHUB: status=1, sent=4, recv=4, rtt_avg=153 ms
2025-07-07 07:18:25.234 | INFO     | __main__:ping_device:72 - GOOGLE: status=1, sent=4, recv=4, rtt_avg=159 ms
2025-07-07 07:18:25.254 | INFO     | __main__:monitor_loop:126 - Persistidos 7 resultados de monitoramento.
2025-07-07 07:18:25.255 | INFO     | __main__:monitor_loop:134 - Tempo de execução do loop: 661.712 ms
==================================================
2025-07-07 07:18:54.607 | INFO     | __main__:ping_device:72 - FER_24G: status=1, sent=4, recv=4, rtt_avg=2 ms
2025-07-07 07:18:54.756 | INFO     | __main__:ping_device:72 - SAMSUNG_S22: status=1, sent=4, recv=4, rtt_avg=39 ms
2025-07-07 07:18:55.196 | INFO     | __main__:ping_device:72 - GITHUB: status=1, sent=4, recv=4, rtt_avg=149 ms
2025-07-07 07:18:55.224 | INFO     | __main__:ping_device:72 - GOOGLE: status=1, sent=4, recv=4, rtt_avg=156 ms
2025-07-07 07:18:55.229 | INFO     | __main__:monitor_loop:126 - Persistidos 4 resultados de monitoramento.
2025-07-07 07:18:55.230 | INFO     | __main__:monitor_loop:134 - Tempo de execução do loop: 635.458 ms
==================================================
2025-07-07 07:19:24.602 | INFO     | __main__:ping_device:72 - FER_24G: status=1, sent=4, recv=4, rtt_avg=1 ms
2025-07-07 07:19:24.778 | INFO     | __main__:ping_device:72 - FACEBOOK: status=1, sent=4, recv=4, rtt_avg=45 ms
2025-07-07 07:19:25.013 | INFO     | __main__:ping_device:72 - WIKIPEDIA: status=1, sent=3, recv=3, rtt_avg=137 ms
2025-07-07 07:19:25.135 | INFO     | __main__:ping_device:72 - SAMSUNG_S22: status=1, sent=4, recv=4, rtt_avg=133 ms
2025-07-07 07:19:25.191 | INFO     | __main__:ping_device:72 - GITHUB: status=1, sent=4, recv=4, rtt_avg=148 ms
2025-07-07 07:19:25.216 | INFO     | __main__:ping_device:72 - GOOGLE: status=1, sent=4, recv=4, rtt_avg=154 ms
2025-07-07 07:19:25.222 | INFO     | __main__:monitor_loop:126 - Persistidos 6 resultados de monitoramento.
2025-07-07 07:19:25.223 | INFO     | __main__:monitor_loop:134 - Tempo de execução do loop: 627.704 ms
==================================================
2025-07-07 07:19:54.607 | INFO     | __main__:ping_device:72 - FER_24G: status=1, sent=4, recv=4, rtt_avg=2 ms
2025-07-07 07:19:54.663 | INFO     | __main__:ping_device:72 - CLOUDFLARE: status=1, sent=2, recv=2, rtt_avg=32 ms
2025-07-07 07:19:54.850 | INFO     | __main__:ping_device:72 - SAMSUNG_S22: status=1, sent=4, recv=4, rtt_avg=62 ms
2025-07-07 07:19:55.217 | INFO     | __main__:ping_device:72 - GITHUB: status=1, sent=4, recv=4, rtt_avg=154 ms
2025-07-07 07:19:55.232 | INFO     | __main__:ping_device:72 - GOOGLE: status=1, sent=4, recv=4, rtt_avg=158 ms
2025-07-07 07:19:55.247 | INFO     | __main__:monitor_loop:126 - Persistidos 5 resultados de monitoramento.
2025-07-07 07:19:55.248 | INFO     | __main__:monitor_loop:134 - Tempo de execução do loop: 651.860 ms
==================================================
2025-07-07 07:20:24.613 | INFO     | __main__:ping_device:72 - FER_24G: status=1, sent=4, recv=4, rtt_avg=3 ms
2025-07-07 07:20:24.781 | INFO     | __main__:ping_device:72 - FACEBOOK: status=1, sent=4, recv=4, rtt_avg=45 ms
2025-07-07 07:20:24.912 | INFO     | __main__:ping_device:72 - SAMSUNG_S22: status=1, sent=4, recv=4, rtt_avg=77 ms
2025-07-07 07:20:25.015 | INFO     | __main__:ping_device:72 - WIKIPEDIA: status=1, sent=3, recv=3, rtt_avg=138 ms
2025-07-07 07:20:25.194 | INFO     | __main__:ping_device:72 - GITHUB: status=1, sent=4, recv=4, rtt_avg=148 ms
2025-07-07 07:20:25.220 | INFO     | __main__:ping_device:72 - GOOGLE: status=1, sent=4, recv=4, rtt_avg=155 ms
2025-07-07 07:20:25.236 | INFO     | __main__:monitor_loop:126 - Persistidos 6 resultados de monitoramento.
2025-07-07 07:20:25.236 | INFO     | __main__:monitor_loop:134 - Tempo de execução do loop: 639.316 ms
==================================================
2025-07-07 07:20:54.613 | INFO     | __main__:ping_device:72 - FER_24G: status=1, sent=4, recv=4, rtt_avg=1 ms
2025-07-07 07:20:54.744 | INFO     | __main__:ping_device:72 - SAMSUNG_S22: status=1, sent=4, recv=4, rtt_avg=34 ms
2025-07-07 07:20:55.196 | INFO     | __main__:ping_device:72 - GITHUB: status=1, sent=4, recv=4, rtt_avg=148 ms
2025-07-07 07:20:55.224 | INFO     | __main__:ping_device:72 - GOOGLE: status=1, sent=4, recv=4, rtt_avg=155 ms
2025-07-07 07:20:55.230 | INFO     | __main__:monitor_loop:126 - Persistidos 4 resultados de monitoramento.
2025-07-07 07:20:55.230 | INFO     | __main__:monitor_loop:134 - Tempo de execução do loop: 633.406 ms
==================================================
2025-07-07 07:21:24.614 | INFO     | __main__:ping_device:72 - FER_24G: status=1, sent=4, recv=4, rtt_avg=2 ms
2025-07-07 07:21:24.662 | INFO     | __main__:ping_device:72 - CLOUDFLARE: status=1, sent=2, recv=2, rtt_avg=30 ms
2025-07-07 07:21:24.783 | INFO     | __main__:ping_device:72 - FACEBOOK: status=1, sent=4, recv=4, rtt_avg=45 ms
2025-07-07 07:21:25.014 | INFO     | __main__:ping_device:72 - WIKIPEDIA: status=1, sent=3, recv=3, rtt_avg=137 ms
2025-07-07 07:21:25.116 | INFO     | __main__:ping_device:72 - SAMSUNG_S22: status=1, sent=4, recv=4, rtt_avg=127 ms
2025-07-07 07:21:25.194 | INFO     | __main__:ping_device:72 - GITHUB: status=1, sent=4, recv=4, rtt_avg=147 ms
2025-07-07 07:21:25.215 | INFO     | __main__:ping_device:72 - GOOGLE: status=1, sent=4, recv=4, rtt_avg=153 ms
2025-07-07 07:21:25.232 | INFO     | __main__:monitor_loop:126 - Persistidos 7 resultados de monitoramento.
2025-07-07 07:21:25.232 | INFO     | __main__:monitor_loop:134 - Tempo de execução do loop: 634.652 ms
==================================================
2025-07-07 07:21:54.615 | INFO     | __main__:ping_device:72 - FER_24G: status=1, sent=4, recv=4, rtt_avg=3 ms
2025-07-07 07:21:55.149 | INFO     | __main__:ping_device:72 - SAMSUNG_S22: status=1, sent=4, recv=4, rtt_avg=136 ms
2025-07-07 07:21:55.196 | INFO     | __main__:ping_device:72 - GITHUB: status=1, sent=4, recv=4, rtt_avg=148 ms
2025-07-07 07:21:55.218 | INFO     | __main__:ping_device:72 - GOOGLE: status=1, sent=4, recv=4, rtt_avg=154 ms
2025-07-07 07:21:55.235 | INFO     | __main__:monitor_loop:126 - Persistidos 4 resultados de monitoramento.
2025-07-07 07:21:55.236 | INFO     | __main__:monitor_loop:134 - Tempo de execução do loop: 637.683 ms
==================================================
2025-07-07 07:22:24.605 | INFO     | __main__:monitor_loop:103 - Dispositivos carregados: 7
==================================================
2025-07-07 07:22:24.614 | INFO     | __main__:ping_device:72 - FER_24G: status=1, sent=4, recv=4, rtt_avg=1 ms
2025-07-07 07:22:24.787 | INFO     | __main__:ping_device:72 - FACEBOOK: status=1, sent=4, recv=4, rtt_avg=44 ms
2025-07-07 07:22:24.981 | INFO     | __main__:ping_device:72 - SAMSUNG_S22: status=1, sent=4, recv=4, rtt_avg=92 ms
2025-07-07 07:22:25.023 | INFO     | __main__:ping_device:72 - WIKIPEDIA: status=1, sent=3, recv=3, rtt_avg=138 ms
2025-07-07 07:22:25.205 | INFO     | __main__:ping_device:72 - GITHUB: status=1, sent=4, recv=4, rtt_avg=148 ms
2025-07-07 07:22:25.224 | INFO     | __main__:ping_device:72 - GOOGLE: status=1, sent=4, recv=4, rtt_avg=153 ms
2025-07-07 07:22:25.254 | INFO     | __main__:monitor_loop:126 - Persistidos 6 resultados de monitoramento.
2025-07-07 07:22:25.255 | INFO     | __main__:monitor_loop:134 - Tempo de execução do loop: 654.943 ms
==================================================
2025-07-07 07:22:54.610 | INFO     | __main__:ping_device:72 - FER_24G: status=1, sent=4, recv=4, rtt_avg=1 ms
2025-07-07 07:22:54.657 | INFO     | __main__:ping_device:72 - CLOUDFLARE: status=1, sent=2, recv=2, rtt_avg=27 ms
2025-07-07 07:22:54.872 | INFO     | __main__:ping_device:72 - SAMSUNG_S22: status=1, sent=4, recv=4, rtt_avg=67 ms
2025-07-07 07:22:55.186 | INFO     | __main__:ping_device:72 - GITHUB: status=1, sent=4, recv=4, rtt_avg=145 ms
2025-07-07 07:22:55.217 | INFO     | __main__:ping_device:72 - GOOGLE: status=1, sent=4, recv=4, rtt_avg=153 ms
2025-07-07 07:22:55.233 | INFO     | __main__:monitor_loop:126 - Persistidos 5 resultados de monitoramento.
2025-07-07 07:22:55.233 | INFO     | __main__:monitor_loop:134 - Tempo de execução do loop: 632.097 ms
==================================================
2025-07-07 07:23:24.612 | INFO     | __main__:ping_device:72 - FER_24G: status=1, sent=4, recv=4, rtt_avg=1 ms
2025-07-07 07:23:24.776 | INFO     | __main__:ping_device:72 - FACEBOOK: status=1, sent=4, recv=4, rtt_avg=42 ms
2025-07-07 07:23:24.816 | INFO     | __main__:ping_device:72 - SAMSUNG_S22: status=1, sent=4, recv=4, rtt_avg=52 ms
2025-07-07 07:23:25.017 | INFO     | __main__:ping_device:72 - WIKIPEDIA: status=1, sent=3, recv=3, rtt_avg=136 ms
2025-07-07 07:23:25.201 | INFO     | __main__:ping_device:72 - GITHUB: status=1, sent=4, recv=4, rtt_avg=149 ms
2025-07-07 07:23:25.223 | INFO     | __main__:ping_device:72 - GOOGLE: status=1, sent=4, recv=4, rtt_avg=154 ms
2025-07-07 07:23:25.240 | INFO     | __main__:monitor_loop:126 - Persistidos 6 resultados de monitoramento.
2025-07-07 07:23:25.241 | INFO     | __main__:monitor_loop:134 - Tempo de execução do loop: 639.068 ms
==================================================
2025-07-07 07:23:54.613 | INFO     | __main__:ping_device:72 - FER_24G: status=1, sent=4, recv=4, rtt_avg=1 ms
2025-07-07 07:23:54.751 | INFO     | __main__:ping_device:72 - SAMSUNG_S22: status=1, sent=4, recv=4, rtt_avg=35 ms
2025-07-07 07:23:55.200 | INFO     | __main__:ping_device:72 - GITHUB: status=1, sent=4, recv=4, rtt_avg=148 ms
2025-07-07 07:23:55.227 | INFO     | __main__:ping_device:72 - GOOGLE: status=1, sent=4, recv=4, rtt_avg=155 ms
2025-07-07 07:23:55.232 | INFO     | __main__:monitor_loop:126 - Persistidos 4 resultados de monitoramento.
2025-07-07 07:23:55.232 | INFO     | __main__:monitor_loop:134 - Tempo de execução do loop: 629.317 ms
==================================================
2025-07-07 07:24:24.612 | INFO     | __main__:ping_device:72 - FER_24G: status=1, sent=4, recv=4, rtt_avg=1 ms
2025-07-07 07:24:24.669 | INFO     | __main__:ping_device:72 - CLOUDFLARE: status=1, sent=2, recv=2, rtt_avg=31 ms
2025-07-07 07:24:24.799 | INFO     | __main__:ping_device:72 - FACEBOOK: status=1, sent=4, recv=4, rtt_avg=48 ms
2025-07-07 07:24:24.957 | INFO     | __main__:ping_device:72 - SAMSUNG_S22: status=1, sent=4, recv=4, rtt_avg=86 ms
2025-07-07 07:24:25.026 | INFO     | __main__:ping_device:72 - WIKIPEDIA: status=1, sent=3, recv=3, rtt_avg=139 ms
2025-07-07 07:24:25.202 | INFO     | __main__:ping_device:72 - GITHUB: status=1, sent=4, recv=4, rtt_avg=148 ms
2025-07-07 07:24:25.225 | INFO     | __main__:ping_device:72 - GOOGLE: status=1, sent=4, recv=4, rtt_avg=154 ms
2025-07-07 07:24:25.232 | INFO     | __main__:monitor_loop:126 - Persistidos 7 resultados de monitoramento.
2025-07-07 07:24:25.232 | INFO     | __main__:monitor_loop:134 - Tempo de execução do loop: 628.205 ms
==================================================
2025-07-07 07:24:54.617 | INFO     | __main__:ping_device:72 - FER_24G: status=1, sent=4, recv=4, rtt_avg=2 ms
2025-07-07 07:24:54.929 | INFO     | __main__:ping_device:72 - SAMSUNG_S22: status=1, sent=4, recv=4, rtt_avg=80 ms
2025-07-07 07:24:55.194 | INFO     | __main__:ping_device:72 - GITHUB: status=1, sent=4, recv=4, rtt_avg=147 ms
2025-07-07 07:24:55.220 | INFO     | __main__:ping_device:72 - GOOGLE: status=1, sent=4, recv=4, rtt_avg=153 ms
2025-07-07 07:24:55.224 | INFO     | __main__:monitor_loop:126 - Persistidos 4 resultados de monitoramento.
2025-07-07 07:24:55.225 | INFO     | __main__:monitor_loop:134 - Tempo de execução do loop: 620.822 ms
==================================================
2025-07-07 07:25:24.616 | INFO     | __main__:ping_device:72 - FER_24G: status=1, sent=4, recv=4, rtt_avg=1 ms
2025-07-07 07:25:24.790 | INFO     | __main__:ping_device:72 - FACEBOOK: status=1, sent=4, recv=4, rtt_avg=45 ms
2025-07-07 07:25:24.972 | INFO     | __main__:ping_device:72 - SAMSUNG_S22: status=1, sent=4, recv=4, rtt_avg=90 ms
2025-07-07 07:25:25.026 | INFO     | __main__:ping_device:72 - WIKIPEDIA: status=1, sent=3, recv=3, rtt_avg=139 ms
2025-07-07 07:25:25.204 | INFO     | __main__:ping_device:72 - GITHUB: status=1, sent=4, recv=4, rtt_avg=148 ms
2025-07-07 07:25:25.227 | INFO     | __main__:ping_device:72 - GOOGLE: status=1, sent=4, recv=4, rtt_avg=154 ms
2025-07-07 07:25:25.254 | INFO     | __main__:monitor_loop:126 - Persistidos 6 resultados de monitoramento.
2025-07-07 07:25:25.255 | INFO     | __main__:monitor_loop:134 - Tempo de execução do loop: 650.148 ms
==================================================
2025-07-07 07:25:54.629 | INFO     | __main__:ping_device:72 - FER_24G: status=1, sent=4, recv=4, rtt_avg=3 ms
2025-07-07 07:25:54.672 | INFO     | __main__:ping_device:72 - CLOUDFLARE: status=1, sent=2, recv=2, rtt_avg=30 ms
2025-07-07 07:25:55.253 | INFO     | __main__:ping_device:72 - GITHUB: status=1, sent=4, recv=4, rtt_avg=159 ms
2025-07-07 07:25:55.260 | INFO     | __main__:ping_device:72 - GOOGLE: status=1, sent=4, recv=4, rtt_avg=162 ms
2025-07-07 07:25:55.455 | INFO     | __main__:ping_device:72 - SAMSUNG_S22: status=1, sent=4, recv=4, rtt_avg=209 ms
2025-07-07 07:25:55.481 | INFO     | __main__:monitor_loop:126 - Persistidos 5 resultados de monitoramento.
2025-07-07 07:25:55.481 | INFO     | __main__:monitor_loop:134 - Tempo de execução do loop: 875.663 ms
==================================================
2025-07-07 07:26:24.615 | INFO     | __main__:ping_device:72 - FER_24G: status=1, sent=4, recv=4, rtt_avg=1 ms
2025-07-07 07:26:24.794 | INFO     | __main__:ping_device:72 - FACEBOOK: status=1, sent=4, recv=4, rtt_avg=46 ms
2025-07-07 07:26:25.025 | INFO     | __main__:ping_device:72 - WIKIPEDIA: status=1, sent=3, recv=3, rtt_avg=138 ms
2025-07-07 07:26:25.105 | INFO     | __main__:ping_device:72 - SAMSUNG_S22: status=1, sent=4, recv=4, rtt_avg=123 ms
2025-07-07 07:26:25.208 | INFO     | __main__:ping_device:72 - GITHUB: status=1, sent=4, recv=4, rtt_avg=149 ms
2025-07-07 07:26:25.231 | INFO     | __main__:ping_device:72 - GOOGLE: status=1, sent=4, recv=4, rtt_avg=155 ms
2025-07-07 07:26:25.246 | INFO     | __main__:monitor_loop:126 - Persistidos 6 resultados de monitoramento.
2025-07-07 07:26:25.247 | INFO     | __main__:monitor_loop:134 - Tempo de execução do loop: 641.324 ms
==================================================
2025-07-07 07:26:54.617 | INFO     | __main__:ping_device:72 - FER_24G: status=1, sent=4, recv=4, rtt_avg=1 ms
2025-07-07 07:26:54.929 | INFO     | __main__:ping_device:72 - SAMSUNG_S22: status=1, sent=4, recv=4, rtt_avg=79 ms
2025-07-07 07:26:55.196 | INFO     | __main__:ping_device:72 - GITHUB: status=1, sent=4, recv=4, rtt_avg=146 ms
2025-07-07 07:26:55.225 | INFO     | __main__:ping_device:72 - GOOGLE: status=1, sent=4, recv=4, rtt_avg=153 ms
2025-07-07 07:26:55.240 | INFO     | __main__:monitor_loop:126 - Persistidos 4 resultados de monitoramento.
2025-07-07 07:26:55.240 | INFO     | __main__:monitor_loop:134 - Tempo de execução do loop: 632.937 ms
==================================================
2025-07-07 07:27:24.620 | INFO     | __main__:monitor_loop:103 - Dispositivos carregados: 7
==================================================
2025-07-07 07:27:24.646 | INFO     | __main__:ping_device:72 - FER_24G: status=1, sent=4, recv=4, rtt_avg=2 ms
2025-07-07 07:27:24.685 | INFO     | __main__:ping_device:72 - CLOUDFLARE: status=1, sent=2, recv=2, rtt_avg=28 ms
2025-07-07 07:27:24.805 | INFO     | __main__:ping_device:72 - FACEBOOK: status=1, sent=4, recv=4, rtt_avg=44 ms
2025-07-07 07:27:25.048 | INFO     | __main__:ping_device:72 - WIKIPEDIA: status=1, sent=3, recv=3, rtt_avg=138 ms
2025-07-07 07:27:25.157 | INFO     | __main__:ping_device:72 - SAMSUNG_S22: status=1, sent=4, recv=4, rtt_avg=130 ms
2025-07-07 07:27:25.240 | INFO     | __main__:ping_device:72 - GITHUB: status=1, sent=4, recv=4, rtt_avg=151 ms
2025-07-07 07:27:25.252 | INFO     | __main__:ping_device:72 - GOOGLE: status=1, sent=4, recv=4, rtt_avg=156 ms
2025-07-07 07:27:25.280 | INFO     | __main__:monitor_loop:126 - Persistidos 7 resultados de monitoramento.
2025-07-07 07:27:25.280 | INFO     | __main__:monitor_loop:134 - Tempo de execução do loop: 672.408 ms
==================================================
2025-07-07 07:27:54.627 | INFO     | __main__:ping_device:72 - FER_24G: status=1, sent=4, recv=4, rtt_avg=2 ms
2025-07-07 07:27:55.055 | INFO     | __main__:ping_device:72 - SAMSUNG_S22: status=1, sent=4, recv=4, rtt_avg=109 ms
2025-07-07 07:27:55.208 | INFO     | __main__:ping_device:72 - GITHUB: status=1, sent=4, recv=4, rtt_avg=148 ms
2025-07-07 07:27:55.238 | INFO     | __main__:ping_device:72 - GOOGLE: status=1, sent=4, recv=4, rtt_avg=156 ms
2025-07-07 07:27:55.244 | INFO     | __main__:monitor_loop:126 - Persistidos 4 resultados de monitoramento.
2025-07-07 07:27:55.244 | INFO     | __main__:monitor_loop:134 - Tempo de execução do loop: 635.049 ms
==================================================
2025-07-07 07:28:24.630 | INFO     | __main__:ping_device:72 - FER_24G: status=1, sent=4, recv=4, rtt_avg=2 ms
2025-07-07 07:28:24.792 | INFO     | __main__:ping_device:72 - FACEBOOK: status=1, sent=4, recv=4, rtt_avg=44 ms
2025-07-07 07:28:24.804 | INFO     | __main__:ping_device:72 - SAMSUNG_S22: status=1, sent=4, recv=4, rtt_avg=45 ms
2025-07-07 07:28:25.030 | INFO     | __main__:ping_device:72 - WIKIPEDIA: status=1, sent=3, recv=3, rtt_avg=136 ms
2025-07-07 07:28:25.203 | INFO     | __main__:ping_device:72 - GITHUB: status=1, sent=4, recv=4, rtt_avg=146 ms
2025-07-07 07:28:25.232 | INFO     | __main__:ping_device:72 - GOOGLE: status=1, sent=4, recv=4, rtt_avg=154 ms
2025-07-07 07:28:25.236 | INFO     | __main__:monitor_loop:126 - Persistidos 6 resultados de monitoramento.
2025-07-07 07:28:25.237 | INFO     | __main__:monitor_loop:134 - Tempo de execução do loop: 627.389 ms
==================================================
2025-07-07 07:28:54.629 | INFO     | __main__:ping_device:72 - FER_24G: status=1, sent=4, recv=4, rtt_avg=2 ms
2025-07-07 07:28:54.677 | INFO     | __main__:ping_device:72 - CLOUDFLARE: status=1, sent=2, recv=2, rtt_avg=30 ms
2025-07-07 07:28:55.144 | INFO     | __main__:ping_device:72 - SAMSUNG_S22: status=1, sent=4, recv=4, rtt_avg=130 ms
2025-07-07 07:28:55.215 | INFO     | __main__:ping_device:72 - GITHUB: status=1, sent=4, recv=4, rtt_avg=149 ms
2025-07-07 07:28:55.240 | INFO     | __main__:ping_device:72 - GOOGLE: status=1, sent=4, recv=4, rtt_avg=156 ms
2025-07-07 07:28:55.246 | INFO     | __main__:monitor_loop:126 - Persistidos 5 resultados de monitoramento.
2025-07-07 07:28:55.246 | INFO     | __main__:monitor_loop:134 - Tempo de execução do loop: 635.932 ms
==================================================
2025-07-07 07:29:24.639 | INFO     | __main__:ping_device:72 - FER_24G: status=1, sent=4, recv=4, rtt_avg=3 ms
2025-07-07 07:29:24.795 | INFO     | __main__:ping_device:72 - FACEBOOK: status=1, sent=4, recv=4, rtt_avg=44 ms
2025-07-07 07:29:25.038 | INFO     | __main__:ping_device:72 - WIKIPEDIA: status=1, sent=3, recv=3, rtt_avg=139 ms
2025-07-07 07:29:25.079 | INFO     | __main__:ping_device:72 - SAMSUNG_S22: status=1, sent=4, recv=4, rtt_avg=113 ms
2025-07-07 07:29:25.217 | INFO     | __main__:ping_device:72 - GITHUB: status=1, sent=4, recv=4, rtt_avg=148 ms
2025-07-07 07:29:25.244 | INFO     | __main__:ping_device:72 - GOOGLE: status=1, sent=4, recv=4, rtt_avg=156 ms
2025-07-07 07:29:25.262 | INFO     | __main__:monitor_loop:126 - Persistidos 6 resultados de monitoramento.
2025-07-07 07:29:25.263 | INFO     | __main__:monitor_loop:134 - Tempo de execução do loop: 651.787 ms
==================================================
2025-07-07 07:29:54.636 | INFO     | __main__:ping_device:72 - FER_24G: status=1, sent=4, recv=4, rtt_avg=3 ms
2025-07-07 07:29:54.982 | INFO     | __main__:ping_device:72 - SAMSUNG_S22: status=1, sent=4, recv=4, rtt_avg=90 ms
2025-07-07 07:29:55.209 | INFO     | __main__:ping_device:72 - GITHUB: status=1, sent=4, recv=4, rtt_avg=147 ms
2025-07-07 07:29:55.244 | INFO     | __main__:ping_device:72 - GOOGLE: status=1, sent=4, recv=4, rtt_avg=156 ms
2025-07-07 07:29:55.260 | INFO     | __main__:monitor_loop:126 - Persistidos 4 resultados de monitoramento.
2025-07-07 07:29:55.261 | INFO     | __main__:monitor_loop:134 - Tempo de execução do loop: 648.875 ms
==================================================
2025-07-07 07:30:24.644 | INFO     | __main__:ping_device:72 - FER_24G: status=1, sent=4, recv=4, rtt_avg=3 ms
2025-07-07 07:30:24.680 | INFO     | __main__:ping_device:72 - CLOUDFLARE: status=1, sent=2, recv=2, rtt_avg=30 ms
2025-07-07 07:30:24.800 | INFO     | __main__:ping_device:72 - FACEBOOK: status=1, sent=4, recv=4, rtt_avg=44 ms
2025-07-07 07:30:24.995 | INFO     | __main__:ping_device:72 - SAMSUNG_S22: status=1, sent=4, recv=4, rtt_avg=91 ms
2025-07-07 07:30:25.039 | INFO     | __main__:ping_device:72 - WIKIPEDIA: status=1, sent=3, recv=3, rtt_avg=137 ms
2025-07-07 07:30:25.213 | INFO     | __main__:ping_device:72 - GITHUB: status=1, sent=4, recv=4, rtt_avg=147 ms
2025-07-07 07:30:25.242 | INFO     | __main__:ping_device:72 - GOOGLE: status=1, sent=4, recv=4, rtt_avg=155 ms
2025-07-07 07:30:25.268 | INFO     | __main__:monitor_loop:126 - Persistidos 7 resultados de monitoramento.
2025-07-07 07:30:25.268 | INFO     | __main__:monitor_loop:134 - Tempo de execução do loop: 655.017 ms
==================================================
2025-07-07 07:30:54.635 | INFO     | __main__:ping_device:72 - FER_24G: status=1, sent=4, recv=4, rtt_avg=2 ms
2025-07-07 07:30:54.998 | INFO     | __main__:ping_device:72 - SAMSUNG_S22: status=1, sent=4, recv=4, rtt_avg=93 ms
2025-07-07 07:30:55.216 | INFO     | __main__:ping_device:72 - GITHUB: status=1, sent=4, recv=4, rtt_avg=148 ms
2025-07-07 07:30:55.232 | INFO     | __main__:ping_device:72 - GOOGLE: status=1, sent=4, recv=4, rtt_avg=153 ms
2025-07-07 07:30:55.241 | INFO     | __main__:monitor_loop:126 - Persistidos 4 resultados de monitoramento.
2025-07-07 07:30:55.241 | INFO     | __main__:monitor_loop:134 - Tempo de execução do loop: 627.256 ms
==================================================
2025-07-07 07:31:24.645 | INFO     | __main__:ping_device:72 - FER_24G: status=1, sent=4, recv=4, rtt_avg=4 ms
2025-07-07 07:31:24.798 | INFO     | __main__:ping_device:72 - FACEBOOK: status=1, sent=4, recv=4, rtt_avg=44 ms
2025-07-07 07:31:25.036 | INFO     | __main__:ping_device:72 - WIKIPEDIA: status=1, sent=3, recv=3, rtt_avg=136 ms
2025-07-07 07:31:25.039 | INFO     | __main__:ping_device:72 - SAMSUNG_S22: status=1, sent=4, recv=4, rtt_avg=102 ms
2025-07-07 07:31:25.216 | INFO     | __main__:ping_device:72 - GITHUB: status=1, sent=4, recv=4, rtt_avg=148 ms
2025-07-07 07:31:25.241 | INFO     | __main__:ping_device:72 - GOOGLE: status=1, sent=4, recv=4, rtt_avg=155 ms
2025-07-07 07:31:25.254 | INFO     | __main__:monitor_loop:126 - Persistidos 6 resultados de monitoramento.
2025-07-07 07:31:25.255 | INFO     | __main__:monitor_loop:134 - Tempo de execução do loop: 639.837 ms
==================================================
2025-07-07 07:31:54.642 | INFO     | __main__:ping_device:72 - FER_24G: status=1, sent=4, recv=4, rtt_avg=4 ms
2025-07-07 07:31:54.675 | INFO     | __main__:ping_device:72 - CLOUDFLARE: status=1, sent=2, recv=2, rtt_avg=27 ms
2025-07-07 07:31:54.989 | INFO     | __main__:ping_device:72 - SAMSUNG_S22: status=1, sent=4, recv=4, rtt_avg=90 ms
2025-07-07 07:31:55.208 | INFO     | __main__:ping_device:72 - GITHUB: status=1, sent=4, recv=4, rtt_avg=146 ms
2025-07-07 07:31:55.245 | INFO     | __main__:ping_device:72 - GOOGLE: status=1, sent=4, recv=4, rtt_avg=156 ms
2025-07-07 07:31:55.262 | INFO     | __main__:monitor_loop:126 - Persistidos 5 resultados de monitoramento.
2025-07-07 07:31:55.263 | INFO     | __main__:monitor_loop:134 - Tempo de execução do loop: 647.424 ms
==================================================
2025-07-07 07:32:24.629 | INFO     | __main__:monitor_loop:103 - Dispositivos carregados: 7
==================================================
2025-07-07 07:32:24.656 | INFO     | __main__:ping_device:72 - FER_24G: status=1, sent=4, recv=4, rtt_avg=3 ms
2025-07-07 07:32:24.817 | INFO     | __main__:ping_device:72 - FACEBOOK: status=1, sent=4, recv=4, rtt_avg=45 ms
2025-07-07 07:32:25.031 | INFO     | __main__:ping_device:72 - SAMSUNG_S22: status=1, sent=4, recv=4, rtt_avg=96 ms
2025-07-07 07:32:25.057 | INFO     | __main__:ping_device:72 - WIKIPEDIA: status=1, sent=3, recv=3, rtt_avg=138 ms
2025-07-07 07:32:25.230 | INFO     | __main__:ping_device:72 - GITHUB: status=1, sent=4, recv=4, rtt_avg=148 ms
2025-07-07 07:32:25.252 | INFO     | __main__:ping_device:72 - GOOGLE: status=1, sent=4, recv=4, rtt_avg=154 ms
2025-07-07 07:32:25.262 | INFO     | __main__:monitor_loop:126 - Persistidos 6 resultados de monitoramento.
2025-07-07 07:32:25.263 | INFO     | __main__:monitor_loop:134 - Tempo de execução do loop: 646.456 ms
==================================================
2025-07-07 07:32:54.639 | INFO     | __main__:ping_device:72 - FER_24G: status=1, sent=4, recv=4, rtt_avg=3 ms
2025-07-07 07:32:55.216 | INFO     | __main__:ping_device:72 - GITHUB: status=1, sent=4, recv=4, rtt_avg=148 ms
2025-07-07 07:32:55.239 | INFO     | __main__:ping_device:72 - GOOGLE: status=1, sent=4, recv=4, rtt_avg=154 ms
2025-07-07 07:32:55.294 | INFO     | __main__:ping_device:72 - SAMSUNG_S22: status=1, sent=4, recv=4, rtt_avg=166 ms
2025-07-07 07:32:55.311 | INFO     | __main__:monitor_loop:126 - Persistidos 4 resultados de monitoramento.
2025-07-07 07:32:55.312 | INFO     | __main__:monitor_loop:134 - Tempo de execução do loop: 694.264 ms
==================================================
2025-07-07 07:33:24.631 | INFO     | __main__:ping_device:72 - FER_24G: status=1, sent=4, recv=4, rtt_avg=2 ms
2025-07-07 07:33:24.676 | INFO     | __main__:ping_device:72 - CLOUDFLARE: status=1, sent=2, recv=2, rtt_avg=27 ms
2025-07-07 07:33:24.798 | INFO     | __main__:ping_device:72 - FACEBOOK: status=1, sent=4, recv=4, rtt_avg=44 ms
2025-07-07 07:33:25.042 | INFO     | __main__:ping_device:72 - WIKIPEDIA: status=1, sent=3, recv=3, rtt_avg=139 ms
2025-07-07 07:33:25.220 | INFO     | __main__:ping_device:72 - GITHUB: status=1, sent=4, recv=4, rtt_avg=148 ms
2025-07-07 07:33:25.238 | INFO     | __main__:ping_device:72 - SAMSUNG_S22: status=1, sent=4, recv=4, rtt_avg=153 ms
2025-07-07 07:33:25.275 | INFO     | __main__:ping_device:72 - GOOGLE: status=1, sent=4, recv=4, rtt_avg=163 ms
2025-07-07 07:33:25.299 | INFO     | __main__:monitor_loop:126 - Persistidos 7 resultados de monitoramento.
2025-07-07 07:33:25.299 | INFO     | __main__:monitor_loop:134 - Tempo de execução do loop: 680.793 ms
==================================================
2025-07-07 07:33:54.634 | INFO     | __main__:ping_device:72 - FER_24G: status=1, sent=4, recv=4, rtt_avg=3 ms
2025-07-07 07:33:55.023 | INFO     | __main__:ping_device:72 - SAMSUNG_S22: status=1, sent=4, recv=4, rtt_avg=99 ms
2025-07-07 07:33:55.260 | INFO     | __main__:ping_device:72 - GITHUB: status=1, sent=4, recv=4, rtt_avg=159 ms
2025-07-07 07:33:55.281 | INFO     | __main__:ping_device:72 - GOOGLE: status=1, sent=4, recv=4, rtt_avg=164 ms
2025-07-07 07:33:55.299 | INFO     | __main__:monitor_loop:126 - Persistidos 4 resultados de monitoramento.
2025-07-07 07:33:55.300 | INFO     | __main__:monitor_loop:134 - Tempo de execução do loop: 680.409 ms
==================================================
2025-07-07 07:34:24.634 | INFO     | __main__:ping_device:72 - FER_24G: status=1, sent=4, recv=4, rtt_avg=1 ms
2025-07-07 07:34:24.802 | INFO     | __main__:ping_device:72 - FACEBOOK: status=1, sent=4, recv=4, rtt_avg=44 ms
2025-07-07 07:34:25.038 | INFO     | __main__:ping_device:72 - WIKIPEDIA: status=1, sent=3, recv=3, rtt_avg=136 ms
2025-07-07 07:34:25.217 | INFO     | __main__:ping_device:72 - GITHUB: status=1, sent=4, recv=4, rtt_avg=147 ms
2025-07-07 07:34:25.249 | INFO     | __main__:ping_device:72 - GOOGLE: status=1, sent=4, recv=4, rtt_avg=155 ms
2025-07-07 07:34:28.447 | INFO     | __main__:ping_device:72 - SAMSUNG_S22: status=0, sent=4, recv=0, rtt_avg=None ms
2025-07-07 07:34:28.467 | INFO     | __main__:monitor_loop:126 - Persistidos 6 resultados de monitoramento.
2025-07-07 07:34:28.467 | INFO     | __main__:monitor_loop:134 - Tempo de execução do loop: 3846.714 ms
==================================================
2025-07-07 07:34:54.642 | INFO     | __main__:ping_device:72 - FER_24G: status=1, sent=4, recv=4, rtt_avg=2 ms
2025-07-07 07:34:54.686 | INFO     | __main__:ping_device:72 - CLOUDFLARE: status=1, sent=2, recv=2, rtt_avg=29 ms
2025-07-07 07:34:55.219 | INFO     | __main__:ping_device:72 - GITHUB: status=1, sent=4, recv=4, rtt_avg=147 ms
2025-07-07 07:34:55.241 | INFO     | __main__:ping_device:72 - GOOGLE: status=1, sent=4, recv=4, rtt_avg=154 ms
2025-07-07 07:34:58.450 | INFO     | __main__:ping_device:72 - SAMSUNG_S22: status=0, sent=4, recv=0, rtt_avg=None ms
2025-07-07 07:34:58.507 | INFO     | __main__:monitor_loop:126 - Persistidos 5 resultados de monitoramento.
2025-07-07 07:34:58.508 | INFO     | __main__:monitor_loop:134 - Tempo de execução do loop: 3886.357 ms
==================================================
2025-07-07 07:35:24.647 | INFO     | __main__:ping_device:72 - FER_24G: status=1, sent=4, recv=4, rtt_avg=3 ms
2025-07-07 07:35:24.806 | INFO     | __main__:ping_device:72 - FACEBOOK: status=1, sent=4, recv=4, rtt_avg=44 ms
2025-07-07 07:35:25.005 | INFO     | __main__:ping_device:72 - SAMSUNG_S22: status=1, sent=4, recv=4, rtt_avg=92 ms
2025-07-07 07:35:25.048 | INFO     | __main__:ping_device:72 - WIKIPEDIA: status=1, sent=3, recv=3, rtt_avg=138 ms
2025-07-07 07:35:25.227 | INFO     | __main__:ping_device:72 - GITHUB: status=1, sent=4, recv=4, rtt_avg=149 ms
2025-07-07 07:35:25.251 | INFO     | __main__:ping_device:72 - GOOGLE: status=1, sent=4, recv=4, rtt_avg=156 ms
2025-07-07 07:35:25.279 | INFO     | __main__:monitor_loop:126 - Persistidos 6 resultados de monitoramento.
2025-07-07 07:35:25.279 | INFO     | __main__:monitor_loop:134 - Tempo de execução do loop: 656.522 ms
==================================================
2025-07-07 07:35:54.640 | INFO     | __main__:ping_device:72 - FER_24G: status=1, sent=4, recv=4, rtt_avg=2 ms
2025-07-07 07:35:55.018 | INFO     | __main__:ping_device:72 - SAMSUNG_S22: status=1, sent=4, recv=4, rtt_avg=96 ms
2025-07-07 07:35:55.227 | INFO     | __main__:ping_device:72 - GITHUB: status=1, sent=4, recv=4, rtt_avg=149 ms
2025-07-07 07:35:55.253 | INFO     | __main__:ping_device:72 - GOOGLE: status=1, sent=4, recv=4, rtt_avg=156 ms
2025-07-07 07:35:55.265 | INFO     | __main__:monitor_loop:126 - Persistidos 4 resultados de monitoramento.
2025-07-07 07:35:55.265 | INFO     | __main__:monitor_loop:134 - Tempo de execução do loop: 642.569 ms
==================================================
2025-07-07 07:36:24.642 | INFO     | __main__:ping_device:72 - FER_24G: status=1, sent=4, recv=4, rtt_avg=2 ms
2025-07-07 07:36:24.685 | INFO     | __main__:ping_device:72 - CLOUDFLARE: status=1, sent=2, recv=2, rtt_avg=28 ms
2025-07-07 07:36:24.798 | INFO     | __main__:ping_device:72 - FACEBOOK: status=1, sent=4, recv=4, rtt_avg=42 ms
2025-07-07 07:36:24.994 | INFO     | __main__:ping_device:72 - SAMSUNG_S22: status=1, sent=4, recv=4, rtt_avg=89 ms
2025-07-07 07:36:25.041 | INFO     | __main__:ping_device:72 - WIKIPEDIA: status=1, sent=3, recv=3, rtt_avg=136 ms
2025-07-07 07:36:25.220 | INFO     | __main__:ping_device:72 - GITHUB: status=1, sent=4, recv=4, rtt_avg=147 ms
2025-07-07 07:36:25.249 | INFO     | __main__:ping_device:72 - GOOGLE: status=1, sent=4, recv=4, rtt_avg=155 ms
2025-07-07 07:36:25.276 | INFO     | __main__:monitor_loop:126 - Persistidos 7 resultados de monitoramento.
2025-07-07 07:36:25.277 | INFO     | __main__:monitor_loop:134 - Tempo de execução do loop: 653.703 ms
==================================================
2025-07-07 07:36:54.641 | INFO     | __main__:ping_device:72 - FER_24G: status=1, sent=4, recv=4, rtt_avg=2 ms
2025-07-07 07:36:54.915 | INFO     | __main__:ping_device:72 - SAMSUNG_S22: status=1, sent=4, recv=4, rtt_avg=69 ms
2025-07-07 07:36:55.222 | INFO     | __main__:ping_device:72 - GITHUB: status=1, sent=4, recv=4, rtt_avg=147 ms
2025-07-07 07:36:55.244 | INFO     | __main__:ping_device:72 - GOOGLE: status=1, sent=4, recv=4, rtt_avg=153 ms
2025-07-07 07:36:55.261 | INFO     | __main__:monitor_loop:126 - Persistidos 4 resultados de monitoramento.
2025-07-07 07:36:55.262 | INFO     | __main__:monitor_loop:134 - Tempo de execução do loop: 637.366 ms
==================================================
2025-07-07 07:37:24.630 | INFO     | __main__:monitor_loop:103 - Dispositivos carregados: 7
==================================================
2025-07-07 07:37:24.638 | INFO     | __main__:ping_device:72 - FER_24G: status=1, sent=4, recv=4, rtt_avg=0 ms
2025-07-07 07:37:24.805 | INFO     | __main__:ping_device:72 - FACEBOOK: status=1, sent=4, recv=4, rtt_avg=43 ms
2025-07-07 07:37:25.042 | INFO     | __main__:ping_device:72 - WIKIPEDIA: status=1, sent=3, recv=3, rtt_avg=136 ms
2025-07-07 07:37:25.221 | INFO     | __main__:ping_device:72 - GITHUB: status=1, sent=4, recv=4, rtt_avg=146 ms
2025-07-07 07:37:25.252 | INFO     | __main__:ping_device:72 - GOOGLE: status=1, sent=4, recv=4, rtt_avg=154 ms
2025-07-07 07:37:25.276 | INFO     | __main__:ping_device:72 - SAMSUNG_S22: status=1, sent=4, recv=4, rtt_avg=159 ms
2025-07-07 07:37:25.291 | INFO     | __main__:monitor_loop:126 - Persistidos 6 resultados de monitoramento.
2025-07-07 07:37:25.292 | INFO     | __main__:monitor_loop:134 - Tempo de execução do loop: 665.874 ms
==================================================
2025-07-07 07:37:54.645 | INFO     | __main__:ping_device:72 - FER_24G: status=1, sent=4, recv=4, rtt_avg=1 ms
2025-07-07 07:37:54.700 | INFO     | __main__:ping_device:72 - CLOUDFLARE: status=1, sent=2, recv=2, rtt_avg=34 ms
2025-07-07 07:37:54.960 | INFO     | __main__:ping_device:72 - SAMSUNG_S22: status=1, sent=4, recv=4, rtt_avg=80 ms
2025-07-07 07:37:55.237 | INFO     | __main__:ping_device:72 - GITHUB: status=1, sent=4, recv=4, rtt_avg=151 ms
2025-07-07 07:37:55.265 | INFO     | __main__:ping_device:72 - GOOGLE: status=1, sent=4, recv=4, rtt_avg=158 ms
2025-07-07 07:37:55.280 | INFO     | __main__:monitor_loop:126 - Persistidos 5 resultados de monitoramento.
2025-07-07 07:37:55.280 | INFO     | __main__:monitor_loop:134 - Tempo de execução do loop: 652.870 ms
==================================================
2025-07-07 07:38:24.649 | INFO     | __main__:ping_device:72 - FER_24G: status=1, sent=4, recv=4, rtt_avg=2 ms
2025-07-07 07:38:24.815 | INFO     | __main__:ping_device:72 - FACEBOOK: status=1, sent=4, recv=4, rtt_avg=45 ms
2025-07-07 07:38:24.820 | INFO     | __main__:ping_device:72 - SAMSUNG_S22: status=1, sent=4, recv=4, rtt_avg=44 ms
2025-07-07 07:38:25.049 | INFO     | __main__:ping_device:72 - WIKIPEDIA: status=1, sent=3, recv=3, rtt_avg=136 ms
2025-07-07 07:38:25.229 | INFO     | __main__:ping_device:72 - GITHUB: status=1, sent=4, recv=4, rtt_avg=148 ms
2025-07-07 07:38:25.252 | INFO     | __main__:ping_device:72 - GOOGLE: status=1, sent=4, recv=4, rtt_avg=154 ms
2025-07-07 07:38:25.271 | INFO     | __main__:monitor_loop:126 - Persistidos 6 resultados de monitoramento.
2025-07-07 07:38:25.272 | INFO     | __main__:monitor_loop:134 - Tempo de execução do loop: 644.526 ms
==================================================
2025-07-07 07:38:54.653 | INFO     | __main__:ping_device:72 - FER_24G: status=1, sent=4, recv=4, rtt_avg=3 ms
2025-07-07 07:38:55.047 | INFO     | __main__:ping_device:72 - SAMSUNG_S22: status=1, sent=4, recv=4, rtt_avg=101 ms
2025-07-07 07:38:55.226 | INFO     | __main__:ping_device:72 - GITHUB: status=1, sent=4, recv=4, rtt_avg=147 ms
2025-07-07 07:38:55.249 | INFO     | __main__:ping_device:72 - GOOGLE: status=1, sent=4, recv=4, rtt_avg=153 ms
2025-07-07 07:38:55.272 | INFO     | __main__:monitor_loop:126 - Persistidos 4 resultados de monitoramento.
2025-07-07 07:38:55.272 | INFO     | __main__:monitor_loop:134 - Tempo de execução do loop: 642.627 ms
==================================================
2025-07-07 07:39:24.654 | INFO     | __main__:ping_device:72 - FER_24G: status=1, sent=4, recv=4, rtt_avg=2 ms
2025-07-07 07:39:24.694 | INFO     | __main__:ping_device:72 - CLOUDFLARE: status=1, sent=2, recv=2, rtt_avg=28 ms
2025-07-07 07:39:24.816 | INFO     | __main__:ping_device:72 - FACEBOOK: status=1, sent=4, recv=4, rtt_avg=44 ms
2025-07-07 07:39:25.056 | INFO     | __main__:ping_device:72 - WIKIPEDIA: status=1, sent=3, recv=3, rtt_avg=138 ms
2025-07-07 07:39:25.065 | INFO     | __main__:ping_device:72 - SAMSUNG_S22: status=1, sent=4, recv=4, rtt_avg=105 ms
2025-07-07 07:39:25.232 | INFO     | __main__:ping_device:72 - GITHUB: status=1, sent=4, recv=4, rtt_avg=148 ms
2025-07-07 07:39:25.273 | INFO     | __main__:ping_device:72 - GOOGLE: status=1, sent=4, recv=4, rtt_avg=159 ms
2025-07-07 07:39:25.277 | INFO     | __main__:monitor_loop:126 - Persistidos 7 resultados de monitoramento.
2025-07-07 07:39:25.277 | INFO     | __main__:monitor_loop:134 - Tempo de execução do loop: 646.451 ms
==================================================
2025-07-07 07:39:54.649 | INFO     | __main__:ping_device:72 - FER_24G: status=1, sent=4, recv=4, rtt_avg=2 ms
2025-07-07 07:39:54.981 | INFO     | __main__:ping_device:72 - SAMSUNG_S22: status=1, sent=4, recv=4, rtt_avg=84 ms
2025-07-07 07:39:55.234 | INFO     | __main__:ping_device:72 - GITHUB: status=1, sent=4, recv=4, rtt_avg=148 ms
2025-07-07 07:39:55.253 | INFO     | __main__:ping_device:72 - GOOGLE: status=1, sent=4, recv=4, rtt_avg=153 ms
2025-07-07 07:39:55.269 | INFO     | __main__:monitor_loop:126 - Persistidos 4 resultados de monitoramento.
2025-07-07 07:39:55.270 | INFO     | __main__:monitor_loop:134 - Tempo de execução do loop: 638.408 ms
==================================================
2025-07-07 07:40:24.656 | INFO     | __main__:ping_device:72 - FER_24G: status=1, sent=4, recv=4, rtt_avg=2 ms
2025-07-07 07:40:24.820 | INFO     | __main__:ping_device:72 - FACEBOOK: status=1, sent=4, recv=4, rtt_avg=44 ms
2025-07-07 07:40:25.029 | INFO     | __main__:ping_device:72 - SAMSUNG_S22: status=1, sent=4, recv=4, rtt_avg=95 ms
2025-07-07 07:40:25.055 | INFO     | __main__:ping_device:72 - WIKIPEDIA: status=1, sent=3, recv=3, rtt_avg=137 ms
2025-07-07 07:40:25.234 | INFO     | __main__:ping_device:72 - GITHUB: status=1, sent=4, recv=4, rtt_avg=148 ms
2025-07-07 07:40:25.259 | INFO     | __main__:ping_device:72 - GOOGLE: status=1, sent=4, recv=4, rtt_avg=155 ms
2025-07-07 07:40:25.273 | INFO     | __main__:monitor_loop:126 - Persistidos 6 resultados de monitoramento.
2025-07-07 07:40:25.273 | INFO     | __main__:monitor_loop:134 - Tempo de execução do loop: 640.396 ms
==================================================
2025-07-07 07:40:54.646 | INFO     | __main__:ping_device:72 - FER_24G: status=1, sent=4, recv=4, rtt_avg=1 ms
2025-07-07 07:40:54.696 | INFO     | __main__:ping_device:72 - CLOUDFLARE: status=1, sent=2, recv=2, rtt_avg=30 ms
2025-07-07 07:40:55.234 | INFO     | __main__:ping_device:72 - GITHUB: status=1, sent=4, recv=4, rtt_avg=148 ms
2025-07-07 07:40:55.265 | INFO     | __main__:ping_device:72 - GOOGLE: status=1, sent=4, recv=4, rtt_avg=156 ms
2025-07-07 07:40:55.304 | INFO     | __main__:ping_device:72 - SAMSUNG_S22: status=1, sent=4, recv=4, rtt_avg=165 ms
2025-07-07 07:40:55.332 | INFO     | __main__:monitor_loop:126 - Persistidos 5 resultados de monitoramento.
2025-07-07 07:40:55.333 | INFO     | __main__:monitor_loop:134 - Tempo de execução do loop: 699.407 ms
==================================================
2025-07-07 07:41:24.657 | INFO     | __main__:ping_device:72 - FER_24G: status=1, sent=4, recv=4, rtt_avg=2 ms
2025-07-07 07:41:24.821 | INFO     | __main__:ping_device:72 - FACEBOOK: status=1, sent=4, recv=4, rtt_avg=44 ms
2025-07-07 07:41:24.890 | INFO     | __main__:ping_device:72 - SAMSUNG_S22: status=1, sent=4, recv=4, rtt_avg=60 ms
2025-07-07 07:41:25.063 | INFO     | __main__:ping_device:72 - WIKIPEDIA: status=1, sent=3, recv=3, rtt_avg=139 ms
2025-07-07 07:41:25.240 | INFO     | __main__:ping_device:72 - GITHUB: status=1, sent=4, recv=4, rtt_avg=149 ms
2025-07-07 07:41:25.261 | INFO     | __main__:ping_device:72 - GOOGLE: status=1, sent=4, recv=4, rtt_avg=155 ms
2025-07-07 07:41:25.277 | INFO     | __main__:monitor_loop:126 - Persistidos 6 resultados de monitoramento.
2025-07-07 07:41:25.278 | INFO     | __main__:monitor_loop:134 - Tempo de execução do loop: 642.844 ms
==================================================
2025-07-07 07:41:54.653 | INFO     | __main__:ping_device:72 - FER_24G: status=1, sent=4, recv=4, rtt_avg=2 ms
2025-07-07 07:41:55.004 | INFO     | __main__:ping_device:72 - SAMSUNG_S22: status=1, sent=4, recv=4, rtt_avg=89 ms
2025-07-07 07:41:55.227 | INFO     | __main__:ping_device:72 - GITHUB: status=1, sent=4, recv=4, rtt_avg=146 ms
2025-07-07 07:41:55.255 | INFO     | __main__:ping_device:72 - GOOGLE: status=1, sent=4, recv=4, rtt_avg=153 ms
2025-07-07 07:41:55.273 | INFO     | __main__:monitor_loop:126 - Persistidos 4 resultados de monitoramento.
2025-07-07 07:41:55.274 | INFO     | __main__:monitor_loop:134 - Tempo de execução do loop: 638.139 ms
==================================================
2025-07-07 07:42:24.649 | INFO     | __main__:monitor_loop:103 - Dispositivos carregados: 7
==================================================
2025-07-07 07:42:24.666 | INFO     | __main__:ping_device:72 - FER_24G: status=1, sent=4, recv=4, rtt_avg=2 ms
2025-07-07 07:42:24.721 | INFO     | __main__:ping_device:72 - CLOUDFLARE: status=1, sent=2, recv=2, rtt_avg=32 ms
2025-07-07 07:42:24.833 | INFO     | __main__:ping_device:72 - FACEBOOK: status=1, sent=4, recv=4, rtt_avg=43 ms
2025-07-07 07:42:25.067 | INFO     | __main__:ping_device:72 - WIKIPEDIA: status=1, sent=3, recv=3, rtt_avg=136 ms
2025-07-07 07:42:25.106 | INFO     | __main__:ping_device:72 - SAMSUNG_S22: status=1, sent=4, recv=4, rtt_avg=111 ms
2025-07-07 07:42:25.250 | INFO     | __main__:ping_device:72 - GITHUB: status=1, sent=4, recv=4, rtt_avg=147 ms
2025-07-07 07:42:25.283 | INFO     | __main__:ping_device:72 - GOOGLE: status=1, sent=4, recv=4, rtt_avg=157 ms
2025-07-07 07:42:25.290 | INFO     | __main__:monitor_loop:126 - Persistidos 7 resultados de monitoramento.
2025-07-07 07:42:25.290 | INFO     | __main__:monitor_loop:134 - Tempo de execução do loop: 652.962 ms
==================================================
2025-07-07 07:42:54.646 | INFO     | __main__:ping_device:72 - FER_24G: status=1, sent=4, recv=4, rtt_avg=1 ms
2025-07-07 07:42:54.861 | INFO     | __main__:ping_device:72 - SAMSUNG_S22: status=1, sent=4, recv=4, rtt_avg=54 ms
2025-07-07 07:42:55.235 | INFO     | __main__:ping_device:72 - GITHUB: status=1, sent=4, recv=4, rtt_avg=148 ms
2025-07-07 07:42:55.263 | INFO     | __main__:ping_device:72 - GOOGLE: status=1, sent=4, recv=4, rtt_avg=155 ms
2025-07-07 07:42:55.269 | INFO     | __main__:monitor_loop:126 - Persistidos 4 resultados de monitoramento.
2025-07-07 07:42:55.269 | INFO     | __main__:monitor_loop:134 - Tempo de execução do loop: 631.310 ms
==================================================
2025-07-07 07:43:24.650 | INFO     | __main__:ping_device:72 - FER_24G: status=1, sent=4, recv=4, rtt_avg=1 ms
2025-07-07 07:43:24.828 | INFO     | __main__:ping_device:72 - FACEBOOK: status=1, sent=4, recv=4, rtt_avg=46 ms
2025-07-07 07:43:25.025 | INFO     | __main__:ping_device:72 - SAMSUNG_S22: status=1, sent=4, recv=4, rtt_avg=94 ms
2025-07-07 07:43:25.050 | INFO     | __main__:ping_device:72 - WIKIPEDIA: status=1, sent=3, recv=3, rtt_avg=135 ms
2025-07-07 07:43:25.232 | INFO     | __main__:ping_device:72 - GITHUB: status=1, sent=4, recv=4, rtt_avg=147 ms
2025-07-07 07:43:25.259 | INFO     | __main__:ping_device:72 - GOOGLE: status=1, sent=4, recv=4, rtt_avg=154 ms
2025-07-07 07:43:25.264 | INFO     | __main__:monitor_loop:126 - Persistidos 6 resultados de monitoramento.
2025-07-07 07:43:25.264 | INFO     | __main__:monitor_loop:134 - Tempo de execução do loop: 625.706 ms
==================================================
2025-07-07 07:43:54.646 | INFO     | __main__:ping_device:72 - FER_24G: status=1, sent=4, recv=4, rtt_avg=1 ms
2025-07-07 07:43:54.697 | INFO     | __main__:ping_device:72 - CLOUDFLARE: status=1, sent=2, recv=2, rtt_avg=27 ms
2025-07-07 07:43:55.043 | INFO     | __main__:ping_device:72 - SAMSUNG_S22: status=1, sent=4, recv=4, rtt_avg=99 ms
2025-07-07 07:43:55.234 | INFO     | __main__:ping_device:72 - GITHUB: status=1, sent=4, recv=4, rtt_avg=147 ms
2025-07-07 07:43:55.261 | INFO     | __main__:ping_device:72 - GOOGLE: status=1, sent=4, recv=4, rtt_avg=154 ms
2025-07-07 07:43:55.288 | INFO     | __main__:monitor_loop:126 - Persistidos 5 resultados de monitoramento.
2025-07-07 07:43:55.289 | INFO     | __main__:monitor_loop:134 - Tempo de execução do loop: 649.639 ms
==================================================
2025-07-07 07:44:24.663 | INFO     | __main__:ping_device:72 - FER_24G: status=1, sent=4, recv=4, rtt_avg=2 ms
2025-07-07 07:44:24.805 | INFO     | __main__:ping_device:72 - SAMSUNG_S22: status=1, sent=4, recv=4, rtt_avg=37 ms
2025-07-07 07:44:24.820 | INFO     | __main__:ping_device:72 - FACEBOOK: status=1, sent=4, recv=4, rtt_avg=43 ms
2025-07-07 07:44:25.061 | INFO     | __main__:ping_device:72 - WIKIPEDIA: status=1, sent=3, recv=3, rtt_avg=136 ms
2025-07-07 07:44:25.239 | INFO     | __main__:ping_device:72 - GITHUB: status=1, sent=4, recv=4, rtt_avg=147 ms
2025-07-07 07:44:25.272 | INFO     | __main__:ping_device:72 - GOOGLE: status=1, sent=4, recv=4, rtt_avg=156 ms
2025-07-07 07:44:25.290 | INFO     | __main__:monitor_loop:126 - Persistidos 6 resultados de monitoramento.
2025-07-07 07:44:25.290 | INFO     | __main__:monitor_loop:134 - Tempo de execução do loop: 649.614 ms
==================================================
2025-07-07 07:44:54.649 | INFO     | __main__:ping_device:72 - FER_24G: status=1, sent=4, recv=4, rtt_avg=1 ms
2025-07-07 07:44:55.015 | INFO     | __main__:ping_device:72 - SAMSUNG_S22: status=1, sent=4, recv=4, rtt_avg=91 ms
2025-07-07 07:44:55.235 | INFO     | __main__:ping_device:72 - GITHUB: status=1, sent=4, recv=4, rtt_avg=147 ms
2025-07-07 07:44:55.269 | INFO     | __main__:ping_device:72 - GOOGLE: status=1, sent=4, recv=4, rtt_avg=156 ms
2025-07-07 07:44:55.290 | INFO     | __main__:monitor_loop:126 - Persistidos 4 resultados de monitoramento.
2025-07-07 07:44:55.290 | INFO     | __main__:monitor_loop:134 - Tempo de execução do loop: 648.445 ms
==================================================
2025-07-07 07:45:24.668 | INFO     | __main__:ping_device:72 - FER_24G: status=1, sent=4, recv=4, rtt_avg=2 ms
2025-07-07 07:45:24.705 | INFO     | __main__:ping_device:72 - CLOUDFLARE: status=1, sent=2, recv=2, rtt_avg=27 ms
2025-07-07 07:45:24.828 | INFO     | __main__:ping_device:72 - FACEBOOK: status=1, sent=4, recv=4, rtt_avg=44 ms
2025-07-07 07:45:25.069 | INFO     | __main__:ping_device:72 - WIKIPEDIA: status=1, sent=3, recv=3, rtt_avg=138 ms
2025-07-07 07:45:25.085 | INFO     | __main__:ping_device:72 - SAMSUNG_S22: status=1, sent=4, recv=4, rtt_avg=106 ms
2025-07-07 07:45:25.253 | INFO     | __main__:ping_device:72 - GITHUB: status=1, sent=4, recv=4, rtt_avg=149 ms
2025-07-07 07:45:25.266 | INFO     | __main__:ping_device:72 - GOOGLE: status=1, sent=4, recv=4, rtt_avg=154 ms
2025-07-07 07:45:25.286 | INFO     | __main__:monitor_loop:126 - Persistidos 7 resultados de monitoramento.
2025-07-07 07:45:25.286 | INFO     | __main__:monitor_loop:134 - Tempo de execução do loop: 643.598 ms
==================================================
2025-07-07 07:45:54.651 | INFO     | __main__:ping_device:72 - FER_24G: status=1, sent=4, recv=4, rtt_avg=1 ms
2025-07-07 07:45:55.029 | INFO     | __main__:ping_device:72 - SAMSUNG_S22: status=1, sent=4, recv=4, rtt_avg=95 ms
2025-07-07 07:45:55.240 | INFO     | __main__:ping_device:72 - GITHUB: status=1, sent=4, recv=4, rtt_avg=148 ms
2025-07-07 07:45:55.264 | INFO     | __main__:ping_device:72 - GOOGLE: status=1, sent=4, recv=4, rtt_avg=154 ms
2025-07-07 07:45:55.288 | INFO     | __main__:monitor_loop:126 - Persistidos 4 resultados de monitoramento.
2025-07-07 07:45:55.288 | INFO     | __main__:monitor_loop:134 - Tempo de execução do loop: 645.134 ms
==================================================
2025-07-07 07:46:24.665 | INFO     | __main__:ping_device:72 - FER_24G: status=1, sent=4, recv=4, rtt_avg=2 ms
2025-07-07 07:46:24.826 | INFO     | __main__:ping_device:72 - FACEBOOK: status=1, sent=4, recv=4, rtt_avg=43 ms
2025-07-07 07:46:25.014 | INFO     | __main__:ping_device:72 - SAMSUNG_S22: status=1, sent=4, recv=4, rtt_avg=89 ms
2025-07-07 07:46:25.072 | INFO     | __main__:ping_device:72 - WIKIPEDIA: status=1, sent=3, recv=3, rtt_avg=139 ms
2025-07-07 07:46:25.244 | INFO     | __main__:ping_device:72 - GITHUB: status=1, sent=4, recv=4, rtt_avg=148 ms
2025-07-07 07:46:25.268 | INFO     | __main__:ping_device:72 - GOOGLE: status=1, sent=4, recv=4, rtt_avg=154 ms
2025-07-07 07:46:25.295 | INFO     | __main__:monitor_loop:126 - Persistidos 6 resultados de monitoramento.
2025-07-07 07:46:25.295 | INFO     | __main__:monitor_loop:134 - Tempo de execução do loop: 650.951 ms
==================================================
2025-07-07 07:46:54.659 | INFO     | __main__:ping_device:72 - FER_24G: status=1, sent=4, recv=4, rtt_avg=2 ms
2025-07-07 07:46:54.712 | INFO     | __main__:ping_device:72 - CLOUDFLARE: status=1, sent=2, recv=2, rtt_avg=32 ms
2025-07-07 07:46:54.910 | INFO     | __main__:ping_device:72 - SAMSUNG_S22: status=1, sent=4, recv=4, rtt_avg=65 ms
2025-07-07 07:46:55.252 | INFO     | __main__:ping_device:72 - GITHUB: status=1, sent=4, recv=4, rtt_avg=150 ms
2025-07-07 07:46:55.274 | INFO     | __main__:ping_device:72 - GOOGLE: status=1, sent=4, recv=4, rtt_avg=156 ms
2025-07-07 07:46:55.302 | INFO     | __main__:monitor_loop:126 - Persistidos 5 resultados de monitoramento.
2025-07-07 07:46:55.303 | INFO     | __main__:monitor_loop:134 - Tempo de execução do loop: 658.232 ms
==================================================
2025-07-07 07:47:24.651 | INFO     | __main__:monitor_loop:103 - Dispositivos carregados: 7
==================================================
2025-07-07 07:47:24.658 | INFO     | __main__:ping_device:72 - FER_24G: status=1, sent=4, recv=4, rtt_avg=0 ms
2025-07-07 07:47:24.835 | INFO     | __main__:ping_device:72 - FACEBOOK: status=1, sent=4, recv=4, rtt_avg=44 ms
2025-07-07 07:47:25.071 | INFO     | __main__:ping_device:72 - WIKIPEDIA: status=1, sent=3, recv=3, rtt_avg=138 ms
2025-07-07 07:47:25.250 | INFO     | __main__:ping_device:72 - GITHUB: status=1, sent=4, recv=4, rtt_avg=148 ms
2025-07-07 07:47:25.286 | INFO     | __main__:ping_device:72 - GOOGLE: status=1, sent=4, recv=4, rtt_avg=157 ms
2025-07-07 07:47:26.118 | INFO     | __main__:ping_device:72 - SAMSUNG_S22: status=1, sent=4, recv=3, rtt_avg=487 ms
2025-07-07 07:47:26.148 | INFO     | __main__:monitor_loop:126 - Persistidos 6 resultados de monitoramento.
2025-07-07 07:47:26.148 | INFO     | __main__:monitor_loop:134 - Tempo de execução do loop: 1502.401 ms
==================================================
2025-07-07 07:47:54.653 | INFO     | __main__:ping_device:72 - FER_24G: status=1, sent=4, recv=4, rtt_avg=1 ms
2025-07-07 07:47:54.790 | INFO     | __main__:ping_device:72 - SAMSUNG_S22: status=1, sent=4, recv=4, rtt_avg=35 ms
2025-07-07 07:47:55.245 | INFO     | __main__:ping_device:72 - GITHUB: status=1, sent=4, recv=4, rtt_avg=148 ms
2025-07-07 07:47:55.275 | INFO     | __main__:ping_device:72 - GOOGLE: status=1, sent=4, recv=4, rtt_avg=156 ms
2025-07-07 07:47:55.282 | INFO     | __main__:monitor_loop:126 - Persistidos 4 resultados de monitoramento.
2025-07-07 07:47:55.283 | INFO     | __main__:monitor_loop:134 - Tempo de execução do loop: 635.849 ms
==================================================
2025-07-07 07:48:24.656 | INFO     | __main__:ping_device:72 - FER_24G: status=1, sent=4, recv=4, rtt_avg=1 ms
2025-07-07 07:48:24.708 | INFO     | __main__:ping_device:72 - CLOUDFLARE: status=1, sent=2, recv=2, rtt_avg=28 ms
2025-07-07 07:48:24.833 | INFO     | __main__:ping_device:72 - FACEBOOK: status=1, sent=4, recv=4, rtt_avg=45 ms
2025-07-07 07:48:24.834 | INFO     | __main__:ping_device:72 - SAMSUNG_S22: status=1, sent=4, recv=4, rtt_avg=45 ms
2025-07-07 07:48:25.064 | INFO     | __main__:ping_device:72 - WIKIPEDIA: status=1, sent=3, recv=3, rtt_avg=137 ms
2025-07-07 07:48:25.243 | INFO     | __main__:ping_device:72 - GITHUB: status=1, sent=4, recv=4, rtt_avg=147 ms
2025-07-07 07:48:25.280 | INFO     | __main__:ping_device:72 - GOOGLE: status=1, sent=4, recv=4, rtt_avg=157 ms
2025-07-07 07:48:25.306 | INFO     | __main__:monitor_loop:126 - Persistidos 7 resultados de monitoramento.
2025-07-07 07:48:25.307 | INFO     | __main__:monitor_loop:134 - Tempo de execução do loop: 659.624 ms
==================================================
2025-07-07 07:48:54.656 | INFO     | __main__:ping_device:72 - FER_24G: status=1, sent=4, recv=4, rtt_avg=1 ms
2025-07-07 07:48:55.211 | INFO     | __main__:ping_device:72 - SAMSUNG_S22: status=1, sent=4, recv=4, rtt_avg=139 ms
2025-07-07 07:48:55.253 | INFO     | __main__:ping_device:72 - GITHUB: status=1, sent=4, recv=4, rtt_avg=150 ms
2025-07-07 07:48:55.274 | INFO     | __main__:ping_device:72 - GOOGLE: status=1, sent=4, recv=4, rtt_avg=155 ms
2025-07-07 07:48:55.284 | INFO     | __main__:monitor_loop:126 - Persistidos 4 resultados de monitoramento.
2025-07-07 07:48:55.285 | INFO     | __main__:monitor_loop:134 - Tempo de execução do loop: 635.937 ms
==================================================
2025-07-07 07:49:24.659 | INFO     | __main__:ping_device:72 - FER_24G: status=1, sent=4, recv=4, rtt_avg=1 ms
2025-07-07 07:49:24.835 | INFO     | __main__:ping_device:72 - FACEBOOK: status=1, sent=4, recv=4, rtt_avg=45 ms
2025-07-07 07:49:25.008 | INFO     | __main__:ping_device:72 - SAMSUNG_S22: status=1, sent=4, recv=4, rtt_avg=88 ms
2025-07-07 07:49:25.071 | INFO     | __main__:ping_device:72 - WIKIPEDIA: status=1, sent=3, recv=3, rtt_avg=139 ms
2025-07-07 07:49:25.252 | INFO     | __main__:ping_device:72 - GITHUB: status=1, sent=4, recv=4, rtt_avg=149 ms
2025-07-07 07:49:25.272 | INFO     | __main__:ping_device:72 - GOOGLE: status=1, sent=4, recv=4, rtt_avg=154 ms
2025-07-07 07:49:25.289 | INFO     | __main__:monitor_loop:126 - Persistidos 6 resultados de monitoramento.
2025-07-07 07:49:25.290 | INFO     | __main__:monitor_loop:134 - Tempo de execução do loop: 640.607 ms
==================================================
2025-07-07 07:49:54.664 | INFO     | __main__:ping_device:72 - FER_24G: status=1, sent=4, recv=4, rtt_avg=1 ms
2025-07-07 07:49:54.713 | INFO     | __main__:ping_device:72 - CLOUDFLARE: status=1, sent=2, recv=2, rtt_avg=29 ms
2025-07-07 07:49:55.067 | INFO     | __main__:ping_device:72 - SAMSUNG_S22: status=1, sent=4, recv=4, rtt_avg=101 ms
2025-07-07 07:49:55.251 | INFO     | __main__:ping_device:72 - GITHUB: status=1, sent=4, recv=4, rtt_avg=148 ms
2025-07-07 07:49:55.274 | INFO     | __main__:ping_device:72 - GOOGLE: status=1, sent=4, recv=4, rtt_avg=154 ms
2025-07-07 07:49:55.302 | INFO     | __main__:monitor_loop:126 - Persistidos 5 resultados de monitoramento.
2025-07-07 07:49:55.303 | INFO     | __main__:monitor_loop:134 - Tempo de execução do loop: 651.996 ms
==================================================
2025-07-07 07:50:24.658 | INFO     | __main__:ping_device:72 - FER_24G: status=1, sent=4, recv=4, rtt_avg=0 ms
2025-07-07 07:50:24.834 | INFO     | __main__:ping_device:72 - FACEBOOK: status=1, sent=4, recv=4, rtt_avg=45 ms
2025-07-07 07:50:25.071 | INFO     | __main__:ping_device:72 - WIKIPEDIA: status=1, sent=3, recv=3, rtt_avg=138 ms
2025-07-07 07:50:25.082 | INFO     | __main__:ping_device:72 - SAMSUNG_S22: status=1, sent=4, recv=4, rtt_avg=106 ms
2025-07-07 07:50:25.253 | INFO     | __main__:ping_device:72 - GITHUB: status=1, sent=4, recv=4, rtt_avg=149 ms
2025-07-07 07:50:25.271 | INFO     | __main__:ping_device:72 - GOOGLE: status=1, sent=4, recv=4, rtt_avg=154 ms
2025-07-07 07:50:25.292 | INFO     | __main__:monitor_loop:126 - Persistidos 6 resultados de monitoramento.
2025-07-07 07:50:25.293 | INFO     | __main__:monitor_loop:134 - Tempo de execução do loop: 641.843 ms
==================================================
2025-07-07 07:50:54.659 | INFO     | __main__:ping_device:72 - FER_24G: status=1, sent=4, recv=4, rtt_avg=1 ms
2025-07-07 07:50:55.211 | INFO     | __main__:ping_device:72 - SAMSUNG_S22: status=1, sent=4, recv=4, rtt_avg=138 ms
2025-07-07 07:50:55.248 | INFO     | __main__:ping_device:72 - GITHUB: status=1, sent=4, recv=4, rtt_avg=148 ms
2025-07-07 07:50:55.284 | INFO     | __main__:ping_device:72 - GOOGLE: status=1, sent=4, recv=4, rtt_avg=157 ms
2025-07-07 07:50:55.290 | INFO     | __main__:monitor_loop:126 - Persistidos 4 resultados de monitoramento.
2025-07-07 07:50:55.290 | INFO     | __main__:monitor_loop:134 - Tempo de execução do loop: 637.309 ms
==================================================
2025-07-07 07:51:24.667 | INFO     | __main__:ping_device:72 - FER_24G: status=1, sent=4, recv=4, rtt_avg=1 ms
2025-07-07 07:51:24.720 | INFO     | __main__:ping_device:72 - CLOUDFLARE: status=1, sent=2, recv=2, rtt_avg=31 ms
2025-07-07 07:51:24.835 | INFO     | __main__:ping_device:72 - FACEBOOK: status=1, sent=4, recv=4, rtt_avg=44 ms
2025-07-07 07:51:25.072 | INFO     | __main__:ping_device:72 - WIKIPEDIA: status=1, sent=3, recv=3, rtt_avg=137 ms
2025-07-07 07:51:25.089 | INFO     | __main__:ping_device:72 - SAMSUNG_S22: status=1, sent=4, recv=4, rtt_avg=107 ms
2025-07-07 07:51:25.252 | INFO     | __main__:ping_device:72 - GITHUB: status=1, sent=4, recv=4, rtt_avg=148 ms
2025-07-07 07:51:25.271 | INFO     | __main__:ping_device:72 - GOOGLE: status=1, sent=4, recv=4, rtt_avg=153 ms
2025-07-07 07:51:25.285 | INFO     | __main__:monitor_loop:126 - Persistidos 7 resultados de monitoramento.
2025-07-07 07:51:25.286 | INFO     | __main__:monitor_loop:134 - Tempo de execução do loop: 632.190 ms
==================================================
2025-07-07 07:51:54.672 | INFO     | __main__:ping_device:72 - FER_24G: status=1, sent=4, recv=4, rtt_avg=2 ms
2025-07-07 07:51:55.046 | INFO     | __main__:ping_device:72 - SAMSUNG_S22: status=1, sent=4, recv=4, rtt_avg=95 ms
2025-07-07 07:51:55.253 | INFO     | __main__:ping_device:72 - GITHUB: status=1, sent=4, recv=4, rtt_avg=148 ms
2025-07-07 07:51:55.282 | INFO     | __main__:ping_device:72 - GOOGLE: status=1, sent=4, recv=4, rtt_avg=155 ms
2025-07-07 07:51:55.308 | INFO     | __main__:monitor_loop:126 - Persistidos 4 resultados de monitoramento.
2025-07-07 07:51:55.309 | INFO     | __main__:monitor_loop:134 - Tempo de execução do loop: 654.539 ms
==================================================
2025-07-07 07:52:24.667 | INFO     | __main__:monitor_loop:103 - Dispositivos carregados: 7
==================================================
2025-07-07 07:52:24.691 | INFO     | __main__:ping_device:72 - FER_24G: status=1, sent=4, recv=4, rtt_avg=2 ms
2025-07-07 07:52:24.853 | INFO     | __main__:ping_device:72 - FACEBOOK: status=1, sent=4, recv=4, rtt_avg=44 ms
2025-07-07 07:52:24.983 | INFO     | __main__:ping_device:72 - SAMSUNG_S22: status=1, sent=4, recv=4, rtt_avg=75 ms
2025-07-07 07:52:25.088 | INFO     | __main__:ping_device:72 - WIKIPEDIA: status=1, sent=3, recv=3, rtt_avg=137 ms
2025-07-07 07:52:25.267 | INFO     | __main__:ping_device:72 - GITHUB: status=1, sent=4, recv=4, rtt_avg=147 ms
2025-07-07 07:52:25.294 | INFO     | __main__:ping_device:72 - GOOGLE: status=1, sent=4, recv=4, rtt_avg=155 ms
2025-07-07 07:52:25.309 | INFO     | __main__:monitor_loop:126 - Persistidos 6 resultados de monitoramento.
2025-07-07 07:52:25.309 | INFO     | __main__:monitor_loop:134 - Tempo de execução do loop: 653.101 ms
==================================================
2025-07-07 07:52:54.677 | INFO     | __main__:ping_device:72 - FER_24G: status=1, sent=4, recv=4, rtt_avg=2 ms
2025-07-07 07:52:54.719 | INFO     | __main__:ping_device:72 - CLOUDFLARE: status=1, sent=2, recv=2, rtt_avg=28 ms
2025-07-07 07:52:55.168 | INFO     | __main__:ping_device:72 - SAMSUNG_S22: status=1, sent=4, recv=4, rtt_avg=124 ms
2025-07-07 07:52:55.256 | INFO     | __main__:ping_device:72 - GITHUB: status=1, sent=4, recv=4, rtt_avg=147 ms
2025-07-07 07:52:55.278 | INFO     | __main__:ping_device:72 - GOOGLE: status=1, sent=4, recv=4, rtt_avg=154 ms
2025-07-07 07:52:55.296 | INFO     | __main__:monitor_loop:126 - Persistidos 5 resultados de monitoramento.
2025-07-07 07:52:55.297 | INFO     | __main__:monitor_loop:134 - Tempo de execução do loop: 640.202 ms
==================================================
2025-07-07 07:53:24.679 | INFO     | __main__:ping_device:72 - FER_24G: status=1, sent=4, recv=4, rtt_avg=2 ms
2025-07-07 07:53:24.851 | INFO     | __main__:ping_device:72 - FACEBOOK: status=1, sent=4, recv=4, rtt_avg=46 ms
2025-07-07 07:53:25.075 | INFO     | __main__:ping_device:72 - WIKIPEDIA: status=1, sent=3, recv=3, rtt_avg=136 ms
2025-07-07 07:53:25.254 | INFO     | __main__:ping_device:72 - GITHUB: status=1, sent=4, recv=4, rtt_avg=147 ms
2025-07-07 07:53:25.273 | INFO     | __main__:ping_device:72 - SAMSUNG_S22: status=1, sent=4, recv=4, rtt_avg=150 ms
2025-07-07 07:53:25.277 | INFO     | __main__:ping_device:72 - GOOGLE: status=1, sent=4, recv=4, rtt_avg=153 ms
2025-07-07 07:53:25.283 | INFO     | __main__:monitor_loop:126 - Persistidos 6 resultados de monitoramento.
2025-07-07 07:53:25.283 | INFO     | __main__:monitor_loop:134 - Tempo de execução do loop: 625.208 ms
==================================================
2025-07-07 07:53:54.678 | INFO     | __main__:ping_device:72 - FER_24G: status=1, sent=4, recv=4, rtt_avg=2 ms
2025-07-07 07:53:55.103 | INFO     | __main__:ping_device:72 - SAMSUNG_S22: status=1, sent=4, recv=4, rtt_avg=108 ms
2025-07-07 07:53:55.259 | INFO     | __main__:ping_device:72 - GITHUB: status=1, sent=4, recv=4, rtt_avg=148 ms
2025-07-07 07:53:55.284 | INFO     | __main__:ping_device:72 - GOOGLE: status=1, sent=4, recv=4, rtt_avg=155 ms
2025-07-07 07:53:55.290 | INFO     | __main__:monitor_loop:126 - Persistidos 4 resultados de monitoramento.
2025-07-07 07:53:55.290 | INFO     | __main__:monitor_loop:134 - Tempo de execução do loop: 631.756 ms
==================================================
2025-07-07 07:54:24.670 | INFO     | __main__:ping_device:72 - FER_24G: status=1, sent=4, recv=4, rtt_avg=1 ms
2025-07-07 07:54:24.717 | INFO     | __main__:ping_device:72 - CLOUDFLARE: status=1, sent=2, recv=2, rtt_avg=27 ms
2025-07-07 07:54:24.840 | INFO     | __main__:ping_device:72 - FACEBOOK: status=1, sent=4, recv=4, rtt_avg=44 ms
2025-07-07 07:54:24.937 | INFO     | __main__:ping_device:72 - SAMSUNG_S22: status=1, sent=4, recv=4, rtt_avg=68 ms
2025-07-07 07:54:25.073 | INFO     | __main__:ping_device:72 - WIKIPEDIA: status=1, sent=3, recv=3, rtt_avg=136 ms
2025-07-07 07:54:25.252 | INFO     | __main__:ping_device:72 - GITHUB: status=1, sent=4, recv=4, rtt_avg=147 ms
2025-07-07 07:54:25.282 | INFO     | __main__:ping_device:72 - GOOGLE: status=1, sent=4, recv=4, rtt_avg=155 ms
2025-07-07 07:54:25.297 | INFO     | __main__:monitor_loop:126 - Persistidos 7 resultados de monitoramento.
2025-07-07 07:54:25.298 | INFO     | __main__:monitor_loop:134 - Tempo de execução do loop: 638.569 ms
==================================================
2025-07-07 07:54:54.670 | INFO     | __main__:ping_device:72 - FER_24G: status=1, sent=4, recv=4, rtt_avg=1 ms
2025-07-07 07:54:55.140 | INFO     | __main__:ping_device:72 - SAMSUNG_S22: status=1, sent=4, recv=4, rtt_avg=118 ms
2025-07-07 07:54:55.251 | INFO     | __main__:ping_device:72 - GITHUB: status=1, sent=4, recv=4, rtt_avg=146 ms
2025-07-07 07:54:55.279 | INFO     | __main__:ping_device:72 - GOOGLE: status=1, sent=4, recv=4, rtt_avg=154 ms
2025-07-07 07:54:55.288 | INFO     | __main__:monitor_loop:126 - Persistidos 4 resultados de monitoramento.
2025-07-07 07:54:55.288 | INFO     | __main__:monitor_loop:134 - Tempo de execução do loop: 627.481 ms
==================================================
2025-07-07 07:55:24.670 | INFO     | __main__:ping_device:72 - FER_24G: status=1, sent=4, recv=4, rtt_avg=1 ms
2025-07-07 07:55:24.834 | INFO     | __main__:ping_device:72 - SAMSUNG_S22: status=1, sent=4, recv=4, rtt_avg=41 ms
2025-07-07 07:55:24.838 | INFO     | __main__:ping_device:72 - FACEBOOK: status=1, sent=4, recv=4, rtt_avg=43 ms
2025-07-07 07:55:25.079 | INFO     | __main__:ping_device:72 - WIKIPEDIA: status=1, sent=3, recv=3, rtt_avg=137 ms
2025-07-07 07:55:25.258 | INFO     | __main__:ping_device:72 - GITHUB: status=1, sent=4, recv=4, rtt_avg=148 ms
2025-07-07 07:55:25.287 | INFO     | __main__:ping_device:72 - GOOGLE: status=1, sent=4, recv=4, rtt_avg=155 ms
2025-07-07 07:55:25.290 | INFO     | __main__:monitor_loop:126 - Persistidos 6 resultados de monitoramento.
2025-07-07 07:55:25.291 | INFO     | __main__:monitor_loop:134 - Tempo de execução do loop: 629.956 ms
==================================================
2025-07-07 07:55:54.675 | INFO     | __main__:ping_device:72 - FER_24G: status=1, sent=4, recv=4, rtt_avg=2 ms
2025-07-07 07:55:54.723 | INFO     | __main__:ping_device:72 - CLOUDFLARE: status=1, sent=2, recv=2, rtt_avg=29 ms
2025-07-07 07:55:54.916 | INFO     | __main__:ping_device:72 - SAMSUNG_S22: status=1, sent=4, recv=4, rtt_avg=61 ms
2025-07-07 07:55:55.260 | INFO     | __main__:ping_device:72 - GITHUB: status=1, sent=4, recv=4, rtt_avg=148 ms
2025-07-07 07:55:55.288 | INFO     | __main__:ping_device:72 - GOOGLE: status=1, sent=4, recv=4, rtt_avg=155 ms
2025-07-07 07:55:55.301 | INFO     | __main__:monitor_loop:126 - Persistidos 5 resultados de monitoramento.
2025-07-07 07:55:55.301 | INFO     | __main__:monitor_loop:134 - Tempo de execução do loop: 639.808 ms
==================================================
2025-07-07 07:56:24.672 | INFO     | __main__:ping_device:72 - FER_24G: status=1, sent=4, recv=4, rtt_avg=1 ms
2025-07-07 07:56:24.836 | INFO     | __main__:ping_device:72 - FACEBOOK: status=1, sent=4, recv=4, rtt_avg=42 ms
2025-07-07 07:56:24.986 | INFO     | __main__:ping_device:72 - SAMSUNG_S22: status=1, sent=4, recv=4, rtt_avg=79 ms
2025-07-07 07:56:25.078 | INFO     | __main__:ping_device:72 - WIKIPEDIA: status=1, sent=3, recv=3, rtt_avg=137 ms
2025-07-07 07:56:25.267 | INFO     | __main__:ping_device:72 - GITHUB: status=1, sent=4, recv=4, rtt_avg=150 ms
2025-07-07 07:56:25.279 | INFO     | __main__:ping_device:72 - GOOGLE: status=1, sent=4, recv=4, rtt_avg=153 ms
2025-07-07 07:56:25.284 | INFO     | __main__:monitor_loop:126 - Persistidos 6 resultados de monitoramento.
2025-07-07 07:56:25.284 | INFO     | __main__:monitor_loop:134 - Tempo de execução do loop: 622.474 ms
==================================================
2025-07-07 07:56:54.684 | INFO     | __main__:ping_device:72 - FER_24G: status=1, sent=4, recv=4, rtt_avg=3 ms
2025-07-07 07:56:55.127 | INFO     | __main__:ping_device:72 - SAMSUNG_S22: status=1, sent=4, recv=4, rtt_avg=113 ms
2025-07-07 07:56:55.262 | INFO     | __main__:ping_device:72 - GITHUB: status=1, sent=4, recv=4, rtt_avg=148 ms
2025-07-07 07:56:55.290 | INFO     | __main__:ping_device:72 - GOOGLE: status=1, sent=4, recv=4, rtt_avg=155 ms
2025-07-07 07:56:55.294 | INFO     | __main__:monitor_loop:126 - Persistidos 4 resultados de monitoramento.
2025-07-07 07:56:55.294 | INFO     | __main__:monitor_loop:134 - Tempo de execução do loop: 631.381 ms
==================================================
2025-07-07 07:57:24.668 | INFO     | __main__:monitor_loop:103 - Dispositivos carregados: 7
==================================================
2025-07-07 07:57:24.681 | INFO     | __main__:ping_device:72 - FER_24G: status=1, sent=4, recv=4, rtt_avg=2 ms
2025-07-07 07:57:24.730 | INFO     | __main__:ping_device:72 - CLOUDFLARE: status=1, sent=2, recv=2, rtt_avg=29 ms
2025-07-07 07:57:24.851 | INFO     | __main__:ping_device:72 - FACEBOOK: status=1, sent=4, recv=4, rtt_avg=45 ms
2025-07-07 07:57:25.087 | INFO     | __main__:ping_device:72 - WIKIPEDIA: status=1, sent=3, recv=3, rtt_avg=137 ms
2025-07-07 07:57:25.223 | INFO     | __main__:ping_device:72 - SAMSUNG_S22: status=1, sent=4, recv=4, rtt_avg=137 ms
2025-07-07 07:57:25.265 | INFO     | __main__:ping_device:72 - GITHUB: status=1, sent=4, recv=4, rtt_avg=147 ms
2025-07-07 07:57:25.290 | INFO     | __main__:ping_device:72 - GOOGLE: status=1, sent=4, recv=4, rtt_avg=154 ms
2025-07-07 07:57:25.302 | INFO     | __main__:monitor_loop:126 - Persistidos 7 resultados de monitoramento.
2025-07-07 07:57:25.303 | INFO     | __main__:monitor_loop:134 - Tempo de execução do loop: 639.213 ms
==================================================
2025-07-07 07:57:54.682 | INFO     | __main__:ping_device:72 - FER_24G: status=1, sent=4, recv=4, rtt_avg=2 ms
2025-07-07 07:57:55.042 | INFO     | __main__:ping_device:72 - SAMSUNG_S22: status=1, sent=4, recv=4, rtt_avg=92 ms
2025-07-07 07:57:55.268 | INFO     | __main__:ping_device:72 - GITHUB: status=1, sent=4, recv=4, rtt_avg=149 ms
2025-07-07 07:57:55.294 | INFO     | __main__:ping_device:72 - GOOGLE: status=1, sent=4, recv=4, rtt_avg=156 ms
2025-07-07 07:57:55.322 | INFO     | __main__:monitor_loop:126 - Persistidos 4 resultados de monitoramento.
2025-07-07 07:57:55.323 | INFO     | __main__:monitor_loop:134 - Tempo de execução do loop: 659.299 ms
==================================================
2025-07-07 07:58:24.690 | INFO     | __main__:ping_device:72 - FER_24G: status=1, sent=4, recv=4, rtt_avg=3 ms
2025-07-07 07:58:24.844 | INFO     | __main__:ping_device:72 - FACEBOOK: status=1, sent=4, recv=4, rtt_avg=43 ms
2025-07-07 07:58:25.092 | INFO     | __main__:ping_device:72 - WIKIPEDIA: status=1, sent=3, recv=3, rtt_avg=139 ms
2025-07-07 07:58:25.269 | INFO     | __main__:ping_device:72 - GITHUB: status=1, sent=4, recv=4, rtt_avg=149 ms
2025-07-07 07:58:25.281 | INFO     | __main__:ping_device:72 - SAMSUNG_S22: status=1, sent=4, recv=4, rtt_avg=150 ms
2025-07-07 07:58:25.288 | INFO     | __main__:ping_device:72 - GOOGLE: status=1, sent=4, recv=4, rtt_avg=154 ms
2025-07-07 07:58:25.295 | INFO     | __main__:monitor_loop:126 - Persistidos 6 resultados de monitoramento.
2025-07-07 07:58:25.295 | INFO     | __main__:monitor_loop:134 - Tempo de execução do loop: 629.992 ms
==================================================
2025-07-07 07:58:54.678 | INFO     | __main__:ping_device:72 - FER_24G: status=1, sent=4, recv=4, rtt_avg=1 ms
2025-07-07 07:58:54.729 | INFO     | __main__:ping_device:72 - CLOUDFLARE: status=1, sent=2, recv=2, rtt_avg=30 ms
2025-07-07 07:58:54.857 | INFO     | __main__:ping_device:72 - SAMSUNG_S22: status=1, sent=4, recv=4, rtt_avg=47 ms
2025-07-07 07:58:55.271 | INFO     | __main__:ping_device:72 - GITHUB: status=1, sent=4, recv=4, rtt_avg=150 ms
2025-07-07 07:58:55.289 | INFO     | __main__:ping_device:72 - GOOGLE: status=1, sent=4, recv=4, rtt_avg=154 ms
2025-07-07 07:58:55.317 | INFO     | __main__:monitor_loop:126 - Persistidos 5 resultados de monitoramento.
2025-07-07 07:58:55.318 | INFO     | __main__:monitor_loop:134 - Tempo de execução do loop: 652.421 ms
==================================================
2025-07-07 07:59:24.687 | INFO     | __main__:ping_device:72 - FER_24G: status=1, sent=4, recv=4, rtt_avg=2 ms
2025-07-07 07:59:24.856 | INFO     | __main__:ping_device:72 - FACEBOOK: status=1, sent=4, recv=4, rtt_avg=45 ms
2025-07-07 07:59:25.091 | INFO     | __main__:ping_device:72 - WIKIPEDIA: status=1, sent=3, recv=3, rtt_avg=137 ms
2025-07-07 07:59:25.092 | INFO     | __main__:ping_device:72 - SAMSUNG_S22: status=1, sent=4, recv=4, rtt_avg=102 ms
2025-07-07 07:59:25.265 | INFO     | __main__:ping_device:72 - GITHUB: status=1, sent=4, recv=4, rtt_avg=147 ms
2025-07-07 07:59:25.292 | INFO     | __main__:ping_device:72 - GOOGLE: status=1, sent=4, recv=4, rtt_avg=155 ms
2025-07-07 07:59:25.311 | INFO     | __main__:monitor_loop:126 - Persistidos 6 resultados de monitoramento.
2025-07-07 07:59:25.312 | INFO     | __main__:monitor_loop:134 - Tempo de execução do loop: 645.663 ms
==================================================
2025-07-07 07:59:54.685 | INFO     | __main__:ping_device:72 - FER_24G: status=1, sent=4, recv=4, rtt_avg=2 ms
2025-07-07 07:59:55.244 | INFO     | __main__:ping_device:72 - SAMSUNG_S22: status=1, sent=4, recv=4, rtt_avg=141 ms
2025-07-07 07:59:55.267 | INFO     | __main__:ping_device:72 - GITHUB: status=1, sent=4, recv=4, rtt_avg=148 ms
2025-07-07 07:59:55.291 | INFO     | __main__:ping_device:72 - GOOGLE: status=1, sent=4, recv=4, rtt_avg=154 ms
2025-07-07 07:59:55.306 | INFO     | __main__:monitor_loop:126 - Persistidos 4 resultados de monitoramento.
2025-07-07 07:59:55.307 | INFO     | __main__:monitor_loop:134 - Tempo de execução do loop: 639.004 ms
==================================================
2025-07-07 08:00:24.694 | INFO     | __main__:ping_device:72 - FER_24G: status=1, sent=4, recv=4, rtt_avg=2 ms
2025-07-07 08:00:24.737 | INFO     | __main__:ping_device:72 - CLOUDFLARE: status=1, sent=2, recv=2, rtt_avg=30 ms
2025-07-07 08:00:24.857 | INFO     | __main__:ping_device:72 - FACEBOOK: status=1, sent=4, recv=4, rtt_avg=45 ms
2025-07-07 08:00:25.096 | INFO     | __main__:ping_device:72 - WIKIPEDIA: status=1, sent=3, recv=3, rtt_avg=138 ms
2025-07-07 08:00:25.125 | INFO     | __main__:ping_device:72 - SAMSUNG_S22: status=1, sent=4, recv=4, rtt_avg=110 ms
2025-07-07 08:00:25.269 | INFO     | __main__:ping_device:72 - GITHUB: status=1, sent=4, recv=4, rtt_avg=147 ms
2025-07-07 08:00:25.299 | INFO     | __main__:ping_device:72 - GOOGLE: status=1, sent=4, recv=4, rtt_avg=156 ms
2025-07-07 08:00:25.325 | INFO     | __main__:monitor_loop:126 - Persistidos 7 resultados de monitoramento.
2025-07-07 08:00:25.326 | INFO     | __main__:monitor_loop:134 - Tempo de execução do loop: 657.246 ms
==================================================
2025-07-07 08:00:54.688 | INFO     | __main__:ping_device:72 - FER_24G: status=1, sent=4, recv=4, rtt_avg=2 ms
2025-07-07 08:00:55.132 | INFO     | __main__:ping_device:72 - SAMSUNG_S22: status=1, sent=4, recv=4, rtt_avg=112 ms
2025-07-07 08:00:55.270 | INFO     | __main__:ping_device:72 - GITHUB: status=1, sent=4, recv=4, rtt_avg=148 ms
2025-07-07 08:00:55.303 | INFO     | __main__:ping_device:72 - GOOGLE: status=1, sent=4, recv=4, rtt_avg=157 ms
2025-07-07 08:00:55.320 | INFO     | __main__:monitor_loop:126 - Persistidos 4 resultados de monitoramento.
2025-07-07 08:00:55.321 | INFO     | __main__:monitor_loop:134 - Tempo de execução do loop: 650.600 ms
==================================================
2025-07-07 08:01:24.692 | INFO     | __main__:ping_device:72 - FER_24G: status=1, sent=4, recv=4, rtt_avg=2 ms
2025-07-07 08:01:24.858 | INFO     | __main__:ping_device:72 - FACEBOOK: status=1, sent=4, recv=4, rtt_avg=45 ms
2025-07-07 08:01:25.099 | INFO     | __main__:ping_device:72 - WIKIPEDIA: status=1, sent=3, recv=3, rtt_avg=138 ms
2025-07-07 08:01:25.233 | INFO     | __main__:ping_device:72 - SAMSUNG_S22: status=1, sent=4, recv=4, rtt_avg=137 ms
2025-07-07 08:01:25.277 | INFO     | __main__:ping_device:72 - GITHUB: status=1, sent=4, recv=4, rtt_avg=149 ms
2025-07-07 08:01:25.298 | INFO     | __main__:ping_device:72 - GOOGLE: status=1, sent=4, recv=4, rtt_avg=155 ms
2025-07-07 08:01:25.303 | INFO     | __main__:monitor_loop:126 - Persistidos 6 resultados de monitoramento.
2025-07-07 08:01:25.303 | INFO     | __main__:monitor_loop:134 - Tempo de execução do loop: 631.777 ms
==================================================
2025-07-07 08:01:54.688 | INFO     | __main__:ping_device:72 - FER_24G: status=1, sent=4, recv=4, rtt_avg=2 ms
2025-07-07 08:01:54.738 | INFO     | __main__:ping_device:72 - CLOUDFLARE: status=1, sent=2, recv=2, rtt_avg=31 ms
2025-07-07 08:01:55.095 | INFO     | __main__:ping_device:72 - SAMSUNG_S22: status=1, sent=4, recv=4, rtt_avg=103 ms
2025-07-07 08:01:55.270 | INFO     | __main__:ping_device:72 - GITHUB: status=1, sent=4, recv=4, rtt_avg=147 ms
2025-07-07 08:01:55.300 | INFO     | __main__:ping_device:72 - GOOGLE: status=1, sent=4, recv=4, rtt_avg=155 ms
2025-07-07 08:01:55.327 | INFO     | __main__:monitor_loop:126 - Persistidos 5 resultados de monitoramento.
2025-07-07 08:01:55.328 | INFO     | __main__:monitor_loop:134 - Tempo de execução do loop: 656.040 ms
==================================================
2025-07-07 08:02:24.677 | INFO     | __main__:monitor_loop:103 - Dispositivos carregados: 7
==================================================
2025-07-07 08:02:24.690 | INFO     | __main__:ping_device:72 - FER_24G: status=1, sent=4, recv=4, rtt_avg=2 ms
2025-07-07 08:02:24.860 | INFO     | __main__:ping_device:72 - FACEBOOK: status=1, sent=4, recv=4, rtt_avg=44 ms
2025-07-07 08:02:25.097 | INFO     | __main__:ping_device:72 - WIKIPEDIA: status=1, sent=3, recv=3, rtt_avg=138 ms
2025-07-07 08:02:25.169 | INFO     | __main__:ping_device:72 - SAMSUNG_S22: status=1, sent=4, recv=4, rtt_avg=121 ms
2025-07-07 08:02:25.272 | INFO     | __main__:ping_device:72 - GITHUB: status=1, sent=4, recv=4, rtt_avg=147 ms
2025-07-07 08:02:25.295 | INFO     | __main__:ping_device:72 - GOOGLE: status=1, sent=4, recv=4, rtt_avg=153 ms
2025-07-07 08:02:25.309 | INFO     | __main__:monitor_loop:126 - Persistidos 6 resultados de monitoramento.
2025-07-07 08:02:25.310 | INFO     | __main__:monitor_loop:134 - Tempo de execução do loop: 636.542 ms
==================================================
2025-07-07 08:02:54.696 | INFO     | __main__:ping_device:72 - FER_24G: status=1, sent=4, recv=4, rtt_avg=3 ms
2025-07-07 08:02:55.114 | INFO     | __main__:ping_device:72 - SAMSUNG_S22: status=1, sent=4, recv=4, rtt_avg=107 ms
2025-07-07 08:02:55.276 | INFO     | __main__:ping_device:72 - GITHUB: status=1, sent=4, recv=4, rtt_avg=148 ms
2025-07-07 08:02:55.299 | INFO     | __main__:ping_device:72 - GOOGLE: status=1, sent=4, recv=4, rtt_avg=154 ms
2025-07-07 08:02:55.317 | INFO     | __main__:monitor_loop:126 - Persistidos 4 resultados de monitoramento.
2025-07-07 08:02:55.318 | INFO     | __main__:monitor_loop:134 - Tempo de execução do loop: 643.506 ms
==================================================
2025-07-07 08:03:24.702 | INFO     | __main__:ping_device:72 - FER_24G: status=1, sent=4, recv=4, rtt_avg=3 ms
2025-07-07 08:03:24.741 | INFO     | __main__:ping_device:72 - CLOUDFLARE: status=1, sent=2, recv=2, rtt_avg=29 ms
2025-07-07 08:03:24.858 | INFO     | __main__:ping_device:72 - FACEBOOK: status=1, sent=4, recv=4, rtt_avg=44 ms
2025-07-07 08:03:25.100 | INFO     | __main__:ping_device:72 - WIKIPEDIA: status=1, sent=3, recv=3, rtt_avg=137 ms
2025-07-07 08:03:25.168 | INFO     | __main__:ping_device:72 - SAMSUNG_S22: status=1, sent=4, recv=4, rtt_avg=119 ms
2025-07-07 08:03:25.274 | INFO     | __main__:ping_device:72 - GITHUB: status=1, sent=4, recv=4, rtt_avg=147 ms
2025-07-07 08:03:25.301 | INFO     | __main__:ping_device:72 - GOOGLE: status=1, sent=4, recv=4, rtt_avg=155 ms
2025-07-07 08:03:25.331 | INFO     | __main__:monitor_loop:126 - Persistidos 7 resultados de monitoramento.
2025-07-07 08:03:25.331 | INFO     | __main__:monitor_loop:134 - Tempo de execução do loop: 656.089 ms
==================================================
2025-07-07 08:03:54.694 | INFO     | __main__:ping_device:72 - FER_24G: status=1, sent=4, recv=4, rtt_avg=2 ms
2025-07-07 08:03:55.114 | INFO     | __main__:ping_device:72 - SAMSUNG_S22: status=1, sent=4, recv=4, rtt_avg=107 ms
2025-07-07 08:03:55.276 | INFO     | __main__:ping_device:72 - GITHUB: status=1, sent=4, recv=4, rtt_avg=148 ms
2025-07-07 08:03:55.301 | INFO     | __main__:ping_device:72 - GOOGLE: status=1, sent=4, recv=4, rtt_avg=154 ms
2025-07-07 08:03:55.318 | INFO     | __main__:monitor_loop:126 - Persistidos 4 resultados de monitoramento.
2025-07-07 08:03:55.319 | INFO     | __main__:monitor_loop:134 - Tempo de execução do loop: 642.611 ms
==================================================
2025-07-07 08:04:24.698 | INFO     | __main__:ping_device:72 - FER_24G: status=1, sent=4, recv=4, rtt_avg=2 ms
2025-07-07 08:04:24.866 | INFO     | __main__:ping_device:72 - FACEBOOK: status=1, sent=4, recv=4, rtt_avg=45 ms
2025-07-07 08:04:25.097 | INFO     | __main__:ping_device:72 - WIKIPEDIA: status=1, sent=3, recv=3, rtt_avg=136 ms
2025-07-07 08:04:25.160 | INFO     | __main__:ping_device:72 - SAMSUNG_S22: status=1, sent=4, recv=4, rtt_avg=117 ms
2025-07-07 08:04:25.276 | INFO     | __main__:ping_device:72 - GITHUB: status=1, sent=4, recv=4, rtt_avg=147 ms
2025-07-07 08:04:25.299 | INFO     | __main__:ping_device:72 - GOOGLE: status=1, sent=4, recv=4, rtt_avg=154 ms
2025-07-07 08:04:25.317 | INFO     | __main__:monitor_loop:126 - Persistidos 6 resultados de monitoramento.
2025-07-07 08:04:25.318 | INFO     | __main__:monitor_loop:134 - Tempo de execução do loop: 640.294 ms
==================================================
2025-07-07 08:04:54.690 | INFO     | __main__:ping_device:72 - FER_24G: status=1, sent=4, recv=4, rtt_avg=1 ms
2025-07-07 08:04:54.733 | INFO     | __main__:ping_device:72 - SAMSUNG_S22: status=1, sent=4, recv=4, rtt_avg=11 ms
2025-07-07 08:04:54.738 | INFO     | __main__:ping_device:72 - CLOUDFLARE: status=1, sent=2, recv=2, rtt_avg=27 ms
2025-07-07 08:04:55.272 | INFO     | __main__:ping_device:72 - GITHUB: status=1, sent=4, recv=4, rtt_avg=146 ms
2025-07-07 08:04:55.301 | INFO     | __main__:ping_device:72 - GOOGLE: status=1, sent=4, recv=4, rtt_avg=154 ms
2025-07-07 08:04:55.318 | INFO     | __main__:monitor_loop:126 - Persistidos 5 resultados de monitoramento.
2025-07-07 08:04:55.318 | INFO     | __main__:monitor_loop:134 - Tempo de execução do loop: 636.464 ms
==================================================
2025-07-07 08:05:24.695 | INFO     | __main__:ping_device:72 - FER_24G: status=1, sent=4, recv=4, rtt_avg=1 ms
2025-07-07 08:05:24.868 | INFO     | __main__:ping_device:72 - FACEBOOK: status=1, sent=4, recv=4, rtt_avg=45 ms
2025-07-07 08:05:25.044 | INFO     | __main__:ping_device:72 - SAMSUNG_S22: status=1, sent=4, recv=4, rtt_avg=88 ms
2025-07-07 08:05:25.105 | INFO     | __main__:ping_device:72 - WIKIPEDIA: status=1, sent=3, recv=3, rtt_avg=137 ms
2025-07-07 08:05:25.278 | INFO     | __main__:ping_device:72 - GITHUB: status=1, sent=4, recv=4, rtt_avg=147 ms
2025-07-07 08:05:25.305 | INFO     | __main__:ping_device:72 - GOOGLE: status=1, sent=4, recv=4, rtt_avg=154 ms
2025-07-07 08:05:25.335 | INFO     | __main__:monitor_loop:126 - Persistidos 6 resultados de monitoramento.
2025-07-07 08:05:25.336 | INFO     | __main__:monitor_loop:134 - Tempo de execução do loop: 653.365 ms
==================================================
2025-07-07 08:05:54.701 | INFO     | __main__:ping_device:72 - FER_24G: status=1, sent=4, recv=4, rtt_avg=2 ms
2025-07-07 08:05:55.161 | INFO     | __main__:ping_device:72 - SAMSUNG_S22: status=1, sent=4, recv=4, rtt_avg=116 ms
2025-07-07 08:05:55.284 | INFO     | __main__:ping_device:72 - GITHUB: status=1, sent=4, recv=4, rtt_avg=148 ms
2025-07-07 08:05:55.314 | INFO     | __main__:ping_device:72 - GOOGLE: status=1, sent=4, recv=4, rtt_avg=156 ms
2025-07-07 08:05:55.330 | INFO     | __main__:monitor_loop:126 - Persistidos 4 resultados de monitoramento.
2025-07-07 08:05:55.331 | INFO     | __main__:monitor_loop:134 - Tempo de execução do loop: 647.286 ms
==================================================
2025-07-07 08:06:24.702 | INFO     | __main__:ping_device:72 - FER_24G: status=1, sent=4, recv=4, rtt_avg=1 ms
2025-07-07 08:06:24.751 | INFO     | __main__:ping_device:72 - CLOUDFLARE: status=1, sent=2, recv=2, rtt_avg=30 ms
2025-07-07 08:06:24.862 | INFO     | __main__:ping_device:72 - FACEBOOK: status=1, sent=4, recv=4, rtt_avg=42 ms
2025-07-07 08:06:25.090 | INFO     | __main__:ping_device:72 - SAMSUNG_S22: status=1, sent=4, recv=4, rtt_avg=98 ms
2025-07-07 08:06:25.104 | INFO     | __main__:ping_device:72 - WIKIPEDIA: status=1, sent=3, recv=3, rtt_avg=136 ms
2025-07-07 08:06:25.284 | INFO     | __main__:ping_device:72 - GITHUB: status=1, sent=4, recv=4, rtt_avg=147 ms
2025-07-07 08:06:25.304 | INFO     | __main__:ping_device:72 - GOOGLE: status=1, sent=4, recv=4, rtt_avg=153 ms
2025-07-07 08:06:25.320 | INFO     | __main__:monitor_loop:126 - Persistidos 7 resultados de monitoramento.
2025-07-07 08:06:25.321 | INFO     | __main__:monitor_loop:134 - Tempo de execução do loop: 635.014 ms
==================================================
2025-07-07 08:06:54.705 | INFO     | __main__:ping_device:72 - FER_24G: status=1, sent=4, recv=4, rtt_avg=2 ms
2025-07-07 08:06:55.070 | INFO     | __main__:ping_device:72 - SAMSUNG_S22: status=1, sent=4, recv=4, rtt_avg=93 ms
2025-07-07 08:06:55.293 | INFO     | __main__:ping_device:72 - GITHUB: status=1, sent=4, recv=4, rtt_avg=149 ms
2025-07-07 08:06:55.317 | INFO     | __main__:ping_device:72 - GOOGLE: status=1, sent=4, recv=4, rtt_avg=156 ms
2025-07-07 08:06:55.331 | INFO     | __main__:monitor_loop:126 - Persistidos 4 resultados de monitoramento.
2025-07-07 08:06:55.332 | INFO     | __main__:monitor_loop:134 - Tempo de execução do loop: 644.701 ms
==================================================
2025-07-07 08:07:24.700 | INFO     | __main__:monitor_loop:103 - Dispositivos carregados: 7
==================================================
2025-07-07 08:07:24.713 | INFO     | __main__:ping_device:72 - FER_24G: status=1, sent=4, recv=4, rtt_avg=1 ms
2025-07-07 08:07:24.884 | INFO     | __main__:ping_device:72 - FACEBOOK: status=1, sent=4, recv=4, rtt_avg=44 ms
2025-07-07 08:07:24.924 | INFO     | __main__:ping_device:72 - SAMSUNG_S22: status=1, sent=4, recv=4, rtt_avg=54 ms
2025-07-07 08:07:25.118 | INFO     | __main__:ping_device:72 - WIKIPEDIA: status=1, sent=3, recv=3, rtt_avg=136 ms
2025-07-07 08:07:25.300 | INFO     | __main__:ping_device:72 - GITHUB: status=1, sent=4, recv=4, rtt_avg=148 ms
2025-07-07 08:07:25.325 | INFO     | __main__:ping_device:72 - GOOGLE: status=1, sent=4, recv=4, rtt_avg=155 ms
2025-07-07 08:07:25.334 | INFO     | __main__:monitor_loop:126 - Persistidos 6 resultados de monitoramento.
2025-07-07 08:07:25.334 | INFO     | __main__:monitor_loop:134 - Tempo de execução do loop: 645.867 ms
==================================================
2025-07-07 08:07:54.713 | INFO     | __main__:ping_device:72 - FER_24G: status=1, sent=4, recv=4, rtt_avg=3 ms
2025-07-07 08:07:54.753 | INFO     | __main__:ping_device:72 - CLOUDFLARE: status=1, sent=2, recv=2, rtt_avg=29 ms
2025-07-07 08:07:54.879 | INFO     | __main__:ping_device:72 - SAMSUNG_S22: status=1, sent=4, recv=4, rtt_avg=44 ms
2025-07-07 08:07:55.288 | INFO     | __main__:ping_device:72 - GITHUB: status=1, sent=4, recv=4, rtt_avg=147 ms
2025-07-07 08:07:55.313 | INFO     | __main__:ping_device:72 - GOOGLE: status=1, sent=4, recv=4, rtt_avg=154 ms
2025-07-07 08:07:55.328 | INFO     | __main__:monitor_loop:126 - Persistidos 5 resultados de monitoramento.
2025-07-07 08:07:55.328 | INFO     | __main__:monitor_loop:134 - Tempo de execução do loop: 639.195 ms
==================================================
2025-07-07 08:08:24.713 | INFO     | __main__:ping_device:72 - FER_24G: status=1, sent=4, recv=4, rtt_avg=2 ms
2025-07-07 08:08:24.872 | INFO     | __main__:ping_device:72 - FACEBOOK: status=1, sent=4, recv=4, rtt_avg=44 ms
2025-07-07 08:08:25.108 | INFO     | __main__:ping_device:72 - WIKIPEDIA: status=1, sent=3, recv=3, rtt_avg=136 ms
2025-07-07 08:08:25.183 | INFO     | __main__:ping_device:72 - SAMSUNG_S22: status=1, sent=4, recv=4, rtt_avg=120 ms
2025-07-07 08:08:25.286 | INFO     | __main__:ping_device:72 - GITHUB: status=1, sent=4, recv=4, rtt_avg=147 ms
2025-07-07 08:08:25.312 | INFO     | __main__:ping_device:72 - GOOGLE: status=1, sent=4, recv=4, rtt_avg=154 ms
2025-07-07 08:08:25.318 | INFO     | __main__:monitor_loop:126 - Persistidos 6 resultados de monitoramento.
2025-07-07 08:08:25.318 | INFO     | __main__:monitor_loop:134 - Tempo de execução do loop: 628.366 ms
==================================================
2025-07-07 08:08:54.707 | INFO     | __main__:ping_device:72 - FER_24G: status=1, sent=4, recv=4, rtt_avg=1 ms
2025-07-07 08:08:54.948 | INFO     | __main__:ping_device:72 - SAMSUNG_S22: status=1, sent=4, recv=4, rtt_avg=62 ms
2025-07-07 08:08:55.290 | INFO     | __main__:ping_device:72 - GITHUB: status=1, sent=4, recv=4, rtt_avg=148 ms
2025-07-07 08:08:55.318 | INFO     | __main__:ping_device:72 - GOOGLE: status=1, sent=4, recv=4, rtt_avg=155 ms
2025-07-07 08:08:55.335 | INFO     | __main__:monitor_loop:126 - Persistidos 4 resultados de monitoramento.
2025-07-07 08:08:55.336 | INFO     | __main__:monitor_loop:134 - Tempo de execução do loop: 645.116 ms
==================================================
2025-07-07 08:09:24.720 | INFO     | __main__:ping_device:72 - FER_24G: status=1, sent=4, recv=4, rtt_avg=3 ms
2025-07-07 08:09:24.758 | INFO     | __main__:ping_device:72 - CLOUDFLARE: status=1, sent=2, recv=2, rtt_avg=29 ms
2025-07-07 08:09:24.873 | INFO     | __main__:ping_device:72 - FACEBOOK: status=1, sent=4, recv=4, rtt_avg=43 ms
2025-07-07 08:09:25.111 | INFO     | __main__:ping_device:72 - WIKIPEDIA: status=1, sent=3, recv=3, rtt_avg=136 ms
2025-07-07 08:09:25.212 | INFO     | __main__:ping_device:72 - SAMSUNG_S22: status=1, sent=4, recv=4, rtt_avg=125 ms
2025-07-07 08:09:25.291 | INFO     | __main__:ping_device:72 - GITHUB: status=1, sent=4, recv=4, rtt_avg=147 ms
2025-07-07 08:09:25.311 | INFO     | __main__:ping_device:72 - GOOGLE: status=1, sent=4, recv=4, rtt_avg=153 ms
2025-07-07 08:09:25.321 | INFO     | __main__:monitor_loop:126 - Persistidos 7 resultados de monitoramento.
2025-07-07 08:09:25.322 | INFO     | __main__:monitor_loop:134 - Tempo de execução do loop: 629.557 ms
==================================================
2025-07-07 08:09:54.700 | INFO     | __main__:ping_device:72 - FER_24G: status=1, sent=4, recv=4, rtt_avg=1 ms
2025-07-07 08:09:54.926 | INFO     | __main__:ping_device:72 - SAMSUNG_S22: status=1, sent=4, recv=4, rtt_avg=57 ms
2025-07-07 08:09:55.286 | INFO     | __main__:ping_device:72 - GITHUB: status=1, sent=4, recv=4, rtt_avg=147 ms
2025-07-07 08:09:55.314 | INFO     | __main__:ping_device:72 - GOOGLE: status=1, sent=4, recv=4, rtt_avg=154 ms
2025-07-07 08:09:55.331 | INFO     | __main__:monitor_loop:126 - Persistidos 4 resultados de monitoramento.
2025-07-07 08:09:55.332 | INFO     | __main__:monitor_loop:134 - Tempo de execução do loop: 639.525 ms
==================================================
2025-07-07 08:10:24.714 | INFO     | __main__:ping_device:72 - FER_24G: status=1, sent=4, recv=4, rtt_avg=2 ms
2025-07-07 08:10:24.877 | INFO     | __main__:ping_device:72 - FACEBOOK: status=1, sent=4, recv=4, rtt_avg=44 ms
2025-07-07 08:10:25.117 | INFO     | __main__:ping_device:72 - WIKIPEDIA: status=1, sent=3, recv=3, rtt_avg=137 ms
2025-07-07 08:10:25.235 | INFO     | __main__:ping_device:72 - SAMSUNG_S22: status=1, sent=4, recv=4, rtt_avg=131 ms
2025-07-07 08:10:25.292 | INFO     | __main__:ping_device:72 - GITHUB: status=1, sent=4, recv=4, rtt_avg=147 ms
2025-07-07 08:10:25.319 | INFO     | __main__:ping_device:72 - GOOGLE: status=1, sent=4, recv=4, rtt_avg=155 ms
2025-07-07 08:10:25.325 | INFO     | __main__:monitor_loop:126 - Persistidos 6 resultados de monitoramento.
2025-07-07 08:10:25.325 | INFO     | __main__:monitor_loop:134 - Tempo de execução do loop: 631.176 ms
==================================================
2025-07-07 08:10:54.713 | INFO     | __main__:ping_device:72 - FER_24G: status=1, sent=4, recv=4, rtt_avg=1 ms
2025-07-07 08:10:54.759 | INFO     | __main__:ping_device:72 - CLOUDFLARE: status=1, sent=2, recv=2, rtt_avg=29 ms
2025-07-07 08:10:55.098 | INFO     | __main__:ping_device:72 - SAMSUNG_S22: status=1, sent=4, recv=4, rtt_avg=98 ms
2025-07-07 08:10:55.293 | INFO     | __main__:ping_device:72 - GITHUB: status=1, sent=4, recv=4, rtt_avg=147 ms
2025-07-07 08:10:55.319 | INFO     | __main__:ping_device:72 - GOOGLE: status=1, sent=4, recv=4, rtt_avg=155 ms
2025-07-07 08:10:55.337 | INFO     | __main__:monitor_loop:126 - Persistidos 5 resultados de monitoramento.
2025-07-07 08:10:55.337 | INFO     | __main__:monitor_loop:134 - Tempo de execução do loop: 642.845 ms
==================================================
2025-07-07 08:11:24.716 | INFO     | __main__:ping_device:72 - FER_24G: status=1, sent=4, recv=4, rtt_avg=2 ms
2025-07-07 08:11:24.885 | INFO     | __main__:ping_device:72 - FACEBOOK: status=1, sent=4, recv=4, rtt_avg=45 ms
2025-07-07 08:11:25.120 | INFO     | __main__:ping_device:72 - WIKIPEDIA: status=1, sent=3, recv=3, rtt_avg=138 ms
2025-07-07 08:11:25.258 | INFO     | __main__:ping_device:72 - SAMSUNG_S22: status=1, sent=4, recv=4, rtt_avg=136 ms
2025-07-07 08:11:25.293 | INFO     | __main__:ping_device:72 - GITHUB: status=1, sent=4, recv=4, rtt_avg=147 ms
2025-07-07 08:11:25.315 | INFO     | __main__:ping_device:72 - GOOGLE: status=1, sent=4, recv=4, rtt_avg=153 ms
2025-07-07 08:11:25.325 | INFO     | __main__:monitor_loop:126 - Persistidos 6 resultados de monitoramento.
2025-07-07 08:11:25.325 | INFO     | __main__:monitor_loop:134 - Tempo de execução do loop: 629.107 ms
==================================================
2025-07-07 08:11:54.718 | INFO     | __main__:ping_device:72 - FER_24G: status=1, sent=4, recv=4, rtt_avg=3 ms
2025-07-07 08:11:55.044 | INFO     | __main__:ping_device:72 - SAMSUNG_S22: status=1, sent=4, recv=4, rtt_avg=84 ms
2025-07-07 08:11:55.313 | INFO     | __main__:ping_device:72 - GITHUB: status=1, sent=4, recv=4, rtt_avg=152 ms
2025-07-07 08:11:55.338 | INFO     | __main__:ping_device:72 - GOOGLE: status=1, sent=4, recv=4, rtt_avg=158 ms
2025-07-07 08:11:55.347 | INFO     | __main__:monitor_loop:126 - Persistidos 4 resultados de monitoramento.
2025-07-07 08:11:55.347 | INFO     | __main__:monitor_loop:134 - Tempo de execução do loop: 650.800 ms
==================================================
2025-07-07 08:12:24.709 | INFO     | __main__:monitor_loop:103 - Dispositivos carregados: 7
==================================================
2025-07-07 08:12:24.733 | INFO     | __main__:ping_device:72 - FER_24G: status=1, sent=4, recv=4, rtt_avg=2 ms
2025-07-07 08:12:24.790 | INFO     | __main__:ping_device:72 - CLOUDFLARE: status=1, sent=2, recv=2, rtt_avg=36 ms
2025-07-07 08:12:24.915 | INFO     | __main__:ping_device:72 - FACEBOOK: status=1, sent=4, recv=4, rtt_avg=49 ms
2025-07-07 08:12:25.176 | INFO     | __main__:ping_device:72 - WIKIPEDIA: status=1, sent=3, recv=3, rtt_avg=151 ms
2025-07-07 08:12:25.186 | INFO     | __main__:ping_device:72 - SAMSUNG_S22: status=1, sent=4, recv=4, rtt_avg=115 ms
2025-07-07 08:12:25.345 | INFO     | __main__:ping_device:72 - GITHUB: status=1, sent=4, recv=4, rtt_avg=156 ms
2025-07-07 08:12:25.352 | INFO     | __main__:ping_device:72 - GOOGLE: status=1, sent=4, recv=4, rtt_avg=159 ms
2025-07-07 08:12:25.370 | INFO     | __main__:monitor_loop:126 - Persistidos 7 resultados de monitoramento.
2025-07-07 08:12:25.371 | INFO     | __main__:monitor_loop:134 - Tempo de execução do loop: 673.618 ms
==================================================
2025-07-07 08:12:54.706 | INFO     | __main__:ping_device:72 - FER_24G: status=1, sent=4, recv=4, rtt_avg=1 ms
2025-07-07 08:12:55.134 | INFO     | __main__:ping_device:72 - SAMSUNG_S22: status=1, sent=4, recv=4, rtt_avg=107 ms
2025-07-07 08:12:55.292 | INFO     | __main__:ping_device:72 - GITHUB: status=1, sent=4, recv=4, rtt_avg=147 ms
2025-07-07 08:12:55.320 | INFO     | __main__:ping_device:72 - GOOGLE: status=1, sent=4, recv=4, rtt_avg=154 ms
2025-07-07 08:12:55.325 | INFO     | __main__:monitor_loop:126 - Persistidos 4 resultados de monitoramento.
2025-07-07 08:12:55.325 | INFO     | __main__:monitor_loop:134 - Tempo de execução do loop: 626.833 ms
==================================================
2025-07-07 08:13:24.726 | INFO     | __main__:ping_device:72 - FER_24G: status=1, sent=4, recv=4, rtt_avg=3 ms
2025-07-07 08:13:24.886 | INFO     | __main__:ping_device:72 - FACEBOOK: status=1, sent=4, recv=4, rtt_avg=45 ms
2025-07-07 08:13:25.119 | INFO     | __main__:ping_device:72 - WIKIPEDIA: status=1, sent=3, recv=3, rtt_avg=136 ms
2025-07-07 08:13:25.213 | INFO     | __main__:ping_device:72 - SAMSUNG_S22: status=1, sent=4, recv=4, rtt_avg=125 ms
2025-07-07 08:13:25.297 | INFO     | __main__:ping_device:72 - GITHUB: status=1, sent=4, recv=4, rtt_avg=147 ms
2025-07-07 08:13:25.328 | INFO     | __main__:ping_device:72 - GOOGLE: status=1, sent=4, recv=4, rtt_avg=156 ms
2025-07-07 08:13:25.345 | INFO     | __main__:monitor_loop:126 - Persistidos 6 resultados de monitoramento.
2025-07-07 08:13:25.346 | INFO     | __main__:monitor_loop:134 - Tempo de execução do loop: 646.267 ms
==================================================
2025-07-07 08:13:54.707 | INFO     | __main__:ping_device:72 - FER_24G: status=1, sent=4, recv=4, rtt_avg=1 ms
2025-07-07 08:13:54.756 | INFO     | __main__:ping_device:72 - CLOUDFLARE: status=1, sent=2, recv=2, rtt_avg=27 ms
2025-07-07 08:13:55.147 | INFO     | __main__:ping_device:72 - SAMSUNG_S22: status=1, sent=4, recv=4, rtt_avg=110 ms
2025-07-07 08:13:55.300 | INFO     | __main__:ping_device:72 - GITHUB: status=1, sent=4, recv=4, rtt_avg=148 ms
2025-07-07 08:13:55.319 | INFO     | __main__:ping_device:72 - GOOGLE: status=1, sent=4, recv=4, rtt_avg=153 ms
2025-07-07 08:13:55.325 | INFO     | __main__:monitor_loop:126 - Persistidos 5 resultados de monitoramento.
2025-07-07 08:13:55.325 | INFO     | __main__:monitor_loop:134 - Tempo de execução do loop: 624.987 ms
==================================================
2025-07-07 08:14:24.722 | INFO     | __main__:ping_device:72 - FER_24G: status=1, sent=4, recv=4, rtt_avg=2 ms
2025-07-07 08:14:24.883 | INFO     | __main__:ping_device:72 - SAMSUNG_S22: status=1, sent=4, recv=4, rtt_avg=41 ms
2025-07-07 08:14:24.884 | INFO     | __main__:ping_device:72 - FACEBOOK: status=1, sent=4, recv=4, rtt_avg=43 ms
2025-07-07 08:14:25.122 | INFO     | __main__:ping_device:72 - WIKIPEDIA: status=1, sent=3, recv=3, rtt_avg=137 ms
2025-07-07 08:14:25.298 | INFO     | __main__:ping_device:72 - GITHUB: status=1, sent=4, recv=4, rtt_avg=147 ms
2025-07-07 08:14:25.318 | INFO     | __main__:ping_device:72 - GOOGLE: status=1, sent=4, recv=4, rtt_avg=153 ms
2025-07-07 08:14:25.322 | INFO     | __main__:monitor_loop:126 - Persistidos 6 resultados de monitoramento.
2025-07-07 08:14:25.323 | INFO     | __main__:monitor_loop:134 - Tempo de execução do loop: 622.026 ms
==================================================
2025-07-07 08:14:54.716 | INFO     | __main__:ping_device:72 - FER_24G: status=1, sent=4, recv=4, rtt_avg=2 ms
2025-07-07 08:14:55.116 | INFO     | __main__:ping_device:72 - SAMSUNG_S22: status=1, sent=4, recv=4, rtt_avg=101 ms
2025-07-07 08:14:55.297 | INFO     | __main__:ping_device:72 - GITHUB: status=1, sent=4, recv=4, rtt_avg=147 ms
2025-07-07 08:14:55.323 | INFO     | __main__:ping_device:72 - GOOGLE: status=1, sent=4, recv=4, rtt_avg=154 ms
2025-07-07 08:14:55.328 | INFO     | __main__:monitor_loop:126 - Persistidos 4 resultados de monitoramento.
2025-07-07 08:14:55.329 | INFO     | __main__:monitor_loop:134 - Tempo de execução do loop: 627.166 ms
==================================================
2025-07-07 08:15:24.714 | INFO     | __main__:ping_device:72 - FER_24G: status=1, sent=4, recv=4, rtt_avg=1 ms
2025-07-07 08:15:24.763 | INFO     | __main__:ping_device:72 - CLOUDFLARE: status=1, sent=2, recv=2, rtt_avg=28 ms
2025-07-07 08:15:24.888 | INFO     | __main__:ping_device:72 - FACEBOOK: status=1, sent=4, recv=4, rtt_avg=45 ms
2025-07-07 08:15:24.987 | INFO     | __main__:ping_device:72 - SAMSUNG_S22: status=1, sent=4, recv=4, rtt_avg=69 ms
2025-07-07 08:15:25.123 | INFO     | __main__:ping_device:72 - WIKIPEDIA: status=1, sent=3, recv=3, rtt_avg=138 ms
2025-07-07 08:15:25.311 | INFO     | __main__:ping_device:72 - GITHUB: status=1, sent=4, recv=4, rtt_avg=151 ms
2025-07-07 08:15:25.329 | INFO     | __main__:ping_device:72 - GOOGLE: status=1, sent=4, recv=4, rtt_avg=155 ms
2025-07-07 08:15:25.336 | INFO     | __main__:monitor_loop:126 - Persistidos 7 resultados de monitoramento.
2025-07-07 08:15:25.336 | INFO     | __main__:monitor_loop:134 - Tempo de execução do loop: 633.640 ms
==================================================
2025-07-07 08:15:54.721 | INFO     | __main__:ping_device:72 - FER_24G: status=1, sent=4, recv=4, rtt_avg=2 ms
2025-07-07 08:15:55.295 | INFO     | __main__:ping_device:72 - GITHUB: status=1, sent=4, recv=4, rtt_avg=146 ms
2025-07-07 08:15:55.303 | INFO     | __main__:ping_device:72 - SAMSUNG_S22: status=1, sent=4, recv=4, rtt_avg=147 ms
2025-07-07 08:15:55.327 | INFO     | __main__:ping_device:72 - GOOGLE: status=1, sent=4, recv=4, rtt_avg=155 ms
2025-07-07 08:15:55.332 | INFO     | __main__:monitor_loop:126 - Persistidos 4 resultados de monitoramento.
2025-07-07 08:15:55.332 | INFO     | __main__:monitor_loop:134 - Tempo de execução do loop: 628.458 ms
==================================================
2025-07-07 08:16:24.732 | INFO     | __main__:ping_device:72 - FER_24G: status=1, sent=4, recv=4, rtt_avg=3 ms
2025-07-07 08:16:24.889 | INFO     | __main__:ping_device:72 - FACEBOOK: status=1, sent=4, recv=4, rtt_avg=43 ms
2025-07-07 08:16:25.125 | INFO     | __main__:ping_device:72 - WIKIPEDIA: status=1, sent=3, recv=3, rtt_avg=137 ms
2025-07-07 08:16:25.349 | INFO     | __main__:ping_device:72 - GITHUB: status=1, sent=4, recv=4, rtt_avg=158 ms
2025-07-07 08:16:25.357 | INFO     | __main__:ping_device:72 - GOOGLE: status=1, sent=4, recv=4, rtt_avg=161 ms
2025-07-07 08:16:25.761 | INFO     | __main__:ping_device:72 - SAMSUNG_S22: status=1, sent=4, recv=3, rtt_avg=355 ms
2025-07-07 08:16:25.768 | INFO     | __main__:monitor_loop:126 - Persistidos 6 resultados de monitoramento.
2025-07-07 08:16:25.768 | INFO     | __main__:monitor_loop:134 - Tempo de execução do loop: 1064.251 ms
==================================================
2025-07-07 08:16:54.713 | INFO     | __main__:ping_device:72 - FER_24G: status=1, sent=4, recv=4, rtt_avg=1 ms
2025-07-07 08:16:54.746 | INFO     | __main__:ping_device:72 - SAMSUNG_S22: status=1, sent=4, recv=4, rtt_avg=9 ms
2025-07-07 08:16:54.758 | INFO     | __main__:ping_device:72 - CLOUDFLARE: status=1, sent=2, recv=2, rtt_avg=25 ms
2025-07-07 08:16:55.305 | INFO     | __main__:ping_device:72 - GITHUB: status=1, sent=4, recv=4, rtt_avg=149 ms
2025-07-07 08:16:55.324 | INFO     | __main__:ping_device:72 - GOOGLE: status=1, sent=4, recv=4, rtt_avg=154 ms
2025-07-07 08:16:55.329 | INFO     | __main__:monitor_loop:126 - Persistidos 5 resultados de monitoramento.
2025-07-07 08:16:55.329 | INFO     | __main__:monitor_loop:134 - Tempo de execução do loop: 624.058 ms
==================================================
2025-07-07 08:17:24.718 | INFO     | __main__:monitor_loop:103 - Dispositivos carregados: 7
==================================================
2025-07-07 08:17:24.743 | INFO     | __main__:ping_device:72 - FER_24G: status=1, sent=4, recv=4, rtt_avg=2 ms
2025-07-07 08:17:24.908 | INFO     | __main__:ping_device:72 - FACEBOOK: status=1, sent=4, recv=4, rtt_avg=45 ms
2025-07-07 08:17:25.146 | INFO     | __main__:ping_device:72 - WIKIPEDIA: status=1, sent=3, recv=3, rtt_avg=138 ms
2025-07-07 08:17:25.245 | INFO     | __main__:ping_device:72 - SAMSUNG_S22: status=1, sent=4, recv=4, rtt_avg=128 ms
2025-07-07 08:17:25.319 | INFO     | __main__:ping_device:72 - GITHUB: status=1, sent=4, recv=4, rtt_avg=147 ms
2025-07-07 08:17:25.346 | INFO     | __main__:ping_device:72 - GOOGLE: status=1, sent=4, recv=4, rtt_avg=155 ms
2025-07-07 08:17:25.359 | INFO     | __main__:monitor_loop:126 - Persistidos 6 resultados de monitoramento.
2025-07-07 08:17:25.360 | INFO     | __main__:monitor_loop:134 - Tempo de execução do loop: 653.991 ms
==================================================
2025-07-07 08:17:54.723 | INFO     | __main__:ping_device:72 - FER_24G: status=1, sent=4, recv=4, rtt_avg=2 ms
2025-07-07 08:17:55.303 | INFO     | __main__:ping_device:72 - GITHUB: status=1, sent=4, recv=4, rtt_avg=147 ms
2025-07-07 08:17:55.331 | INFO     | __main__:ping_device:72 - GOOGLE: status=1, sent=4, recv=4, rtt_avg=155 ms
2025-07-07 08:17:55.350 | INFO     | __main__:ping_device:72 - SAMSUNG_S22: status=1, sent=4, recv=4, rtt_avg=158 ms
2025-07-07 08:17:55.356 | INFO     | __main__:monitor_loop:126 - Persistidos 4 resultados de monitoramento.
2025-07-07 08:17:55.356 | INFO     | __main__:monitor_loop:134 - Tempo de execução do loop: 649.985 ms
==================================================
2025-07-07 08:18:24.729 | INFO     | __main__:ping_device:72 - FER_24G: status=1, sent=4, recv=4, rtt_avg=2 ms
2025-07-07 08:18:24.772 | INFO     | __main__:ping_device:72 - CLOUDFLARE: status=1, sent=2, recv=2, rtt_avg=29 ms
2025-07-07 08:18:24.898 | INFO     | __main__:ping_device:72 - FACEBOOK: status=1, sent=4, recv=4, rtt_avg=46 ms
2025-07-07 08:18:25.133 | INFO     | __main__:ping_device:72 - WIKIPEDIA: status=1, sent=3, recv=3, rtt_avg=138 ms
2025-07-07 08:18:25.179 | INFO     | __main__:ping_device:72 - SAMSUNG_S22: status=1, sent=4, recv=4, rtt_avg=114 ms
2025-07-07 08:18:25.309 | INFO     | __main__:ping_device:72 - GITHUB: status=1, sent=4, recv=4, rtt_avg=148 ms
2025-07-07 08:18:25.333 | INFO     | __main__:ping_device:72 - GOOGLE: status=1, sent=4, recv=4, rtt_avg=155 ms
2025-07-07 08:18:25.344 | INFO     | __main__:monitor_loop:126 - Persistidos 7 resultados de monitoramento.
2025-07-07 08:18:25.344 | INFO     | __main__:monitor_loop:134 - Tempo de execução do loop: 637.443 ms
==================================================
2025-07-07 08:18:54.724 | INFO     | __main__:ping_device:72 - FER_24G: status=1, sent=4, recv=4, rtt_avg=1 ms
2025-07-07 08:18:55.138 | INFO     | __main__:ping_device:72 - SAMSUNG_S22: status=1, sent=4, recv=4, rtt_avg=104 ms
2025-07-07 08:18:55.304 | INFO     | __main__:ping_device:72 - GITHUB: status=1, sent=4, recv=4, rtt_avg=147 ms
2025-07-07 08:18:55.328 | INFO     | __main__:ping_device:72 - GOOGLE: status=1, sent=4, recv=4, rtt_avg=154 ms
2025-07-07 08:18:55.334 | INFO     | __main__:monitor_loop:126 - Persistidos 4 resultados de monitoramento.
2025-07-07 08:18:55.334 | INFO     | __main__:monitor_loop:134 - Tempo de execução do loop: 626.496 ms
==================================================
2025-07-07 08:19:24.731 | INFO     | __main__:ping_device:72 - FER_24G: status=1, sent=4, recv=4, rtt_avg=2 ms
2025-07-07 08:19:24.894 | INFO     | __main__:ping_device:72 - FACEBOOK: status=1, sent=4, recv=4, rtt_avg=44 ms
2025-07-07 08:19:25.129 | INFO     | __main__:ping_device:72 - WIKIPEDIA: status=1, sent=3, recv=3, rtt_avg=136 ms
2025-07-07 08:19:25.170 | INFO     | __main__:ping_device:72 - SAMSUNG_S22: status=1, sent=4, recv=4, rtt_avg=112 ms
2025-07-07 08:19:25.309 | INFO     | __main__:ping_device:72 - GITHUB: status=1, sent=4, recv=4, rtt_avg=148 ms
2025-07-07 08:19:25.336 | INFO     | __main__:ping_device:72 - GOOGLE: status=1, sent=4, recv=4, rtt_avg=155 ms
2025-07-07 08:19:25.354 | INFO     | __main__:monitor_loop:126 - Persistidos 6 resultados de monitoramento.
2025-07-07 08:19:25.355 | INFO     | __main__:monitor_loop:134 - Tempo de execução do loop: 646.167 ms
==================================================
2025-07-07 08:19:54.731 | INFO     | __main__:ping_device:72 - FER_24G: status=1, sent=4, recv=4, rtt_avg=2 ms
2025-07-07 08:19:54.778 | INFO     | __main__:ping_device:72 - CLOUDFLARE: status=1, sent=2, recv=2, rtt_avg=31 ms
2025-07-07 08:19:55.211 | INFO     | __main__:ping_device:72 - SAMSUNG_S22: status=1, sent=4, recv=4, rtt_avg=122 ms
2025-07-07 08:19:55.321 | INFO     | __main__:ping_device:72 - GITHUB: status=1, sent=4, recv=4, rtt_avg=150 ms
2025-07-07 08:19:55.338 | INFO     | __main__:ping_device:72 - GOOGLE: status=1, sent=4, recv=4, rtt_avg=155 ms
2025-07-07 08:19:55.344 | INFO     | __main__:monitor_loop:126 - Persistidos 5 resultados de monitoramento.
2025-07-07 08:19:55.344 | INFO     | __main__:monitor_loop:134 - Tempo de execução do loop: 634.432 ms
==================================================
2025-07-07 08:20:24.736 | INFO     | __main__:ping_device:72 - FER_24G: status=1, sent=4, recv=4, rtt_avg=3 ms
2025-07-07 08:20:24.908 | INFO     | __main__:ping_device:72 - FACEBOOK: status=1, sent=4, recv=4, rtt_avg=47 ms
2025-07-07 08:20:25.132 | INFO     | __main__:ping_device:72 - WIKIPEDIA: status=1, sent=3, recv=3, rtt_avg=137 ms
2025-07-07 08:20:25.170 | INFO     | __main__:ping_device:72 - SAMSUNG_S22: status=1, sent=4, recv=4, rtt_avg=111 ms
2025-07-07 08:20:25.312 | INFO     | __main__:ping_device:72 - GITHUB: status=1, sent=4, recv=4, rtt_avg=148 ms
2025-07-07 08:20:25.339 | INFO     | __main__:ping_device:72 - GOOGLE: status=1, sent=4, recv=4, rtt_avg=155 ms
2025-07-07 08:20:25.357 | INFO     | __main__:monitor_loop:126 - Persistidos 6 resultados de monitoramento.
2025-07-07 08:20:25.358 | INFO     | __main__:monitor_loop:134 - Tempo de execução do loop: 647.010 ms
==================================================
2025-07-07 08:20:54.723 | INFO     | __main__:ping_device:72 - FER_24G: status=1, sent=4, recv=4, rtt_avg=2 ms
2025-07-07 08:20:55.185 | INFO     | __main__:ping_device:72 - SAMSUNG_S22: status=1, sent=4, recv=4, rtt_avg=116 ms
2025-07-07 08:20:55.305 | INFO     | __main__:ping_device:72 - GITHUB: status=1, sent=4, recv=4, rtt_avg=147 ms
2025-07-07 08:20:55.336 | INFO     | __main__:ping_device:72 - GOOGLE: status=1, sent=4, recv=4, rtt_avg=155 ms
2025-07-07 08:20:55.353 | INFO     | __main__:monitor_loop:126 - Persistidos 4 resultados de monitoramento.
2025-07-07 08:20:55.354 | INFO     | __main__:monitor_loop:134 - Tempo de execução do loop: 642.536 ms
==================================================
2025-07-07 08:21:24.725 | INFO     | __main__:ping_device:72 - FER_24G: status=1, sent=4, recv=4, rtt_avg=2 ms
2025-07-07 08:21:24.776 | INFO     | __main__:ping_device:72 - CLOUDFLARE: status=1, sent=2, recv=2, rtt_avg=30 ms
2025-07-07 08:21:24.900 | INFO     | __main__:ping_device:72 - FACEBOOK: status=1, sent=4, recv=4, rtt_avg=45 ms
2025-07-07 08:21:25.131 | INFO     | __main__:ping_device:72 - WIKIPEDIA: status=1, sent=3, recv=3, rtt_avg=137 ms
2025-07-07 08:21:25.308 | INFO     | __main__:ping_device:72 - SAMSUNG_S22: status=1, sent=4, recv=4, rtt_avg=147 ms
2025-07-07 08:21:25.313 | INFO     | __main__:ping_device:72 - GITHUB: status=1, sent=4, recv=4, rtt_avg=148 ms
2025-07-07 08:21:25.339 | INFO     | __main__:ping_device:72 - GOOGLE: status=1, sent=4, recv=4, rtt_avg=155 ms
2025-07-07 08:21:25.357 | INFO     | __main__:monitor_loop:126 - Persistidos 7 resultados de monitoramento.
2025-07-07 08:21:25.358 | INFO     | __main__:monitor_loop:134 - Tempo de execução do loop: 644.740 ms
==================================================
2025-07-07 08:21:54.723 | INFO     | __main__:ping_device:72 - FER_24G: status=1, sent=4, recv=4, rtt_avg=1 ms
2025-07-07 08:21:54.881 | INFO     | __main__:ping_device:72 - SAMSUNG_S22: status=1, sent=4, recv=4, rtt_avg=40 ms
2025-07-07 08:21:55.310 | INFO     | __main__:ping_device:72 - GITHUB: status=1, sent=4, recv=4, rtt_avg=148 ms
2025-07-07 08:21:55.335 | INFO     | __main__:ping_device:72 - GOOGLE: status=1, sent=4, recv=4, rtt_avg=154 ms
2025-07-07 08:21:55.340 | INFO     | __main__:monitor_loop:126 - Persistidos 4 resultados de monitoramento.
2025-07-07 08:21:55.340 | INFO     | __main__:monitor_loop:134 - Tempo de execução do loop: 626.134 ms
==================================================
2025-07-07 08:22:24.718 | INFO     | __main__:monitor_loop:103 - Dispositivos carregados: 7
==================================================
2025-07-07 08:22:24.725 | INFO     | __main__:ping_device:72 - FER_24G: status=1, sent=4, recv=4, rtt_avg=0 ms
2025-07-07 08:22:24.904 | INFO     | __main__:ping_device:72 - FACEBOOK: status=1, sent=4, recv=4, rtt_avg=45 ms
2025-07-07 08:22:25.140 | INFO     | __main__:ping_device:72 - WIKIPEDIA: status=1, sent=3, recv=3, rtt_avg=138 ms
2025-07-07 08:22:25.262 | INFO     | __main__:ping_device:72 - SAMSUNG_S22: status=1, sent=4, recv=4, rtt_avg=134 ms
2025-07-07 08:22:25.325 | INFO     | __main__:ping_device:72 - GITHUB: status=1, sent=4, recv=4, rtt_avg=150 ms
2025-07-07 08:22:25.346 | INFO     | __main__:ping_device:72 - GOOGLE: status=1, sent=4, recv=4, rtt_avg=156 ms
2025-07-07 08:22:25.357 | INFO     | __main__:monitor_loop:126 - Persistidos 6 resultados de monitoramento.
2025-07-07 08:22:25.358 | INFO     | __main__:monitor_loop:134 - Tempo de execução do loop: 642.772 ms
==================================================
2025-07-07 08:22:54.735 | INFO     | __main__:ping_device:72 - FER_24G: status=1, sent=4, recv=4, rtt_avg=2 ms
2025-07-07 08:22:54.781 | INFO     | __main__:ping_device:72 - CLOUDFLARE: status=1, sent=2, recv=2, rtt_avg=29 ms
2025-07-07 08:22:55.312 | INFO     | __main__:ping_device:72 - GITHUB: status=1, sent=4, recv=4, rtt_avg=147 ms
2025-07-07 08:22:55.339 | INFO     | __main__:ping_device:72 - GOOGLE: status=1, sent=4, recv=4, rtt_avg=154 ms
2025-07-07 08:22:55.410 | INFO     | __main__:ping_device:72 - SAMSUNG_S22: status=1, sent=4, recv=4, rtt_avg=170 ms
2025-07-07 08:22:55.438 | INFO     | __main__:monitor_loop:126 - Persistidos 5 resultados de monitoramento.
2025-07-07 08:22:55.439 | INFO     | __main__:monitor_loop:134 - Tempo de execução do loop: 722.550 ms
==================================================
2025-07-07 08:23:24.739 | INFO     | __main__:ping_device:72 - FER_24G: status=1, sent=4, recv=4, rtt_avg=2 ms
2025-07-07 08:23:24.904 | INFO     | __main__:ping_device:72 - FACEBOOK: status=1, sent=4, recv=4, rtt_avg=45 ms
2025-07-07 08:23:25.066 | INFO     | __main__:ping_device:72 - SAMSUNG_S22: status=1, sent=4, recv=4, rtt_avg=84 ms
2025-07-07 08:23:25.140 | INFO     | __main__:ping_device:72 - WIKIPEDIA: status=1, sent=3, recv=3, rtt_avg=137 ms
2025-07-07 08:23:25.320 | INFO     | __main__:ping_device:72 - GITHUB: status=1, sent=4, recv=4, rtt_avg=148 ms
2025-07-07 08:23:25.341 | INFO     | __main__:ping_device:72 - GOOGLE: status=1, sent=4, recv=4, rtt_avg=154 ms
2025-07-07 08:23:25.360 | INFO     | __main__:monitor_loop:126 - Persistidos 6 resultados de monitoramento.
2025-07-07 08:23:25.360 | INFO     | __main__:monitor_loop:134 - Tempo de execução do loop: 643.115 ms
==================================================
2025-07-07 08:23:54.732 | INFO     | __main__:ping_device:72 - FER_24G: status=1, sent=4, recv=4, rtt_avg=2 ms
2025-07-07 08:23:55.191 | INFO     | __main__:ping_device:72 - SAMSUNG_S22: status=1, sent=4, recv=4, rtt_avg=116 ms
2025-07-07 08:23:55.310 | INFO     | __main__:ping_device:72 - GITHUB: status=1, sent=4, recv=4, rtt_avg=146 ms
2025-07-07 08:23:55.352 | INFO     | __main__:ping_device:72 - GOOGLE: status=1, sent=4, recv=4, rtt_avg=157 ms
2025-07-07 08:23:55.379 | INFO     | __main__:monitor_loop:126 - Persistidos 4 resultados de monitoramento.
2025-07-07 08:23:55.380 | INFO     | __main__:monitor_loop:134 - Tempo de execução do loop: 661.678 ms
==================================================
2025-07-07 08:24:24.734 | INFO     | __main__:ping_device:72 - FER_24G: status=1, sent=4, recv=4, rtt_avg=1 ms
2025-07-07 08:24:24.788 | INFO     | __main__:ping_device:72 - CLOUDFLARE: status=1, sent=2, recv=2, rtt_avg=31 ms
2025-07-07 08:24:24.899 | INFO     | __main__:ping_device:72 - SAMSUNG_S22: status=1, sent=4, recv=4, rtt_avg=42 ms
2025-07-07 08:24:24.904 | INFO     | __main__:ping_device:72 - FACEBOOK: status=1, sent=4, recv=4, rtt_avg=44 ms
2025-07-07 08:24:25.143 | INFO     | __main__:ping_device:72 - WIKIPEDIA: status=1, sent=3, recv=3, rtt_avg=138 ms
2025-07-07 08:24:25.321 | INFO     | __main__:ping_device:72 - GITHUB: status=1, sent=4, recv=4, rtt_avg=148 ms
2025-07-07 08:24:25.343 | INFO     | __main__:ping_device:72 - GOOGLE: status=1, sent=4, recv=4, rtt_avg=155 ms
2025-07-07 08:24:25.348 | INFO     | __main__:monitor_loop:126 - Persistidos 7 resultados de monitoramento.
2025-07-07 08:24:25.348 | INFO     | __main__:monitor_loop:134 - Tempo de execução do loop: 628.657 ms
==================================================
2025-07-07 08:24:54.737 | INFO     | __main__:ping_device:72 - FER_24G: status=1, sent=4, recv=4, rtt_avg=2 ms
2025-07-07 08:24:55.223 | INFO     | __main__:ping_device:72 - SAMSUNG_S22: status=1, sent=4, recv=4, rtt_avg=123 ms
2025-07-07 08:24:55.312 | INFO     | __main__:ping_device:72 - GITHUB: status=1, sent=4, recv=4, rtt_avg=146 ms
2025-07-07 08:24:55.348 | INFO     | __main__:ping_device:72 - GOOGLE: status=1, sent=4, recv=4, rtt_avg=155 ms
2025-07-07 08:24:55.366 | INFO     | __main__:monitor_loop:126 - Persistidos 4 resultados de monitoramento.
2025-07-07 08:24:55.367 | INFO     | __main__:monitor_loop:134 - Tempo de execução do loop: 646.936 ms
==================================================
2025-07-07 08:25:24.744 | INFO     | __main__:ping_device:72 - FER_24G: status=1, sent=4, recv=4, rtt_avg=2 ms
2025-07-07 08:25:24.907 | INFO     | __main__:ping_device:72 - FACEBOOK: status=1, sent=4, recv=4, rtt_avg=44 ms
2025-07-07 08:25:25.146 | INFO     | __main__:ping_device:72 - WIKIPEDIA: status=1, sent=3, recv=3, rtt_avg=138 ms
2025-07-07 08:25:25.195 | INFO     | __main__:ping_device:72 - SAMSUNG_S22: status=1, sent=4, recv=4, rtt_avg=115 ms
2025-07-07 08:25:25.320 | INFO     | __main__:ping_device:72 - GITHUB: status=1, sent=4, recv=4, rtt_avg=147 ms
2025-07-07 08:25:25.350 | INFO     | __main__:ping_device:72 - GOOGLE: status=1, sent=4, recv=4, rtt_avg=155 ms
2025-07-07 08:25:25.356 | INFO     | __main__:monitor_loop:126 - Persistidos 6 resultados de monitoramento.
2025-07-07 08:25:25.357 | INFO     | __main__:monitor_loop:134 - Tempo de execução do loop: 634.996 ms
==================================================
2025-07-07 08:25:54.742 | INFO     | __main__:ping_device:72 - FER_24G: status=1, sent=4, recv=4, rtt_avg=2 ms
2025-07-07 08:25:54.793 | INFO     | __main__:ping_device:72 - CLOUDFLARE: status=1, sent=2, recv=2, rtt_avg=32 ms
2025-07-07 08:25:55.199 | INFO     | __main__:ping_device:72 - SAMSUNG_S22: status=1, sent=4, recv=4, rtt_avg=116 ms
2025-07-07 08:25:55.322 | INFO     | __main__:ping_device:72 - GITHUB: status=1, sent=4, recv=4, rtt_avg=148 ms
2025-07-07 08:25:55.343 | INFO     | __main__:ping_device:72 - GOOGLE: status=1, sent=4, recv=4, rtt_avg=154 ms
2025-07-07 08:25:55.360 | INFO     | __main__:monitor_loop:126 - Persistidos 5 resultados de monitoramento.
2025-07-07 08:25:55.360 | INFO     | __main__:monitor_loop:134 - Tempo de execução do loop: 637.912 ms
==================================================
2025-07-07 08:26:24.743 | INFO     | __main__:ping_device:72 - FER_24G: status=1, sent=4, recv=4, rtt_avg=2 ms
2025-07-07 08:26:24.914 | INFO     | __main__:ping_device:72 - FACEBOOK: status=1, sent=4, recv=4, rtt_avg=46 ms
2025-07-07 08:26:24.986 | INFO     | __main__:ping_device:72 - SAMSUNG_S22: status=1, sent=4, recv=4, rtt_avg=62 ms
2025-07-07 08:26:25.145 | INFO     | __main__:ping_device:72 - WIKIPEDIA: status=1, sent=3, recv=3, rtt_avg=136 ms
2025-07-07 08:26:25.330 | INFO     | __main__:ping_device:72 - GITHUB: status=1, sent=4, recv=4, rtt_avg=149 ms
2025-07-07 08:26:25.368 | INFO     | __main__:ping_device:72 - GOOGLE: status=1, sent=4, recv=4, rtt_avg=159 ms
2025-07-07 08:26:25.383 | INFO     | __main__:monitor_loop:126 - Persistidos 6 resultados de monitoramento.
2025-07-07 08:26:25.383 | INFO     | __main__:monitor_loop:134 - Tempo de execução do loop: 659.463 ms
==================================================
2025-07-07 08:26:54.732 | INFO     | __main__:ping_device:72 - FER_24G: status=1, sent=4, recv=4, rtt_avg=1 ms
2025-07-07 08:26:55.240 | INFO     | __main__:ping_device:72 - SAMSUNG_S22: status=1, sent=4, recv=4, rtt_avg=127 ms
2025-07-07 08:26:55.313 | INFO     | __main__:ping_device:72 - GITHUB: status=1, sent=4, recv=4, rtt_avg=146 ms
2025-07-07 08:26:55.340 | INFO     | __main__:ping_device:72 - GOOGLE: status=1, sent=4, recv=4, rtt_avg=153 ms
2025-07-07 08:26:55.345 | INFO     | __main__:monitor_loop:126 - Persistidos 4 resultados de monitoramento.
2025-07-07 08:26:55.345 | INFO     | __main__:monitor_loop:134 - Tempo de execução do loop: 620.095 ms
==================================================
2025-07-07 08:27:24.729 | INFO     | __main__:monitor_loop:103 - Dispositivos carregados: 7
==================================================
2025-07-07 08:27:24.738 | INFO     | __main__:ping_device:72 - FER_24G: status=1, sent=4, recv=4, rtt_avg=1 ms
2025-07-07 08:27:24.793 | INFO     | __main__:ping_device:72 - CLOUDFLARE: status=1, sent=2, recv=2, rtt_avg=30 ms
2025-07-07 08:27:24.916 | INFO     | __main__:ping_device:72 - FACEBOOK: status=1, sent=4, recv=4, rtt_avg=45 ms
2025-07-07 08:27:25.158 | INFO     | __main__:ping_device:72 - WIKIPEDIA: status=1, sent=3, recv=3, rtt_avg=141 ms
2025-07-07 08:27:25.244 | INFO     | __main__:ping_device:72 - SAMSUNG_S22: status=1, sent=4, recv=4, rtt_avg=127 ms
2025-07-07 08:27:25.330 | INFO     | __main__:ping_device:72 - GITHUB: status=1, sent=4, recv=4, rtt_avg=149 ms
2025-07-07 08:27:25.350 | INFO     | __main__:ping_device:72 - GOOGLE: status=1, sent=4, recv=4, rtt_avg=154 ms
2025-07-07 08:27:25.369 | INFO     | __main__:monitor_loop:126 - Persistidos 7 resultados de monitoramento.
2025-07-07 08:27:25.370 | INFO     | __main__:monitor_loop:134 - Tempo de execução do loop: 644.793 ms
==================================================
2025-07-07 08:27:54.744 | INFO     | __main__:ping_device:72 - FER_24G: status=1, sent=4, recv=4, rtt_avg=2 ms
2025-07-07 08:27:55.227 | INFO     | __main__:ping_device:72 - SAMSUNG_S22: status=1, sent=4, recv=4, rtt_avg=122 ms
2025-07-07 08:27:55.323 | INFO     | __main__:ping_device:72 - GITHUB: status=1, sent=4, recv=4, rtt_avg=147 ms
2025-07-07 08:27:55.352 | INFO     | __main__:ping_device:72 - GOOGLE: status=1, sent=4, recv=4, rtt_avg=154 ms
2025-07-07 08:27:55.367 | INFO     | __main__:monitor_loop:126 - Persistidos 4 resultados de monitoramento.
2025-07-07 08:27:55.367 | INFO     | __main__:monitor_loop:134 - Tempo de execução do loop: 640.559 ms
==================================================
2025-07-07 08:28:24.740 | INFO     | __main__:ping_device:72 - FER_24G: status=1, sent=4, recv=4, rtt_avg=1 ms
2025-07-07 08:28:24.912 | INFO     | __main__:ping_device:72 - FACEBOOK: status=1, sent=4, recv=4, rtt_avg=44 ms
2025-07-07 08:28:25.115 | INFO     | __main__:ping_device:72 - SAMSUNG_S22: status=1, sent=4, recv=4, rtt_avg=94 ms
2025-07-07 08:28:25.146 | INFO     | __main__:ping_device:72 - WIKIPEDIA: status=1, sent=3, recv=3, rtt_avg=136 ms
2025-07-07 08:28:25.323 | INFO     | __main__:ping_device:72 - GITHUB: status=1, sent=4, recv=4, rtt_avg=147 ms
2025-07-07 08:28:25.349 | INFO     | __main__:ping_device:72 - GOOGLE: status=1, sent=4, recv=4, rtt_avg=154 ms
2025-07-07 08:28:25.379 | INFO     | __main__:monitor_loop:126 - Persistidos 6 resultados de monitoramento.
2025-07-07 08:28:25.380 | INFO     | __main__:monitor_loop:134 - Tempo de execução do loop: 652.302 ms
==================================================
2025-07-07 08:28:54.747 | INFO     | __main__:ping_device:72 - FER_24G: status=1, sent=4, recv=4, rtt_avg=2 ms
2025-07-07 08:28:54.790 | INFO     | __main__:ping_device:72 - CLOUDFLARE: status=1, sent=2, recv=2, rtt_avg=28 ms
2025-07-07 08:28:55.253 | INFO     | __main__:ping_device:72 - SAMSUNG_S22: status=1, sent=4, recv=4, rtt_avg=128 ms
2025-07-07 08:28:55.323 | INFO     | __main__:ping_device:72 - GITHUB: status=1, sent=4, recv=4, rtt_avg=146 ms
2025-07-07 08:28:55.357 | INFO     | __main__:ping_device:72 - GOOGLE: status=1, sent=4, recv=4, rtt_avg=156 ms
2025-07-07 08:28:55.372 | INFO     | __main__:monitor_loop:126 - Persistidos 5 resultados de monitoramento.
2025-07-07 08:28:55.373 | INFO     | __main__:monitor_loop:134 - Tempo de execução do loop: 644.010 ms
==================================================
2025-07-07 08:29:24.751 | INFO     | __main__:ping_device:72 - FER_24G: status=1, sent=4, recv=4, rtt_avg=2 ms
2025-07-07 08:29:24.915 | INFO     | __main__:ping_device:72 - FACEBOOK: status=1, sent=4, recv=4, rtt_avg=44 ms
2025-07-07 08:29:25.157 | INFO     | __main__:ping_device:72 - WIKIPEDIA: status=1, sent=3, recv=3, rtt_avg=138 ms
2025-07-07 08:29:25.166 | INFO     | __main__:ping_device:72 - SAMSUNG_S22: status=1, sent=4, recv=4, rtt_avg=105 ms
2025-07-07 08:29:25.342 | INFO     | __main__:ping_device:72 - GITHUB: status=1, sent=4, recv=4, rtt_avg=150 ms
2025-07-07 08:29:25.363 | INFO     | __main__:ping_device:72 - GOOGLE: status=1, sent=4, recv=4, rtt_avg=157 ms
2025-07-07 08:29:25.381 | INFO     | __main__:monitor_loop:126 - Persistidos 6 resultados de monitoramento.
2025-07-07 08:29:25.382 | INFO     | __main__:monitor_loop:134 - Tempo de execução do loop: 652.186 ms
==================================================
2025-07-07 08:29:54.749 | INFO     | __main__:ping_device:72 - FER_24G: status=1, sent=4, recv=4, rtt_avg=2 ms
2025-07-07 08:29:55.191 | INFO     | __main__:ping_device:72 - SAMSUNG_S22: status=1, sent=4, recv=4, rtt_avg=112 ms
2025-07-07 08:29:55.330 | INFO     | __main__:ping_device:72 - GITHUB: status=1, sent=4, recv=4, rtt_avg=148 ms
2025-07-07 08:29:55.361 | INFO     | __main__:ping_device:72 - GOOGLE: status=1, sent=4, recv=4, rtt_avg=156 ms
2025-07-07 08:29:55.367 | INFO     | __main__:monitor_loop:126 - Persistidos 4 resultados de monitoramento.
2025-07-07 08:29:55.367 | INFO     | __main__:monitor_loop:134 - Tempo de execução do loop: 635.513 ms
==================================================
2025-07-07 08:30:24.760 | INFO     | __main__:ping_device:72 - FER_24G: status=1, sent=4, recv=4, rtt_avg=3 ms
2025-07-07 08:30:24.798 | INFO     | __main__:ping_device:72 - CLOUDFLARE: status=1, sent=2, recv=2, rtt_avg=29 ms
2025-07-07 08:30:24.928 | INFO     | __main__:ping_device:72 - FACEBOOK: status=1, sent=4, recv=4, rtt_avg=47 ms
2025-07-07 08:30:25.165 | INFO     | __main__:ping_device:72 - WIKIPEDIA: status=1, sent=3, recv=3, rtt_avg=140 ms
2025-07-07 08:30:25.275 | INFO     | __main__:ping_device:72 - SAMSUNG_S22: status=1, sent=4, recv=4, rtt_avg=131 ms
2025-07-07 08:30:25.351 | INFO     | __main__:ping_device:72 - GITHUB: status=1, sent=4, recv=4, rtt_avg=152 ms
2025-07-07 08:30:25.372 | INFO     | __main__:ping_device:72 - GOOGLE: status=1, sent=4, recv=4, rtt_avg=158 ms
2025-07-07 08:30:25.389 | INFO     | __main__:monitor_loop:126 - Persistidos 7 resultados de monitoramento.
2025-07-07 08:30:25.390 | INFO     | __main__:monitor_loop:134 - Tempo de execução do loop: 657.483 ms
==================================================
2025-07-07 08:30:54.772 | INFO     | __main__:ping_device:72 - FER_24G: status=1, sent=4, recv=4, rtt_avg=7 ms
2025-07-07 08:30:54.832 | INFO     | __main__:ping_device:72 - SAMSUNG_S22: status=1, sent=4, recv=4, rtt_avg=22 ms
2025-07-07 08:30:55.448 | INFO     | __main__:ping_device:72 - GITHUB: status=1, sent=4, recv=4, rtt_avg=176 ms
2025-07-07 08:30:55.455 | INFO     | __main__:ping_device:72 - GOOGLE: status=1, sent=4, recv=4, rtt_avg=178 ms
2025-07-07 08:30:55.472 | INFO     | __main__:monitor_loop:126 - Persistidos 4 resultados de monitoramento.
2025-07-07 08:30:55.473 | INFO     | __main__:monitor_loop:134 - Tempo de execução do loop: 739.473 ms
==================================================
2025-07-07 08:31:24.755 | INFO     | __main__:ping_device:72 - FER_24G: status=1, sent=4, recv=4, rtt_avg=2 ms
2025-07-07 08:31:24.920 | INFO     | __main__:ping_device:72 - FACEBOOK: status=1, sent=4, recv=4, rtt_avg=44 ms
2025-07-07 08:31:24.999 | INFO     | __main__:ping_device:72 - SAMSUNG_S22: status=1, sent=4, recv=4, rtt_avg=62 ms
2025-07-07 08:31:25.159 | INFO     | __main__:ping_device:72 - WIKIPEDIA: status=1, sent=3, recv=3, rtt_avg=138 ms
2025-07-07 08:31:25.336 | INFO     | __main__:ping_device:72 - GITHUB: status=1, sent=4, recv=4, rtt_avg=148 ms
2025-07-07 08:31:25.372 | INFO     | __main__:ping_device:72 - GOOGLE: status=1, sent=4, recv=4, rtt_avg=158 ms
2025-07-07 08:31:25.398 | INFO     | __main__:monitor_loop:126 - Persistidos 6 resultados de monitoramento.
2025-07-07 08:31:25.399 | INFO     | __main__:monitor_loop:134 - Tempo de execução do loop: 664.364 ms
==================================================
2025-07-07 08:31:54.754 | INFO     | __main__:ping_device:72 - FER_24G: status=1, sent=4, recv=4, rtt_avg=2 ms
2025-07-07 08:31:54.801 | INFO     | __main__:ping_device:72 - CLOUDFLARE: status=1, sent=2, recv=2, rtt_avg=30 ms
2025-07-07 08:31:55.180 | INFO     | __main__:ping_device:72 - SAMSUNG_S22: status=1, sent=4, recv=4, rtt_avg=108 ms
2025-07-07 08:31:55.337 | INFO     | __main__:ping_device:72 - GITHUB: status=1, sent=4, recv=4, rtt_avg=148 ms
2025-07-07 08:31:55.369 | INFO     | __main__:ping_device:72 - GOOGLE: status=1, sent=4, recv=4, rtt_avg=157 ms
2025-07-07 08:31:55.387 | INFO     | __main__:monitor_loop:126 - Persistidos 5 resultados de monitoramento.
2025-07-07 08:31:55.388 | INFO     | __main__:monitor_loop:134 - Tempo de execução do loop: 652.717 ms
==================================================
2025-07-07 08:32:24.748 | INFO     | __main__:monitor_loop:103 - Dispositivos carregados: 7
==================================================
2025-07-07 08:32:24.767 | INFO     | __main__:ping_device:72 - FER_24G: status=1, sent=4, recv=4, rtt_avg=2 ms
2025-07-07 08:32:24.945 | INFO     | __main__:ping_device:72 - FACEBOOK: status=1, sent=4, recv=4, rtt_avg=47 ms
2025-07-07 08:32:25.189 | INFO     | __main__:ping_device:72 - WIKIPEDIA: status=1, sent=3, recv=3, rtt_avg=144 ms
2025-07-07 08:32:25.263 | INFO     | __main__:ping_device:72 - SAMSUNG_S22: status=1, sent=4, recv=4, rtt_avg=126 ms
2025-07-07 08:32:25.359 | INFO     | __main__:ping_device:72 - GITHUB: status=1, sent=4, recv=4, rtt_avg=150 ms
2025-07-07 08:32:25.394 | INFO     | __main__:ping_device:72 - GOOGLE: status=1, sent=4, recv=4, rtt_avg=159 ms
2025-07-07 08:32:25.412 | INFO     | __main__:monitor_loop:126 - Persistidos 6 resultados de monitoramento.
2025-07-07 08:32:25.413 | INFO     | __main__:monitor_loop:134 - Tempo de execução do loop: 677.583 ms
==================================================
2025-07-07 08:32:54.754 | INFO     | __main__:ping_device:72 - FER_24G: status=1, sent=4, recv=4, rtt_avg=2 ms
2025-07-07 08:32:55.220 | INFO     | __main__:ping_device:72 - SAMSUNG_S22: status=1, sent=4, recv=4, rtt_avg=118 ms
2025-07-07 08:32:55.357 | INFO     | __main__:ping_device:72 - GITHUB: status=1, sent=4, recv=4, rtt_avg=153 ms
2025-07-07 08:32:55.372 | INFO     | __main__:ping_device:72 - GOOGLE: status=1, sent=4, recv=4, rtt_avg=157 ms
2025-07-07 08:32:55.389 | INFO     | __main__:monitor_loop:126 - Persistidos 4 resultados de monitoramento.
2025-07-07 08:32:55.390 | INFO     | __main__:monitor_loop:134 - Tempo de execução do loop: 652.843 ms
==================================================
2025-07-07 08:33:24.750 | INFO     | __main__:ping_device:72 - FER_24G: status=1, sent=4, recv=4, rtt_avg=1 ms
2025-07-07 08:33:24.815 | INFO     | __main__:ping_device:72 - CLOUDFLARE: status=1, sent=2, recv=2, rtt_avg=37 ms
2025-07-07 08:33:24.932 | INFO     | __main__:ping_device:72 - FACEBOOK: status=1, sent=4, recv=4, rtt_avg=47 ms
2025-07-07 08:33:24.953 | INFO     | __main__:ping_device:72 - SAMSUNG_S22: status=1, sent=4, recv=4, rtt_avg=52 ms
2025-07-07 08:33:25.165 | INFO     | __main__:ping_device:72 - WIKIPEDIA: status=1, sent=3, recv=3, rtt_avg=140 ms
2025-07-07 08:33:25.350 | INFO     | __main__:ping_device:72 - GITHUB: status=1, sent=4, recv=4, rtt_avg=151 ms
2025-07-07 08:33:25.377 | INFO     | __main__:ping_device:72 - GOOGLE: status=1, sent=4, recv=4, rtt_avg=158 ms
2025-07-07 08:33:25.382 | INFO     | __main__:monitor_loop:126 - Persistidos 7 resultados de monitoramento.
2025-07-07 08:33:25.382 | INFO     | __main__:monitor_loop:134 - Tempo de execução do loop: 643.829 ms
==================================================
2025-07-07 08:33:54.756 | INFO     | __main__:ping_device:72 - FER_24G: status=1, sent=4, recv=4, rtt_avg=3 ms
2025-07-07 08:33:55.215 | INFO     | __main__:ping_device:72 - SAMSUNG_S22: status=1, sent=4, recv=4, rtt_avg=117 ms
2025-07-07 08:33:55.334 | INFO     | __main__:ping_device:72 - GITHUB: status=1, sent=4, recv=4, rtt_avg=147 ms
2025-07-07 08:33:55.367 | INFO     | __main__:ping_device:72 - GOOGLE: status=1, sent=4, recv=4, rtt_avg=156 ms
2025-07-07 08:33:55.383 | INFO     | __main__:monitor_loop:126 - Persistidos 4 resultados de monitoramento.
2025-07-07 08:33:55.384 | INFO     | __main__:monitor_loop:134 - Tempo de execução do loop: 645.126 ms
==================================================
2025-07-07 08:34:24.760 | INFO     | __main__:ping_device:72 - FER_24G: status=1, sent=4, recv=4, rtt_avg=2 ms
2025-07-07 08:34:24.923 | INFO     | __main__:ping_device:72 - FACEBOOK: status=1, sent=4, recv=4, rtt_avg=44 ms
2025-07-07 08:34:25.132 | INFO     | __main__:ping_device:72 - SAMSUNG_S22: status=1, sent=4, recv=4, rtt_avg=95 ms
2025-07-07 08:34:25.165 | INFO     | __main__:ping_device:72 - WIKIPEDIA: status=1, sent=3, recv=3, rtt_avg=138 ms
2025-07-07 08:34:25.344 | INFO     | __main__:ping_device:72 - GITHUB: status=1, sent=4, recv=4, rtt_avg=149 ms
2025-07-07 08:34:25.367 | INFO     | __main__:ping_device:72 - GOOGLE: status=1, sent=4, recv=4, rtt_avg=155 ms
2025-07-07 08:34:25.393 | INFO     | __main__:monitor_loop:126 - Persistidos 6 resultados de monitoramento.
2025-07-07 08:34:25.394 | INFO     | __main__:monitor_loop:134 - Tempo de execução do loop: 654.163 ms
==================================================
2025-07-07 08:34:54.752 | INFO     | __main__:ping_device:72 - FER_24G: status=1, sent=4, recv=4, rtt_avg=1 ms
2025-07-07 08:34:54.818 | INFO     | __main__:ping_device:72 - CLOUDFLARE: status=1, sent=2, recv=2, rtt_avg=36 ms
2025-07-07 08:34:55.069 | INFO     | __main__:ping_device:72 - SAMSUNG_S22: status=1, sent=4, recv=4, rtt_avg=80 ms
2025-07-07 08:34:55.345 | INFO     | __main__:ping_device:72 - GITHUB: status=1, sent=4, recv=4, rtt_avg=149 ms
2025-07-07 08:34:55.375 | INFO     | __main__:ping_device:72 - GOOGLE: status=1, sent=4, recv=4, rtt_avg=157 ms
2025-07-07 08:34:55.388 | INFO     | __main__:monitor_loop:126 - Persistidos 5 resultados de monitoramento.
2025-07-07 08:34:55.388 | INFO     | __main__:monitor_loop:134 - Tempo de execução do loop: 647.300 ms
==================================================
2025-07-07 08:35:24.766 | INFO     | __main__:ping_device:72 - FER_24G: status=1, sent=4, recv=4, rtt_avg=2 ms
2025-07-07 08:35:24.929 | INFO     | __main__:ping_device:72 - FACEBOOK: status=1, sent=4, recv=4, rtt_avg=45 ms
2025-07-07 08:35:25.165 | INFO     | __main__:ping_device:72 - WIKIPEDIA: status=1, sent=3, recv=3, rtt_avg=138 ms
2025-07-07 08:35:25.286 | INFO     | __main__:ping_device:72 - SAMSUNG_S22: status=1, sent=4, recv=4, rtt_avg=132 ms
2025-07-07 08:35:25.343 | INFO     | __main__:ping_device:72 - GITHUB: status=1, sent=4, recv=4, rtt_avg=148 ms
2025-07-07 08:35:25.364 | INFO     | __main__:ping_device:72 - GOOGLE: status=1, sent=4, recv=4, rtt_avg=154 ms
2025-07-07 08:35:25.378 | INFO     | __main__:monitor_loop:126 - Persistidos 6 resultados de monitoramento.
2025-07-07 08:35:25.378 | INFO     | __main__:monitor_loop:134 - Tempo de execução do loop: 636.325 ms
==================================================
2025-07-07 08:35:54.751 | INFO     | __main__:ping_device:72 - FER_24G: status=1, sent=4, recv=4, rtt_avg=1 ms
2025-07-07 08:35:55.255 | INFO     | __main__:ping_device:72 - SAMSUNG_S22: status=1, sent=4, recv=4, rtt_avg=126 ms
2025-07-07 08:35:55.340 | INFO     | __main__:ping_device:72 - GITHUB: status=1, sent=4, recv=4, rtt_avg=148 ms
2025-07-07 08:35:55.367 | INFO     | __main__:ping_device:72 - GOOGLE: status=1, sent=4, recv=4, rtt_avg=155 ms
2025-07-07 08:35:55.383 | INFO     | __main__:monitor_loop:126 - Persistidos 4 resultados de monitoramento.
2025-07-07 08:35:55.384 | INFO     | __main__:monitor_loop:134 - Tempo de execução do loop: 641.023 ms
==================================================
2025-07-07 08:36:24.753 | INFO     | __main__:ping_device:72 - FER_24G: status=1, sent=4, recv=4, rtt_avg=1 ms
2025-07-07 08:36:24.803 | INFO     | __main__:ping_device:72 - CLOUDFLARE: status=1, sent=2, recv=2, rtt_avg=28 ms
2025-07-07 08:36:24.922 | INFO     | __main__:ping_device:72 - FACEBOOK: status=1, sent=4, recv=4, rtt_avg=43 ms
2025-07-07 08:36:25.163 | INFO     | __main__:ping_device:72 - WIKIPEDIA: status=1, sent=3, recv=3, rtt_avg=138 ms
2025-07-07 08:36:25.308 | INFO     | __main__:ping_device:72 - SAMSUNG_S22: status=1, sent=4, recv=4, rtt_avg=139 ms
2025-07-07 08:36:25.341 | INFO     | __main__:ping_device:72 - GITHUB: status=1, sent=4, recv=4, rtt_avg=148 ms
2025-07-07 08:36:25.369 | INFO     | __main__:ping_device:72 - GOOGLE: status=1, sent=4, recv=4, rtt_avg=155 ms
2025-07-07 08:36:25.397 | INFO     | __main__:monitor_loop:126 - Persistidos 7 resultados de monitoramento.
2025-07-07 08:36:25.398 | INFO     | __main__:monitor_loop:134 - Tempo de execução do loop: 653.456 ms
==================================================
2025-07-07 08:36:54.763 | INFO     | __main__:ping_device:72 - FER_24G: status=1, sent=4, recv=4, rtt_avg=3 ms
2025-07-07 08:36:55.340 | INFO     | __main__:ping_device:72 - SAMSUNG_S22: status=1, sent=4, recv=4, rtt_avg=147 ms
2025-07-07 08:36:55.345 | INFO     | __main__:ping_device:72 - GITHUB: status=1, sent=4, recv=4, rtt_avg=148 ms
2025-07-07 08:36:55.411 | INFO     | __main__:ping_device:72 - GOOGLE: status=1, sent=4, recv=4, rtt_avg=165 ms
2025-07-07 08:36:55.429 | INFO     | __main__:monitor_loop:126 - Persistidos 4 resultados de monitoramento.
2025-07-07 08:36:55.430 | INFO     | __main__:monitor_loop:134 - Tempo de execução do loop: 684.605 ms
==================================================
2025-07-07 08:37:24.751 | INFO     | __main__:monitor_loop:103 - Dispositivos carregados: 7
==================================================
2025-07-07 08:37:24.758 | INFO     | __main__:ping_device:72 - FER_24G: status=1, sent=4, recv=4, rtt_avg=1 ms
2025-07-07 08:37:24.938 | INFO     | __main__:ping_device:72 - FACEBOOK: status=1, sent=4, recv=4, rtt_avg=46 ms
2025-07-07 08:37:25.175 | INFO     | __main__:ping_device:72 - WIKIPEDIA: status=1, sent=3, recv=3, rtt_avg=139 ms
2025-07-07 08:37:25.290 | INFO     | __main__:ping_device:72 - SAMSUNG_S22: status=1, sent=4, recv=4, rtt_avg=133 ms
2025-07-07 08:37:25.346 | INFO     | __main__:ping_device:72 - GITHUB: status=1, sent=4, recv=4, rtt_avg=148 ms
2025-07-07 08:37:25.382 | INFO     | __main__:ping_device:72 - GOOGLE: status=1, sent=4, recv=4, rtt_avg=157 ms
2025-07-07 08:37:25.388 | INFO     | __main__:monitor_loop:126 - Persistidos 6 resultados de monitoramento.
2025-07-07 08:37:25.389 | INFO     | __main__:monitor_loop:134 - Tempo de execução do loop: 641.437 ms
==================================================
2025-07-07 08:37:54.756 | INFO     | __main__:ping_device:72 - FER_24G: status=1, sent=4, recv=4, rtt_avg=1 ms
2025-07-07 08:37:54.810 | INFO     | __main__:ping_device:72 - CLOUDFLARE: status=1, sent=2, recv=2, rtt_avg=30 ms
2025-07-07 08:37:55.149 | INFO     | __main__:ping_device:72 - SAMSUNG_S22: status=1, sent=4, recv=4, rtt_avg=99 ms
2025-07-07 08:37:55.366 | INFO     | __main__:ping_device:72 - GITHUB: status=1, sent=4, recv=4, rtt_avg=153 ms
2025-07-07 08:37:55.385 | INFO     | __main__:ping_device:72 - GOOGLE: status=1, sent=4, recv=4, rtt_avg=158 ms
2025-07-07 08:37:55.404 | INFO     | __main__:monitor_loop:126 - Persistidos 5 resultados de monitoramento.
2025-07-07 08:37:55.404 | INFO     | __main__:monitor_loop:134 - Tempo de execução do loop: 656.531 ms
==================================================
2025-07-07 08:38:24.768 | INFO     | __main__:ping_device:72 - FER_24G: status=1, sent=4, recv=4, rtt_avg=2 ms
2025-07-07 08:38:24.970 | INFO     | __main__:ping_device:72 - FACEBOOK: status=1, sent=4, recv=4, rtt_avg=54 ms
2025-07-07 08:38:24.981 | INFO     | __main__:ping_device:72 - SAMSUNG_S22: status=1, sent=4, recv=4, rtt_avg=55 ms
2025-07-07 08:38:25.190 | INFO     | __main__:ping_device:72 - WIKIPEDIA: status=1, sent=3, recv=3, rtt_avg=144 ms
2025-07-07 08:38:25.381 | INFO     | __main__:ping_device:72 - GITHUB: status=1, sent=4, recv=4, rtt_avg=155 ms
2025-07-07 08:38:25.397 | INFO     | __main__:ping_device:72 - GOOGLE: status=1, sent=4, recv=4, rtt_avg=161 ms
2025-07-07 08:38:25.425 | INFO     | __main__:monitor_loop:126 - Persistidos 6 resultados de monitoramento.
2025-07-07 08:38:25.426 | INFO     | __main__:monitor_loop:134 - Tempo de execução do loop: 677.474 ms
==================================================
2025-07-07 08:38:54.762 | INFO     | __main__:ping_device:72 - FER_24G: status=1, sent=4, recv=4, rtt_avg=2 ms
2025-07-07 08:38:55.350 | INFO     | __main__:ping_device:72 - SAMSUNG_S22: status=1, sent=4, recv=4, rtt_avg=149 ms
2025-07-07 08:38:55.387 | INFO     | __main__:ping_device:72 - GITHUB: status=1, sent=4, recv=4, rtt_avg=158 ms
2025-07-07 08:38:55.394 | INFO     | __main__:ping_device:72 - GOOGLE: status=1, sent=4, recv=4, rtt_avg=160 ms
2025-07-07 08:38:55.399 | INFO     | __main__:monitor_loop:126 - Persistidos 4 resultados de monitoramento.
2025-07-07 08:38:55.400 | INFO     | __main__:monitor_loop:134 - Tempo de execução do loop: 650.070 ms
==================================================
2025-07-07 08:39:24.776 | INFO     | __main__:ping_device:72 - FER_24G: status=1, sent=4, recv=4, rtt_avg=2 ms
2025-07-07 08:39:24.932 | INFO     | __main__:ping_device:72 - CLOUDFLARE: status=1, sent=2, recv=2, rtt_avg=87 ms
2025-07-07 08:39:25.051 | INFO     | __main__:ping_device:72 - FACEBOOK: status=1, sent=4, recv=4, rtt_avg=73 ms
2025-07-07 08:39:25.052 | INFO     | __main__:ping_device:72 - SAMSUNG_S22: status=1, sent=4, recv=4, rtt_avg=71 ms
2025-07-07 08:39:25.192 | INFO     | __main__:ping_device:72 - WIKIPEDIA: status=1, sent=3, recv=3, rtt_avg=143 ms
2025-07-07 08:39:25.390 | INFO     | __main__:ping_device:72 - GITHUB: status=1, sent=4, recv=4, rtt_avg=157 ms
2025-07-07 08:39:25.406 | INFO     | __main__:ping_device:72 - GOOGLE: status=1, sent=4, recv=4, rtt_avg=162 ms
2025-07-07 08:39:25.411 | INFO     | __main__:monitor_loop:126 - Persistidos 7 resultados de monitoramento.
2025-07-07 08:39:25.412 | INFO     | __main__:monitor_loop:134 - Tempo de execução do loop: 661.208 ms
==================================================
2025-07-07 08:39:54.772 | INFO     | __main__:ping_device:72 - FER_24G: status=1, sent=4, recv=4, rtt_avg=3 ms
2025-07-07 08:39:55.284 | INFO     | __main__:ping_device:72 - SAMSUNG_S22: status=1, sent=4, recv=4, rtt_avg=130 ms
2025-07-07 08:39:55.376 | INFO     | __main__:ping_device:72 - GITHUB: status=1, sent=4, recv=4, rtt_avg=154 ms
2025-07-07 08:39:55.403 | INFO     | __main__:ping_device:72 - GOOGLE: status=1, sent=4, recv=4, rtt_avg=161 ms
2025-07-07 08:39:55.421 | INFO     | __main__:monitor_loop:126 - Persistidos 4 resultados de monitoramento.
2025-07-07 08:39:55.422 | INFO     | __main__:monitor_loop:134 - Tempo de execução do loop: 670.810 ms
==================================================
2025-07-07 08:40:24.775 | INFO     | __main__:ping_device:72 - FER_24G: status=1, sent=4, recv=4, rtt_avg=2 ms
2025-07-07 08:40:24.955 | INFO     | __main__:ping_device:72 - SAMSUNG_S22: status=1, sent=4, recv=4, rtt_avg=47 ms
2025-07-07 08:40:24.973 | INFO     | __main__:ping_device:72 - FACEBOOK: status=1, sent=4, recv=4, rtt_avg=53 ms
2025-07-07 08:40:25.187 | INFO     | __main__:ping_device:72 - WIKIPEDIA: status=1, sent=3, recv=3, rtt_avg=141 ms
2025-07-07 08:40:25.414 | INFO     | __main__:ping_device:72 - GITHUB: status=1, sent=4, recv=4, rtt_avg=163 ms
2025-07-07 08:40:25.431 | INFO     | __main__:ping_device:72 - GOOGLE: status=1, sent=4, recv=4, rtt_avg=168 ms
2025-07-07 08:40:25.449 | INFO     | __main__:monitor_loop:126 - Persistidos 6 resultados de monitoramento.
2025-07-07 08:40:25.450 | INFO     | __main__:monitor_loop:134 - Tempo de execução do loop: 697.639 ms
==================================================
2025-07-07 08:40:54.763 | INFO     | __main__:ping_device:72 - FER_24G: status=1, sent=4, recv=4, rtt_avg=1 ms
2025-07-07 08:40:54.841 | INFO     | __main__:ping_device:72 - CLOUDFLARE: status=1, sent=2, recv=2, rtt_avg=42 ms
2025-07-07 08:40:55.222 | INFO     | __main__:ping_device:72 - SAMSUNG_S22: status=1, sent=4, recv=4, rtt_avg=116 ms
2025-07-07 08:40:55.359 | INFO     | __main__:ping_device:72 - GITHUB: status=1, sent=4, recv=4, rtt_avg=150 ms
2025-07-07 08:40:55.406 | INFO     | __main__:ping_device:72 - GOOGLE: status=1, sent=4, recv=4, rtt_avg=162 ms
2025-07-07 08:40:55.414 | INFO     | __main__:monitor_loop:126 - Persistidos 5 resultados de monitoramento.
2025-07-07 08:40:55.414 | INFO     | __main__:monitor_loop:134 - Tempo de execução do loop: 661.045 ms
==================================================
2025-07-07 08:41:24.762 | INFO     | __main__:ping_device:72 - FER_24G: status=1, sent=4, recv=4, rtt_avg=1 ms
2025-07-07 08:41:24.938 | INFO     | __main__:ping_device:72 - FACEBOOK: status=1, sent=4, recv=4, rtt_avg=45 ms
2025-07-07 08:41:24.972 | INFO     | __main__:ping_device:72 - SAMSUNG_S22: status=1, sent=4, recv=4, rtt_avg=53 ms
2025-07-07 08:41:25.184 | INFO     | __main__:ping_device:72 - WIKIPEDIA: status=1, sent=3, recv=3, rtt_avg=142 ms
2025-07-07 08:41:25.389 | INFO     | __main__:ping_device:72 - GITHUB: status=1, sent=4, recv=4, rtt_avg=157 ms
2025-07-07 08:41:25.402 | INFO     | __main__:ping_device:72 - GOOGLE: status=1, sent=4, recv=4, rtt_avg=161 ms
2025-07-07 08:41:25.437 | INFO     | __main__:monitor_loop:126 - Persistidos 6 resultados de monitoramento.
2025-07-07 08:41:25.438 | INFO     | __main__:monitor_loop:134 - Tempo de execução do loop: 683.497 ms
==================================================
2025-07-07 08:41:54.772 | INFO     | __main__:ping_device:72 - FER_24G: status=1, sent=4, recv=4, rtt_avg=1 ms
2025-07-07 08:41:55.187 | INFO     | __main__:ping_device:72 - SAMSUNG_S22: status=1, sent=4, recv=4, rtt_avg=105 ms
2025-07-07 08:41:55.392 | INFO     | __main__:ping_device:72 - GITHUB: status=1, sent=4, recv=4, rtt_avg=157 ms
2025-07-07 08:41:55.405 | INFO     | __main__:ping_device:72 - GOOGLE: status=1, sent=4, recv=4, rtt_avg=161 ms
2025-07-07 08:41:55.423 | INFO     | __main__:monitor_loop:126 - Persistidos 4 resultados de monitoramento.
2025-07-07 08:41:55.424 | INFO     | __main__:monitor_loop:134 - Tempo de execução do loop: 668.417 ms
==================================================
2025-07-07 08:42:24.760 | INFO     | __main__:monitor_loop:103 - Dispositivos carregados: 7
==================================================
2025-07-07 08:42:24.768 | INFO     | __main__:ping_device:72 - FER_24G: status=1, sent=4, recv=4, rtt_avg=0 ms
2025-07-07 08:42:24.825 | INFO     | __main__:ping_device:72 - CLOUDFLARE: status=1, sent=2, recv=2, rtt_avg=31 ms
2025-07-07 08:42:24.952 | INFO     | __main__:ping_device:72 - SAMSUNG_S22: status=1, sent=4, recv=4, rtt_avg=47 ms
2025-07-07 08:42:24.979 | INFO     | __main__:ping_device:72 - FACEBOOK: status=1, sent=4, recv=4, rtt_avg=54 ms
2025-07-07 08:42:25.191 | INFO     | __main__:ping_device:72 - WIKIPEDIA: status=1, sent=3, recv=3, rtt_avg=142 ms
2025-07-07 08:42:25.362 | INFO     | __main__:ping_device:72 - GITHUB: status=1, sent=4, recv=4, rtt_avg=149 ms
2025-07-07 08:42:25.405 | INFO     | __main__:ping_device:72 - GOOGLE: status=1, sent=4, recv=4, rtt_avg=160 ms
2025-07-07 08:42:25.430 | INFO     | __main__:monitor_loop:126 - Persistidos 7 resultados de monitoramento.
2025-07-07 08:42:25.431 | INFO     | __main__:monitor_loop:134 - Tempo de execução do loop: 674.839 ms
==================================================
2025-07-07 08:42:54.769 | INFO     | __main__:ping_device:72 - FER_24G: status=1, sent=4, recv=4, rtt_avg=2 ms
2025-07-07 08:42:55.285 | INFO     | __main__:ping_device:72 - SAMSUNG_S22: status=1, sent=4, recv=4, rtt_avg=131 ms
2025-07-07 08:42:55.407 | INFO     | __main__:ping_device:72 - GITHUB: status=1, sent=4, recv=4, rtt_avg=161 ms
2025-07-07 08:42:55.428 | INFO     | __main__:ping_device:72 - GOOGLE: status=1, sent=4, recv=4, rtt_avg=167 ms
2025-07-07 08:42:55.437 | INFO     | __main__:monitor_loop:126 - Persistidos 4 resultados de monitoramento.
2025-07-07 08:42:55.438 | INFO     | __main__:monitor_loop:134 - Tempo de execução do loop: 681.063 ms
==================================================
2025-07-07 08:43:24.815 | INFO     | __main__:ping_device:72 - FER_24G: status=1, sent=4, recv=4, rtt_avg=12 ms
2025-07-07 08:43:24.968 | INFO     | __main__:ping_device:72 - FACEBOOK: status=1, sent=4, recv=4, rtt_avg=51 ms
2025-07-07 08:43:25.208 | INFO     | __main__:ping_device:72 - WIKIPEDIA: status=1, sent=3, recv=3, rtt_avg=148 ms
2025-07-07 08:43:25.325 | INFO     | __main__:ping_device:72 - SAMSUNG_S22: status=1, sent=4, recv=4, rtt_avg=140 ms
2025-07-07 08:43:25.381 | INFO     | __main__:ping_device:72 - GITHUB: status=1, sent=4, recv=4, rtt_avg=154 ms
2025-07-07 08:43:25.405 | INFO     | __main__:ping_device:72 - GOOGLE: status=1, sent=4, recv=4, rtt_avg=161 ms
2025-07-07 08:43:25.409 | INFO     | __main__:monitor_loop:126 - Persistidos 6 resultados de monitoramento.
2025-07-07 08:43:25.410 | INFO     | __main__:monitor_loop:134 - Tempo de execução do loop: 652.193 ms
==================================================
2025-07-07 08:43:54.765 | INFO     | __main__:ping_device:72 - FER_24G: status=1, sent=4, recv=4, rtt_avg=1 ms
2025-07-07 08:43:54.836 | INFO     | __main__:ping_device:72 - CLOUDFLARE: status=1, sent=2, recv=2, rtt_avg=38 ms
2025-07-07 08:43:55.306 | INFO     | __main__:ping_device:72 - SAMSUNG_S22: status=1, sent=4, recv=4, rtt_avg=136 ms
2025-07-07 08:43:55.405 | INFO     | __main__:ping_device:72 - GITHUB: status=1, sent=4, recv=4, rtt_avg=161 ms
2025-07-07 08:43:55.414 | INFO     | __main__:ping_device:72 - GOOGLE: status=1, sent=4, recv=4, rtt_avg=163 ms
2025-07-07 08:43:55.420 | INFO     | __main__:monitor_loop:126 - Persistidos 5 resultados de monitoramento.
2025-07-07 08:43:55.420 | INFO     | __main__:monitor_loop:134 - Tempo de execução do loop: 662.051 ms
==================================================
2025-07-07 08:44:24.784 | INFO     | __main__:ping_device:72 - FER_24G: status=1, sent=4, recv=4, rtt_avg=3 ms
2025-07-07 08:44:24.951 | INFO     | __main__:ping_device:72 - FACEBOOK: status=1, sent=4, recv=4, rtt_avg=46 ms
2025-07-07 08:44:25.045 | INFO     | __main__:ping_device:72 - SAMSUNG_S22: status=1, sent=4, recv=4, rtt_avg=67 ms
2025-07-07 08:44:25.195 | INFO     | __main__:ping_device:72 - WIKIPEDIA: status=1, sent=3, recv=3, rtt_avg=142 ms
2025-07-07 08:44:25.376 | INFO     | __main__:ping_device:72 - GITHUB: status=1, sent=4, recv=4, rtt_avg=152 ms
2025-07-07 08:44:25.407 | INFO     | __main__:ping_device:72 - GOOGLE: status=1, sent=4, recv=4, rtt_avg=160 ms
2025-07-07 08:44:25.423 | INFO     | __main__:monitor_loop:126 - Persistidos 6 resultados de monitoramento.
2025-07-07 08:44:25.424 | INFO     | __main__:monitor_loop:134 - Tempo de execução do loop: 665.050 ms
==================================================
2025-07-07 08:44:54.767 | INFO     | __main__:ping_device:72 - FER_24G: status=1, sent=4, recv=4, rtt_avg=1 ms
2025-07-07 08:44:55.107 | INFO     | __main__:ping_device:72 - SAMSUNG_S22: status=1, sent=4, recv=4, rtt_avg=85 ms
2025-07-07 08:44:55.366 | INFO     | __main__:ping_device:72 - GITHUB: status=1, sent=4, recv=4, rtt_avg=150 ms
2025-07-07 08:44:55.402 | INFO     | __main__:ping_device:72 - GOOGLE: status=1, sent=4, recv=4, rtt_avg=159 ms
2025-07-07 08:44:55.429 | INFO     | __main__:monitor_loop:126 - Persistidos 4 resultados de monitoramento.
2025-07-07 08:44:55.430 | INFO     | __main__:monitor_loop:134 - Tempo de execução do loop: 670.600 ms
==================================================
2025-07-07 08:45:24.776 | INFO     | __main__:ping_device:72 - FER_24G: status=1, sent=4, recv=4, rtt_avg=1 ms
2025-07-07 08:45:24.825 | INFO     | __main__:ping_device:72 - CLOUDFLARE: status=1, sent=2, recv=2, rtt_avg=30 ms
2025-07-07 08:45:24.961 | INFO     | __main__:ping_device:72 - FACEBOOK: status=1, sent=4, recv=4, rtt_avg=49 ms
2025-07-07 08:45:25.202 | INFO     | __main__:ping_device:72 - WIKIPEDIA: status=1, sent=3, recv=3, rtt_avg=144 ms
2025-07-07 08:45:25.294 | INFO     | __main__:ping_device:72 - SAMSUNG_S22: status=1, sent=4, recv=4, rtt_avg=130 ms
2025-07-07 08:45:25.378 | INFO     | __main__:ping_device:72 - GITHUB: status=1, sent=4, recv=4, rtt_avg=152 ms
2025-07-07 08:45:25.428 | INFO     | __main__:ping_device:72 - GOOGLE: status=1, sent=4, recv=4, rtt_avg=165 ms
2025-07-07 08:45:25.448 | INFO     | __main__:monitor_loop:126 - Persistidos 7 resultados de monitoramento.
2025-07-07 08:45:25.449 | INFO     | __main__:monitor_loop:134 - Tempo de execução do loop: 688.830 ms
==================================================
2025-07-07 08:45:54.778 | INFO     | __main__:ping_device:72 - FER_24G: status=1, sent=4, recv=4, rtt_avg=2 ms
2025-07-07 08:45:55.345 | INFO     | __main__:ping_device:72 - SAMSUNG_S22: status=1, sent=4, recv=4, rtt_avg=143 ms
2025-07-07 08:45:55.388 | INFO     | __main__:ping_device:72 - GITHUB: status=1, sent=4, recv=4, rtt_avg=155 ms
2025-07-07 08:45:55.501 | INFO     | __main__:ping_device:72 - GOOGLE: status=1, sent=4, recv=4, rtt_avg=183 ms
2025-07-07 08:45:55.507 | INFO     | __main__:monitor_loop:126 - Persistidos 4 resultados de monitoramento.
2025-07-07 08:45:55.508 | INFO     | __main__:monitor_loop:134 - Tempo de execução do loop: 745.592 ms
==================================================
2025-07-07 08:46:24.771 | INFO     | __main__:ping_device:72 - FER_24G: status=1, sent=4, recv=4, rtt_avg=1 ms
2025-07-07 08:46:25.271 | INFO     | __main__:ping_device:72 - FACEBOOK: status=1, sent=4, recv=4, rtt_avg=126 ms
2025-07-07 08:46:25.359 | INFO     | __main__:ping_device:72 - SAMSUNG_S22: status=1, sent=4, recv=4, rtt_avg=147 ms
2025-07-07 08:46:25.423 | INFO     | __main__:ping_device:72 - WIKIPEDIA: status=1, sent=3, recv=3, rtt_avg=218 ms
2025-07-07 08:46:25.684 | INFO     | __main__:ping_device:72 - GITHUB: status=1, sent=4, recv=4, rtt_avg=229 ms
2025-07-07 08:46:25.723 | INFO     | __main__:ping_device:72 - GOOGLE: status=1, sent=4, recv=4, rtt_avg=239 ms
2025-07-07 08:46:25.739 | INFO     | __main__:monitor_loop:126 - Persistidos 6 resultados de monitoramento.
2025-07-07 08:46:25.739 | INFO     | __main__:monitor_loop:134 - Tempo de execução do loop: 976.779 ms
==================================================
2025-07-07 08:46:54.775 | INFO     | __main__:ping_device:72 - FER_24G: status=1, sent=4, recv=4, rtt_avg=1 ms
2025-07-07 08:46:54.855 | INFO     | __main__:ping_device:72 - CLOUDFLARE: status=1, sent=2, recv=2, rtt_avg=44 ms
2025-07-07 08:46:55.231 | INFO     | __main__:ping_device:72 - SAMSUNG_S22: status=1, sent=4, recv=4, rtt_avg=115 ms
2025-07-07 08:46:55.379 | INFO     | __main__:ping_device:72 - GITHUB: status=1, sent=4, recv=4, rtt_avg=153 ms
2025-07-07 08:46:55.409 | INFO     | __main__:ping_device:72 - GOOGLE: status=1, sent=4, recv=4, rtt_avg=160 ms
2025-07-07 08:46:55.423 | INFO     | __main__:monitor_loop:126 - Persistidos 5 resultados de monitoramento.
2025-07-07 08:46:55.424 | INFO     | __main__:monitor_loop:134 - Tempo de execução do loop: 661.037 ms
==================================================
2025-07-07 08:47:24.776 | INFO     | __main__:monitor_loop:103 - Dispositivos carregados: 7
==================================================
2025-07-07 08:47:24.799 | INFO     | __main__:ping_device:72 - FER_24G: status=1, sent=4, recv=4, rtt_avg=2 ms
2025-07-07 08:47:25.005 | INFO     | __main__:ping_device:72 - FACEBOOK: status=1, sent=4, recv=4, rtt_avg=55 ms
2025-07-07 08:47:25.213 | INFO     | __main__:ping_device:72 - WIKIPEDIA: status=1, sent=3, recv=3, rtt_avg=142 ms
2025-07-07 08:47:25.257 | INFO     | __main__:ping_device:72 - SAMSUNG_S22: status=1, sent=4, recv=4, rtt_avg=116 ms
2025-07-07 08:47:25.404 | INFO     | __main__:ping_device:72 - GITHUB: status=1, sent=4, recv=4, rtt_avg=154 ms
2025-07-07 08:47:25.448 | INFO     | __main__:ping_device:72 - GOOGLE: status=1, sent=4, recv=4, rtt_avg=166 ms
2025-07-07 08:47:25.476 | INFO     | __main__:monitor_loop:126 - Persistidos 6 resultados de monitoramento.
2025-07-07 08:47:25.477 | INFO     | __main__:monitor_loop:134 - Tempo de execução do loop: 712.862 ms
==================================================
2025-07-07 08:47:54.784 | INFO     | __main__:ping_device:72 - FER_24G: status=1, sent=4, recv=4, rtt_avg=2 ms
2025-07-07 08:47:54.995 | INFO     | __main__:ping_device:72 - SAMSUNG_S22: status=1, sent=4, recv=4, rtt_avg=54 ms
2025-07-07 08:47:55.388 | INFO     | __main__:ping_device:72 - GITHUB: status=1, sent=4, recv=4, rtt_avg=154 ms
2025-07-07 08:47:55.418 | INFO     | __main__:ping_device:72 - GOOGLE: status=1, sent=4, recv=4, rtt_avg=161 ms
2025-07-07 08:47:55.436 | INFO     | __main__:monitor_loop:126 - Persistidos 4 resultados de monitoramento.
2025-07-07 08:47:55.437 | INFO     | __main__:monitor_loop:134 - Tempo de execução do loop: 671.633 ms
==================================================
2025-07-07 08:48:24.780 | INFO     | __main__:ping_device:72 - FER_24G: status=1, sent=4, recv=4, rtt_avg=1 ms
2025-07-07 08:48:24.835 | INFO     | __main__:ping_device:72 - CLOUDFLARE: status=1, sent=2, recv=2, rtt_avg=32 ms
2025-07-07 08:48:24.966 | INFO     | __main__:ping_device:72 - FACEBOOK: status=1, sent=4, recv=4, rtt_avg=49 ms
2025-07-07 08:48:25.194 | INFO     | __main__:ping_device:72 - SAMSUNG_S22: status=1, sent=4, recv=4, rtt_avg=105 ms
2025-07-07 08:48:25.199 | INFO     | __main__:ping_device:72 - WIKIPEDIA: status=1, sent=3, recv=3, rtt_avg=142 ms
2025-07-07 08:48:25.401 | INFO     | __main__:ping_device:72 - GITHUB: status=1, sent=4, recv=4, rtt_avg=157 ms
2025-07-07 08:48:25.407 | INFO     | __main__:ping_device:72 - GOOGLE: status=1, sent=4, recv=4, rtt_avg=159 ms
2025-07-07 08:48:25.434 | INFO     | __main__:monitor_loop:126 - Persistidos 7 resultados de monitoramento.
2025-07-07 08:48:25.435 | INFO     | __main__:monitor_loop:134 - Tempo de execução do loop: 668.631 ms
==================================================
2025-07-07 08:48:54.786 | INFO     | __main__:ping_device:72 - FER_24G: status=1, sent=4, recv=4, rtt_avg=2 ms
2025-07-07 08:48:54.900 | INFO     | __main__:ping_device:72 - SAMSUNG_S22: status=1, sent=4, recv=4, rtt_avg=30 ms
2025-07-07 08:48:55.395 | INFO     | __main__:ping_device:72 - GITHUB: status=1, sent=4, recv=4, rtt_avg=155 ms
2025-07-07 08:48:55.410 | INFO     | __main__:ping_device:72 - GOOGLE: status=1, sent=4, recv=4, rtt_avg=159 ms
2025-07-07 08:48:55.428 | INFO     | __main__:monitor_loop:126 - Persistidos 4 resultados de monitoramento.
2025-07-07 08:48:55.429 | INFO     | __main__:monitor_loop:134 - Tempo de execução do loop: 660.735 ms
==================================================
2025-07-07 08:49:24.780 | INFO     | __main__:ping_device:72 - FER_24G: status=1, sent=4, recv=4, rtt_avg=1 ms
2025-07-07 08:49:24.951 | INFO     | __main__:ping_device:72 - FACEBOOK: status=1, sent=4, recv=4, rtt_avg=44 ms
2025-07-07 08:49:25.129 | INFO     | __main__:ping_device:72 - SAMSUNG_S22: status=1, sent=4, recv=4, rtt_avg=88 ms
2025-07-07 08:49:25.188 | INFO     | __main__:ping_device:72 - WIKIPEDIA: status=1, sent=3, recv=3, rtt_avg=138 ms
2025-07-07 08:49:25.370 | INFO     | __main__:ping_device:72 - GITHUB: status=1, sent=4, recv=4, rtt_avg=148 ms
2025-07-07 08:49:25.388 | INFO     | __main__:ping_device:72 - GOOGLE: status=1, sent=4, recv=4, rtt_avg=153 ms
2025-07-07 08:49:25.406 | INFO     | __main__:monitor_loop:126 - Persistidos 6 resultados de monitoramento.
2025-07-07 08:49:25.407 | INFO     | __main__:monitor_loop:134 - Tempo de execução do loop: 637.752 ms
==================================================
2025-07-07 08:49:54.788 | INFO     | __main__:ping_device:72 - FER_24G: status=1, sent=4, recv=4, rtt_avg=2 ms
2025-07-07 08:49:54.832 | INFO     | __main__:ping_device:72 - CLOUDFLARE: status=1, sent=2, recv=2, rtt_avg=28 ms
2025-07-07 08:49:55.286 | INFO     | __main__:ping_device:72 - SAMSUNG_S22: status=1, sent=4, recv=4, rtt_avg=126 ms
2025-07-07 08:49:55.365 | INFO     | __main__:ping_device:72 - GITHUB: status=1, sent=4, recv=4, rtt_avg=146 ms
2025-07-07 08:49:55.394 | INFO     | __main__:ping_device:72 - GOOGLE: status=1, sent=4, recv=4, rtt_avg=154 ms
2025-07-07 08:49:55.412 | INFO     | __main__:monitor_loop:126 - Persistidos 5 resultados de monitoramento.
2025-07-07 08:49:55.413 | INFO     | __main__:monitor_loop:134 - Tempo de execução do loop: 642.690 ms
==================================================
2025-07-07 08:50:24.796 | INFO     | __main__:ping_device:72 - FER_24G: status=1, sent=4, recv=4, rtt_avg=3 ms
2025-07-07 08:50:24.940 | INFO     | __main__:ping_device:72 - SAMSUNG_S22: status=1, sent=4, recv=4, rtt_avg=38 ms
2025-07-07 08:50:24.958 | INFO     | __main__:ping_device:72 - FACEBOOK: status=1, sent=4, recv=4, rtt_avg=44 ms
2025-07-07 08:50:25.194 | INFO     | __main__:ping_device:72 - WIKIPEDIA: status=1, sent=3, recv=3, rtt_avg=137 ms
2025-07-07 08:50:25.374 | INFO     | __main__:ping_device:72 - GITHUB: status=1, sent=4, recv=4, rtt_avg=148 ms
2025-07-07 08:50:25.391 | INFO     | __main__:ping_device:72 - GOOGLE: status=1, sent=4, recv=4, rtt_avg=153 ms
2025-07-07 08:50:25.418 | INFO     | __main__:monitor_loop:126 - Persistidos 6 resultados de monitoramento.
2025-07-07 08:50:25.419 | INFO     | __main__:monitor_loop:134 - Tempo de execução do loop: 647.248 ms
==================================================
2025-07-07 08:50:54.785 | INFO     | __main__:ping_device:72 - FER_24G: status=1, sent=4, recv=4, rtt_avg=1 ms
2025-07-07 08:50:55.272 | INFO     | __main__:ping_device:72 - SAMSUNG_S22: status=1, sent=4, recv=4, rtt_avg=122 ms
2025-07-07 08:50:55.371 | INFO     | __main__:ping_device:72 - GITHUB: status=1, sent=4, recv=4, rtt_avg=148 ms
2025-07-07 08:50:55.400 | INFO     | __main__:ping_device:72 - GOOGLE: status=1, sent=4, recv=4, rtt_avg=155 ms
2025-07-07 08:50:55.413 | INFO     | __main__:monitor_loop:126 - Persistidos 4 resultados de monitoramento.
2025-07-07 08:50:55.414 | INFO     | __main__:monitor_loop:134 - Tempo de execução do loop: 641.181 ms
==================================================
2025-07-07 08:51:24.785 | INFO     | __main__:ping_device:72 - FER_24G: status=1, sent=4, recv=4, rtt_avg=1 ms
2025-07-07 08:51:24.833 | INFO     | __main__:ping_device:72 - CLOUDFLARE: status=1, sent=2, recv=2, rtt_avg=28 ms
2025-07-07 08:51:24.959 | INFO     | __main__:ping_device:72 - FACEBOOK: status=1, sent=4, recv=4, rtt_avg=45 ms
2025-07-07 08:51:24.961 | INFO     | __main__:ping_device:72 - SAMSUNG_S22: status=1, sent=4, recv=4, rtt_avg=44 ms
2025-07-07 08:51:25.189 | INFO     | __main__:ping_device:72 - WIKIPEDIA: status=1, sent=3, recv=3, rtt_avg=136 ms
2025-07-07 08:51:25.370 | INFO     | __main__:ping_device:72 - GITHUB: status=1, sent=4, recv=4, rtt_avg=147 ms
2025-07-07 08:51:25.394 | INFO     | __main__:ping_device:72 - GOOGLE: status=1, sent=4, recv=4, rtt_avg=154 ms
2025-07-07 08:51:25.421 | INFO     | __main__:monitor_loop:126 - Persistidos 7 resultados de monitoramento.
2025-07-07 08:51:25.422 | INFO     | __main__:monitor_loop:134 - Tempo de execução do loop: 647.639 ms
==================================================
2025-07-07 08:51:54.792 | INFO     | __main__:ping_device:72 - FER_24G: status=1, sent=4, recv=4, rtt_avg=3 ms
2025-07-07 08:51:55.212 | INFO     | __main__:ping_device:72 - SAMSUNG_S22: status=1, sent=4, recv=4, rtt_avg=107 ms
2025-07-07 08:51:55.377 | INFO     | __main__:ping_device:72 - GITHUB: status=1, sent=4, recv=4, rtt_avg=149 ms
2025-07-07 08:51:55.414 | INFO     | __main__:ping_device:72 - GOOGLE: status=1, sent=4, recv=4, rtt_avg=158 ms
2025-07-07 08:51:55.430 | INFO     | __main__:monitor_loop:126 - Persistidos 4 resultados de monitoramento.
2025-07-07 08:51:55.431 | INFO     | __main__:monitor_loop:134 - Tempo de execução do loop: 655.878 ms
==================================================
2025-07-07 08:52:24.781 | INFO     | __main__:monitor_loop:103 - Dispositivos carregados: 7
==================================================
2025-07-07 08:52:24.789 | INFO     | __main__:ping_device:72 - FER_24G: status=1, sent=4, recv=4, rtt_avg=1 ms
2025-07-07 08:52:24.962 | INFO     | __main__:ping_device:72 - FACEBOOK: status=1, sent=4, recv=4, rtt_avg=44 ms
2025-07-07 08:52:25.056 | INFO     | __main__:ping_device:72 - SAMSUNG_S22: status=1, sent=4, recv=4, rtt_avg=67 ms
2025-07-07 08:52:25.200 | INFO     | __main__:ping_device:72 - WIKIPEDIA: status=1, sent=3, recv=3, rtt_avg=138 ms
2025-07-07 08:52:25.379 | INFO     | __main__:ping_device:72 - GITHUB: status=1, sent=4, recv=4, rtt_avg=148 ms
2025-07-07 08:52:25.400 | INFO     | __main__:ping_device:72 - GOOGLE: status=1, sent=4, recv=4, rtt_avg=153 ms
2025-07-07 08:52:25.424 | INFO     | __main__:monitor_loop:126 - Persistidos 6 resultados de monitoramento.
2025-07-07 08:52:25.424 | INFO     | __main__:monitor_loop:134 - Tempo de execução do loop: 647.939 ms
==================================================
2025-07-07 08:52:54.790 | INFO     | __main__:ping_device:72 - FER_24G: status=1, sent=4, recv=4, rtt_avg=1 ms
2025-07-07 08:52:54.840 | INFO     | __main__:ping_device:72 - CLOUDFLARE: status=1, sent=2, recv=2, rtt_avg=30 ms
2025-07-07 08:52:55.040 | INFO     | __main__:ping_device:72 - SAMSUNG_S22: status=1, sent=4, recv=4, rtt_avg=64 ms
2025-07-07 08:52:55.373 | INFO     | __main__:ping_device:72 - GITHUB: status=1, sent=4, recv=4, rtt_avg=147 ms
2025-07-07 08:52:55.396 | INFO     | __main__:ping_device:72 - GOOGLE: status=1, sent=4, recv=4, rtt_avg=153 ms
2025-07-07 08:52:55.423 | INFO     | __main__:monitor_loop:126 - Persistidos 5 resultados de monitoramento.
2025-07-07 08:52:55.424 | INFO     | __main__:monitor_loop:134 - Tempo de execução do loop: 646.712 ms
==================================================
2025-07-07 08:53:24.789 | INFO     | __main__:ping_device:72 - FER_24G: status=1, sent=4, recv=4, rtt_avg=1 ms
2025-07-07 08:53:24.966 | INFO     | __main__:ping_device:72 - FACEBOOK: status=1, sent=4, recv=4, rtt_avg=45 ms
2025-07-07 08:53:25.195 | INFO     | __main__:ping_device:72 - WIKIPEDIA: status=1, sent=3, recv=3, rtt_avg=137 ms
2025-07-07 08:53:25.346 | INFO     | __main__:ping_device:72 - SAMSUNG_S22: status=1, sent=4, recv=4, rtt_avg=140 ms
2025-07-07 08:53:25.377 | INFO     | __main__:ping_device:72 - GITHUB: status=1, sent=4, recv=4, rtt_avg=148 ms
2025-07-07 08:53:25.399 | INFO     | __main__:ping_device:72 - GOOGLE: status=1, sent=4, recv=4, rtt_avg=154 ms
2025-07-07 08:53:25.416 | INFO     | __main__:monitor_loop:126 - Persistidos 6 resultados de monitoramento.
2025-07-07 08:53:25.417 | INFO     | __main__:monitor_loop:134 - Tempo de execução do loop: 638.903 ms
==================================================
2025-07-07 08:53:54.786 | INFO     | __main__:ping_device:72 - FER_24G: status=1, sent=4, recv=4, rtt_avg=1 ms
2025-07-07 08:53:54.796 | INFO     | __main__:ping_device:72 - SAMSUNG_S22: status=1, sent=4, recv=4, rtt_avg=3 ms
2025-07-07 08:53:55.377 | INFO     | __main__:ping_device:72 - GITHUB: status=1, sent=4, recv=4, rtt_avg=148 ms
2025-07-07 08:53:55.398 | INFO     | __main__:ping_device:72 - GOOGLE: status=1, sent=4, recv=4, rtt_avg=153 ms
2025-07-07 08:53:55.413 | INFO     | __main__:monitor_loop:126 - Persistidos 4 resultados de monitoramento.
2025-07-07 08:53:55.413 | INFO     | __main__:monitor_loop:134 - Tempo de execução do loop: 634.200 ms
==================================================
2025-07-07 08:54:24.789 | INFO     | __main__:ping_device:72 - FER_24G: status=1, sent=4, recv=4, rtt_avg=1 ms
2025-07-07 08:54:24.863 | INFO     | __main__:ping_device:72 - CLOUDFLARE: status=1, sent=2, recv=2, rtt_avg=39 ms
2025-07-07 08:54:24.997 | INFO     | __main__:ping_device:72 - FACEBOOK: status=1, sent=4, recv=4, rtt_avg=53 ms
2025-07-07 08:54:25.021 | INFO     | __main__:ping_device:72 - SAMSUNG_S22: status=1, sent=4, recv=4, rtt_avg=59 ms
2025-07-07 08:54:25.217 | INFO     | __main__:ping_device:72 - WIKIPEDIA: status=1, sent=3, recv=3, rtt_avg=144 ms
2025-07-07 08:54:25.402 | INFO     | __main__:ping_device:72 - GITHUB: status=1, sent=4, recv=4, rtt_avg=154 ms
2025-07-07 08:54:25.424 | INFO     | __main__:ping_device:72 - GOOGLE: status=1, sent=4, recv=4, rtt_avg=160 ms
2025-07-07 08:54:25.434 | INFO     | __main__:monitor_loop:126 - Persistidos 7 resultados de monitoramento.
2025-07-07 08:54:25.434 | INFO     | __main__:monitor_loop:134 - Tempo de execução do loop: 654.070 ms
==================================================
2025-07-07 08:54:54.795 | INFO     | __main__:ping_device:72 - FER_24G: status=1, sent=4, recv=4, rtt_avg=1 ms
2025-07-07 08:54:55.273 | INFO     | __main__:ping_device:72 - SAMSUNG_S22: status=1, sent=4, recv=4, rtt_avg=121 ms
2025-07-07 08:54:55.415 | INFO     | __main__:ping_device:72 - GITHUB: status=1, sent=4, recv=4, rtt_avg=156 ms
2025-07-07 08:54:55.429 | INFO     | __main__:ping_device:72 - GOOGLE: status=1, sent=4, recv=4, rtt_avg=160 ms
2025-07-07 08:54:55.435 | INFO     | __main__:monitor_loop:126 - Persistidos 4 resultados de monitoramento.
2025-07-07 08:54:55.435 | INFO     | __main__:monitor_loop:134 - Tempo de execução do loop: 650.048 ms
==================================================
2025-07-07 08:55:24.800 | INFO     | __main__:ping_device:72 - FER_24G: status=1, sent=4, recv=4, rtt_avg=2 ms
2025-07-07 08:55:24.981 | INFO     | __main__:ping_device:72 - FACEBOOK: status=1, sent=4, recv=4, rtt_avg=48 ms
2025-07-07 08:55:25.210 | INFO     | __main__:ping_device:72 - WIKIPEDIA: status=1, sent=3, recv=3, rtt_avg=140 ms
2025-07-07 08:55:25.351 | INFO     | __main__:ping_device:72 - SAMSUNG_S22: status=1, sent=4, recv=4, rtt_avg=139 ms
2025-07-07 08:55:25.405 | INFO     | __main__:ping_device:72 - GITHUB: status=1, sent=4, recv=4, rtt_avg=153 ms
2025-07-07 08:55:26.274 | INFO     | __main__:ping_device:72 - GOOGLE: status=1, sent=4, recv=3, rtt_avg=157 ms
2025-07-07 08:55:26.291 | INFO     | __main__:monitor_loop:126 - Persistidos 6 resultados de monitoramento.
2025-07-07 08:55:26.291 | INFO     | __main__:monitor_loop:134 - Tempo de execução do loop: 1505.212 ms
==================================================
2025-07-07 08:55:54.807 | INFO     | __main__:ping_device:72 - FER_24G: status=1, sent=4, recv=4, rtt_avg=2 ms
2025-07-07 08:55:54.853 | INFO     | __main__:ping_device:72 - CLOUDFLARE: status=1, sent=2, recv=2, rtt_avg=30 ms
2025-07-07 08:55:55.208 | INFO     | __main__:ping_device:72 - SAMSUNG_S22: status=1, sent=4, recv=4, rtt_avg=102 ms
2025-07-07 08:55:55.384 | INFO     | __main__:ping_device:72 - GITHUB: status=1, sent=4, recv=4, rtt_avg=147 ms
2025-07-07 08:55:55.411 | INFO     | __main__:ping_device:72 - GOOGLE: status=1, sent=4, recv=4, rtt_avg=154 ms
2025-07-07 08:55:55.429 | INFO     | __main__:monitor_loop:126 - Persistidos 5 resultados de monitoramento.
2025-07-07 08:55:55.429 | INFO     | __main__:monitor_loop:134 - Tempo de execução do loop: 642.569 ms
==================================================
2025-07-07 08:56:24.803 | INFO     | __main__:ping_device:72 - FER_24G: status=1, sent=4, recv=4, rtt_avg=1 ms
2025-07-07 08:56:24.975 | INFO     | __main__:ping_device:72 - FACEBOOK: status=1, sent=4, recv=4, rtt_avg=45 ms
2025-07-07 08:56:25.205 | INFO     | __main__:ping_device:72 - WIKIPEDIA: status=1, sent=3, recv=3, rtt_avg=136 ms
2025-07-07 08:56:25.363 | INFO     | __main__:ping_device:72 - SAMSUNG_S22: status=1, sent=4, recv=4, rtt_avg=141 ms
2025-07-07 08:56:25.385 | INFO     | __main__:ping_device:72 - GITHUB: status=1, sent=4, recv=4, rtt_avg=147 ms
2025-07-07 08:56:25.413 | INFO     | __main__:ping_device:72 - GOOGLE: status=1, sent=4, recv=4, rtt_avg=155 ms
2025-07-07 08:56:25.432 | INFO     | __main__:monitor_loop:126 - Persistidos 6 resultados de monitoramento.
2025-07-07 08:56:25.433 | INFO     | __main__:monitor_loop:134 - Tempo de execução do loop: 645.558 ms
==================================================
2025-07-07 08:56:54.810 | INFO     | __main__:ping_device:72 - FER_24G: status=1, sent=4, recv=4, rtt_avg=2 ms
2025-07-07 08:56:55.252 | INFO     | __main__:ping_device:72 - SAMSUNG_S22: status=1, sent=4, recv=4, rtt_avg=113 ms
2025-07-07 08:56:55.400 | INFO     | __main__:ping_device:72 - GITHUB: status=1, sent=4, recv=4, rtt_avg=150 ms
2025-07-07 08:56:55.419 | INFO     | __main__:ping_device:72 - GOOGLE: status=1, sent=4, recv=4, rtt_avg=156 ms
2025-07-07 08:56:55.437 | INFO     | __main__:monitor_loop:126 - Persistidos 4 resultados de monitoramento.
2025-07-07 08:56:55.437 | INFO     | __main__:monitor_loop:134 - Tempo de execução do loop: 648.919 ms
==================================================
2025-07-07 08:57:24.801 | INFO     | __main__:monitor_loop:103 - Dispositivos carregados: 7
==================================================
2025-07-07 08:57:24.815 | INFO     | __main__:ping_device:72 - FER_24G: status=1, sent=4, recv=4, rtt_avg=1 ms
2025-07-07 08:57:24.860 | INFO     | __main__:ping_device:72 - CLOUDFLARE: status=1, sent=2, recv=2, rtt_avg=26 ms
2025-07-07 08:57:24.984 | INFO     | __main__:ping_device:72 - FACEBOOK: status=1, sent=4, recv=4, rtt_avg=44 ms
2025-07-07 08:57:25.062 | INFO     | __main__:ping_device:72 - SAMSUNG_S22: status=1, sent=4, recv=4, rtt_avg=62 ms
2025-07-07 08:57:25.220 | INFO     | __main__:ping_device:72 - WIKIPEDIA: status=1, sent=3, recv=3, rtt_avg=136 ms
2025-07-07 08:57:25.403 | INFO     | __main__:ping_device:72 - GITHUB: status=1, sent=4, recv=4, rtt_avg=148 ms
2025-07-07 08:57:25.420 | INFO     | __main__:ping_device:72 - GOOGLE: status=1, sent=4, recv=4, rtt_avg=153 ms
2025-07-07 08:57:25.447 | INFO     | __main__:monitor_loop:126 - Persistidos 7 resultados de monitoramento.
2025-07-07 08:57:25.448 | INFO     | __main__:monitor_loop:134 - Tempo de execução do loop: 657.560 ms
==================================================
2025-07-07 08:57:54.801 | INFO     | __main__:ping_device:72 - FER_24G: status=1, sent=4, recv=4, rtt_avg=1 ms
2025-07-07 08:57:55.341 | INFO     | __main__:ping_device:72 - SAMSUNG_S22: status=1, sent=4, recv=4, rtt_avg=135 ms
2025-07-07 08:57:55.390 | INFO     | __main__:ping_device:72 - GITHUB: status=1, sent=4, recv=4, rtt_avg=148 ms
2025-07-07 08:57:55.414 | INFO     | __main__:ping_device:72 - GOOGLE: status=1, sent=4, recv=4, rtt_avg=154 ms
2025-07-07 08:57:55.431 | INFO     | __main__:monitor_loop:126 - Persistidos 4 resultados de monitoramento.
2025-07-07 08:57:55.432 | INFO     | __main__:monitor_loop:134 - Tempo de execução do loop: 640.528 ms
==================================================
2025-07-07 08:58:24.813 | INFO     | __main__:ping_device:72 - FER_24G: status=1, sent=4, recv=4, rtt_avg=2 ms
2025-07-07 08:58:24.950 | INFO     | __main__:ping_device:72 - SAMSUNG_S22: status=1, sent=4, recv=4, rtt_avg=36 ms
2025-07-07 08:58:24.977 | INFO     | __main__:ping_device:72 - FACEBOOK: status=1, sent=4, recv=4, rtt_avg=44 ms
2025-07-07 08:58:25.210 | INFO     | __main__:ping_device:72 - WIKIPEDIA: status=1, sent=3, recv=3, rtt_avg=136 ms
2025-07-07 08:58:25.382 | INFO     | __main__:ping_device:72 - GITHUB: status=1, sent=4, recv=4, rtt_avg=146 ms
2025-07-07 08:58:25.412 | INFO     | __main__:ping_device:72 - GOOGLE: status=1, sent=4, recv=4, rtt_avg=153 ms
2025-07-07 08:58:25.426 | INFO     | __main__:monitor_loop:126 - Persistidos 6 resultados de monitoramento.
2025-07-07 08:58:25.427 | INFO     | __main__:monitor_loop:134 - Tempo de execução do loop: 634.518 ms
==================================================
2025-07-07 08:58:54.814 | INFO     | __main__:ping_device:72 - FER_24G: status=1, sent=4, recv=4, rtt_avg=2 ms
2025-07-07 08:58:54.858 | INFO     | __main__:ping_device:72 - CLOUDFLARE: status=1, sent=2, recv=2, rtt_avg=29 ms
2025-07-07 08:58:54.925 | INFO     | __main__:ping_device:72 - SAMSUNG_S22: status=1, sent=4, recv=4, rtt_avg=29 ms
2025-07-07 08:58:55.393 | INFO     | __main__:ping_device:72 - GITHUB: status=1, sent=4, recv=4, rtt_avg=148 ms
2025-07-07 08:58:55.430 | INFO     | __main__:ping_device:72 - GOOGLE: status=1, sent=4, recv=4, rtt_avg=158 ms
2025-07-07 08:58:55.446 | INFO     | __main__:monitor_loop:126 - Persistidos 5 resultados de monitoramento.
2025-07-07 08:58:55.446 | INFO     | __main__:monitor_loop:134 - Tempo de execução do loop: 653.197 ms
==================================================
2025-07-07 08:59:24.817 | INFO     | __main__:ping_device:72 - FER_24G: status=1, sent=4, recv=4, rtt_avg=2 ms
2025-07-07 08:59:24.945 | INFO     | __main__:ping_device:72 - SAMSUNG_S22: status=1, sent=4, recv=4, rtt_avg=33 ms
2025-07-07 08:59:24.982 | INFO     | __main__:ping_device:72 - FACEBOOK: status=1, sent=4, recv=4, rtt_avg=45 ms
2025-07-07 08:59:25.221 | INFO     | __main__:ping_device:72 - WIKIPEDIA: status=1, sent=3, recv=3, rtt_avg=139 ms
2025-07-07 08:59:25.393 | INFO     | __main__:ping_device:72 - GITHUB: status=1, sent=4, recv=4, rtt_avg=147 ms
2025-07-07 08:59:25.417 | INFO     | __main__:ping_device:72 - GOOGLE: status=1, sent=4, recv=4, rtt_avg=154 ms
2025-07-07 08:59:25.432 | INFO     | __main__:monitor_loop:126 - Persistidos 6 resultados de monitoramento.
2025-07-07 08:59:25.433 | INFO     | __main__:monitor_loop:134 - Tempo de execução do loop: 638.635 ms
==================================================
2025-07-07 08:59:54.809 | INFO     | __main__:ping_device:72 - FER_24G: status=1, sent=4, recv=4, rtt_avg=1 ms
2025-07-07 08:59:55.255 | INFO     | __main__:ping_device:72 - SAMSUNG_S22: status=1, sent=4, recv=4, rtt_avg=112 ms
2025-07-07 08:59:55.388 | INFO     | __main__:ping_device:72 - GITHUB: status=1, sent=4, recv=4, rtt_avg=146 ms
2025-07-07 08:59:55.416 | INFO     | __main__:ping_device:72 - GOOGLE: status=1, sent=4, recv=4, rtt_avg=154 ms
2025-07-07 08:59:55.421 | INFO     | __main__:monitor_loop:126 - Persistidos 4 resultados de monitoramento.
2025-07-07 08:59:55.421 | INFO     | __main__:monitor_loop:134 - Tempo de execução do loop: 626.487 ms
==================================================
2025-07-07 09:00:24.820 | INFO     | __main__:ping_device:72 - FER_24G: status=1, sent=4, recv=4, rtt_avg=2 ms
2025-07-07 09:00:24.859 | INFO     | __main__:ping_device:72 - CLOUDFLARE: status=1, sent=2, recv=2, rtt_avg=28 ms
2025-07-07 09:00:24.983 | INFO     | __main__:ping_device:72 - FACEBOOK: status=1, sent=4, recv=4, rtt_avg=45 ms
2025-07-07 09:00:25.077 | INFO     | __main__:ping_device:72 - SAMSUNG_S22: status=1, sent=4, recv=4, rtt_avg=66 ms
2025-07-07 09:00:25.219 | INFO     | __main__:ping_device:72 - WIKIPEDIA: status=1, sent=3, recv=3, rtt_avg=137 ms
2025-07-07 09:00:25.395 | INFO     | __main__:ping_device:72 - GITHUB: status=1, sent=4, recv=4, rtt_avg=147 ms
2025-07-07 09:00:25.423 | INFO     | __main__:ping_device:72 - GOOGLE: status=1, sent=4, recv=4, rtt_avg=155 ms
2025-07-07 09:00:25.451 | INFO     | __main__:monitor_loop:126 - Persistidos 7 resultados de monitoramento.
2025-07-07 09:00:25.452 | INFO     | __main__:monitor_loop:134 - Tempo de execução do loop: 656.781 ms
==================================================
2025-07-07 09:00:54.813 | INFO     | __main__:ping_device:72 - FER_24G: status=1, sent=4, recv=4, rtt_avg=1 ms
2025-07-07 09:00:55.395 | INFO     | __main__:ping_device:72 - GITHUB: status=1, sent=4, recv=4, rtt_avg=147 ms
2025-07-07 09:00:55.419 | INFO     | __main__:ping_device:72 - GOOGLE: status=1, sent=4, recv=4, rtt_avg=154 ms
2025-07-07 09:00:55.438 | INFO     | __main__:ping_device:72 - SAMSUNG_S22: status=1, sent=4, recv=4, rtt_avg=157 ms
2025-07-07 09:00:55.454 | INFO     | __main__:monitor_loop:126 - Persistidos 4 resultados de monitoramento.
2025-07-07 09:00:55.455 | INFO     | __main__:monitor_loop:134 - Tempo de execução do loop: 657.914 ms
==================================================
2025-07-07 09:01:24.821 | INFO     | __main__:ping_device:72 - FER_24G: status=1, sent=4, recv=4, rtt_avg=2 ms
2025-07-07 09:01:24.970 | INFO     | __main__:ping_device:72 - SAMSUNG_S22: status=1, sent=4, recv=4, rtt_avg=39 ms
2025-07-07 09:01:24.979 | INFO     | __main__:ping_device:72 - FACEBOOK: status=1, sent=4, recv=4, rtt_avg=43 ms
2025-07-07 09:01:25.218 | INFO     | __main__:ping_device:72 - WIKIPEDIA: status=1, sent=3, recv=3, rtt_avg=136 ms
2025-07-07 09:01:25.401 | INFO     | __main__:ping_device:72 - GITHUB: status=1, sent=4, recv=4, rtt_avg=148 ms
2025-07-07 09:01:25.426 | INFO     | __main__:ping_device:72 - GOOGLE: status=1, sent=4, recv=4, rtt_avg=155 ms
2025-07-07 09:01:25.442 | INFO     | __main__:monitor_loop:126 - Persistidos 6 resultados de monitoramento.
2025-07-07 09:01:25.442 | INFO     | __main__:monitor_loop:134 - Tempo de execução do loop: 644.177 ms
==================================================
2025-07-07 09:01:54.818 | INFO     | __main__:ping_device:72 - FER_24G: status=1, sent=4, recv=4, rtt_avg=2 ms
2025-07-07 09:01:54.865 | INFO     | __main__:ping_device:72 - CLOUDFLARE: status=1, sent=2, recv=2, rtt_avg=30 ms
2025-07-07 09:01:55.270 | INFO     | __main__:ping_device:72 - SAMSUNG_S22: status=1, sent=4, recv=4, rtt_avg=114 ms
2025-07-07 09:01:55.397 | INFO     | __main__:ping_device:72 - GITHUB: status=1, sent=4, recv=4, rtt_avg=147 ms
2025-07-07 09:01:55.425 | INFO     | __main__:ping_device:72 - GOOGLE: status=1, sent=4, recv=4, rtt_avg=155 ms
2025-07-07 09:01:55.434 | INFO     | __main__:monitor_loop:126 - Persistidos 5 resultados de monitoramento.
2025-07-07 09:01:55.435 | INFO     | __main__:monitor_loop:134 - Tempo de execução do loop: 635.612 ms
==================================================
2025-07-07 09:02:24.812 | INFO     | __main__:monitor_loop:103 - Dispositivos carregados: 7
==================================================
2025-07-07 09:02:24.840 | INFO     | __main__:ping_device:72 - FER_24G: status=1, sent=4, recv=4, rtt_avg=3 ms
2025-07-07 09:02:25.000 | INFO     | __main__:ping_device:72 - FACEBOOK: status=1, sent=4, recv=4, rtt_avg=45 ms
2025-07-07 09:02:25.239 | INFO     | __main__:ping_device:72 - WIKIPEDIA: status=1, sent=3, recv=3, rtt_avg=139 ms
2025-07-07 09:02:25.382 | INFO     | __main__:ping_device:72 - SAMSUNG_S22: status=1, sent=4, recv=4, rtt_avg=138 ms
2025-07-07 09:02:25.417 | INFO     | __main__:ping_device:72 - GITHUB: status=1, sent=4, recv=4, rtt_avg=149 ms
2025-07-07 09:02:25.436 | INFO     | __main__:ping_device:72 - GOOGLE: status=1, sent=4, recv=4, rtt_avg=154 ms
2025-07-07 09:02:25.444 | INFO     | __main__:monitor_loop:126 - Persistidos 6 resultados de monitoramento.
2025-07-07 09:02:25.444 | INFO     | __main__:monitor_loop:134 - Tempo de execução do loop: 644.158 ms
==================================================
2025-07-07 09:02:54.820 | INFO     | __main__:ping_device:72 - FER_24G: status=1, sent=4, recv=4, rtt_avg=2 ms
2025-07-07 09:02:55.178 | INFO     | __main__:ping_device:72 - SAMSUNG_S22: status=1, sent=4, recv=4, rtt_avg=91 ms
2025-07-07 09:02:55.399 | INFO     | __main__:ping_device:72 - GITHUB: status=1, sent=4, recv=4, rtt_avg=147 ms
2025-07-07 09:02:55.437 | INFO     | __main__:ping_device:72 - GOOGLE: status=1, sent=4, recv=4, rtt_avg=157 ms
2025-07-07 09:02:55.463 | INFO     | __main__:monitor_loop:126 - Persistidos 4 resultados de monitoramento.
2025-07-07 09:02:55.464 | INFO     | __main__:monitor_loop:134 - Tempo de execução do loop: 663.703 ms
==================================================
2025-07-07 09:03:24.825 | INFO     | __main__:ping_device:72 - FER_24G: status=1, sent=4, recv=4, rtt_avg=2 ms
2025-07-07 09:03:24.872 | INFO     | __main__:ping_device:72 - CLOUDFLARE: status=1, sent=2, recv=2, rtt_avg=31 ms
2025-07-07 09:03:24.996 | INFO     | __main__:ping_device:72 - FACEBOOK: status=1, sent=4, recv=4, rtt_avg=46 ms
2025-07-07 09:03:25.222 | INFO     | __main__:ping_device:72 - WIKIPEDIA: status=1, sent=3, recv=3, rtt_avg=136 ms
2025-07-07 09:03:25.386 | INFO     | __main__:ping_device:72 - SAMSUNG_S22: status=1, sent=4, recv=4, rtt_avg=142 ms
2025-07-07 09:03:25.412 | INFO     | __main__:ping_device:72 - GITHUB: status=1, sent=4, recv=4, rtt_avg=150 ms
2025-07-07 09:03:25.425 | INFO     | __main__:ping_device:72 - GOOGLE: status=1, sent=4, recv=4, rtt_avg=154 ms
2025-07-07 09:03:25.430 | INFO     | __main__:monitor_loop:126 - Persistidos 7 resultados de monitoramento.
2025-07-07 09:03:25.430 | INFO     | __main__:monitor_loop:134 - Tempo de execução do loop: 628.274 ms
==================================================
2025-07-07 09:03:54.813 | INFO     | __main__:ping_device:72 - FER_24G: status=1, sent=4, recv=4, rtt_avg=1 ms
2025-07-07 09:03:55.378 | INFO     | __main__:ping_device:72 - SAMSUNG_S22: status=1, sent=4, recv=4, rtt_avg=142 ms
2025-07-07 09:03:55.401 | INFO     | __main__:ping_device:72 - GITHUB: status=1, sent=4, recv=4, rtt_avg=148 ms
2025-07-07 09:03:55.434 | INFO     | __main__:ping_device:72 - GOOGLE: status=1, sent=4, recv=4, rtt_avg=156 ms
2025-07-07 09:03:55.451 | INFO     | __main__:monitor_loop:126 - Persistidos 4 resultados de monitoramento.
2025-07-07 09:03:55.452 | INFO     | __main__:monitor_loop:134 - Tempo de execução do loop: 649.151 ms
==================================================
2025-07-07 09:04:24.827 | INFO     | __main__:ping_device:72 - FER_24G: status=1, sent=4, recv=4, rtt_avg=2 ms
2025-07-07 09:04:24.993 | INFO     | __main__:ping_device:72 - FACEBOOK: status=1, sent=4, recv=4, rtt_avg=45 ms
2025-07-07 09:04:25.233 | INFO     | __main__:ping_device:72 - WIKIPEDIA: status=1, sent=3, recv=3, rtt_avg=139 ms
2025-07-07 09:04:25.239 | INFO     | __main__:ping_device:72 - SAMSUNG_S22: status=1, sent=4, recv=4, rtt_avg=105 ms
2025-07-07 09:04:25.404 | INFO     | __main__:ping_device:72 - GITHUB: status=1, sent=4, recv=4, rtt_avg=148 ms
2025-07-07 09:04:25.440 | INFO     | __main__:ping_device:72 - GOOGLE: status=1, sent=4, recv=4, rtt_avg=157 ms
2025-07-07 09:04:25.446 | INFO     | __main__:monitor_loop:126 - Persistidos 6 resultados de monitoramento.
2025-07-07 09:04:25.446 | INFO     | __main__:monitor_loop:134 - Tempo de execução do loop: 642.491 ms
==================================================
2025-07-07 09:04:54.820 | INFO     | __main__:ping_device:72 - FER_24G: status=1, sent=4, recv=4, rtt_avg=2 ms
2025-07-07 09:04:54.870 | INFO     | __main__:ping_device:72 - CLOUDFLARE: status=1, sent=2, recv=2, rtt_avg=30 ms
2025-07-07 09:04:55.407 | INFO     | __main__:ping_device:72 - GITHUB: status=1, sent=4, recv=4, rtt_avg=149 ms
2025-07-07 09:04:55.435 | INFO     | __main__:ping_device:72 - GOOGLE: status=1, sent=4, recv=4, rtt_avg=156 ms
2025-07-07 09:04:56.246 | INFO     | __main__:ping_device:72 - SAMSUNG_S22: status=1, sent=4, recv=3, rtt_avg=478 ms
2025-07-07 09:04:56.261 | INFO     | __main__:monitor_loop:126 - Persistidos 5 resultados de monitoramento.
2025-07-07 09:04:56.261 | INFO     | __main__:monitor_loop:134 - Tempo de execução do loop: 1456.663 ms
==================================================
2025-07-07 09:05:24.818 | INFO     | __main__:ping_device:72 - FER_24G: status=1, sent=4, recv=4, rtt_avg=1 ms
2025-07-07 09:05:24.994 | INFO     | __main__:ping_device:72 - FACEBOOK: status=1, sent=4, recv=4, rtt_avg=45 ms
2025-07-07 09:05:25.227 | INFO     | __main__:ping_device:72 - WIKIPEDIA: status=1, sent=3, recv=3, rtt_avg=138 ms
2025-07-07 09:05:25.257 | INFO     | __main__:ping_device:72 - SAMSUNG_S22: status=1, sent=4, recv=4, rtt_avg=111 ms
2025-07-07 09:05:25.396 | INFO     | __main__:ping_device:72 - GITHUB: status=1, sent=4, recv=4, rtt_avg=146 ms
2025-07-07 09:05:25.433 | INFO     | __main__:ping_device:72 - GOOGLE: status=1, sent=4, recv=4, rtt_avg=155 ms
2025-07-07 09:05:25.444 | INFO     | __main__:monitor_loop:126 - Persistidos 6 resultados de monitoramento.
2025-07-07 09:05:25.445 | INFO     | __main__:monitor_loop:134 - Tempo de execução do loop: 639.476 ms
==================================================
2025-07-07 09:05:54.813 | INFO     | __main__:ping_device:72 - FER_24G: status=1, sent=4, recv=4, rtt_avg=1 ms
2025-07-07 09:05:54.925 | INFO     | __main__:ping_device:72 - SAMSUNG_S22: status=1, sent=4, recv=4, rtt_avg=28 ms
2025-07-07 09:05:55.413 | INFO     | __main__:ping_device:72 - GITHUB: status=1, sent=4, recv=4, rtt_avg=150 ms
2025-07-07 09:05:55.435 | INFO     | __main__:ping_device:72 - GOOGLE: status=1, sent=4, recv=4, rtt_avg=156 ms
2025-07-07 09:05:55.440 | INFO     | __main__:monitor_loop:126 - Persistidos 4 resultados de monitoramento.
2025-07-07 09:05:55.440 | INFO     | __main__:monitor_loop:134 - Tempo de execução do loop: 633.304 ms
==================================================
2025-07-07 09:06:24.816 | INFO     | __main__:ping_device:72 - FER_24G: status=1, sent=4, recv=4, rtt_avg=1 ms
2025-07-07 09:06:24.870 | INFO     | __main__:ping_device:72 - CLOUDFLARE: status=1, sent=2, recv=2, rtt_avg=30 ms
2025-07-07 09:06:24.983 | INFO     | __main__:ping_device:72 - FACEBOOK: status=1, sent=4, recv=4, rtt_avg=43 ms
2025-07-07 09:06:25.170 | INFO     | __main__:ping_device:72 - SAMSUNG_S22: status=1, sent=4, recv=4, rtt_avg=89 ms
2025-07-07 09:06:25.226 | INFO     | __main__:ping_device:72 - WIKIPEDIA: status=1, sent=3, recv=3, rtt_avg=138 ms
2025-07-07 09:06:25.408 | INFO     | __main__:ping_device:72 - GITHUB: status=1, sent=4, recv=4, rtt_avg=149 ms
2025-07-07 09:06:25.441 | INFO     | __main__:ping_device:72 - GOOGLE: status=1, sent=4, recv=4, rtt_avg=157 ms
2025-07-07 09:06:25.468 | INFO     | __main__:monitor_loop:126 - Persistidos 7 resultados de monitoramento.
2025-07-07 09:06:25.468 | INFO     | __main__:monitor_loop:134 - Tempo de execução do loop: 661.310 ms
==================================================
2025-07-07 09:06:54.818 | INFO     | __main__:ping_device:72 - FER_24G: status=1, sent=4, recv=4, rtt_avg=2 ms
2025-07-07 09:06:55.121 | INFO     | __main__:ping_device:72 - SAMSUNG_S22: status=1, sent=4, recv=4, rtt_avg=77 ms
2025-07-07 09:06:55.406 | INFO     | __main__:ping_device:72 - GITHUB: status=1, sent=4, recv=4, rtt_avg=148 ms
2025-07-07 09:06:55.422 | INFO     | __main__:ping_device:72 - GOOGLE: status=1, sent=4, recv=4, rtt_avg=152 ms
2025-07-07 09:06:55.449 | INFO     | __main__:monitor_loop:126 - Persistidos 4 resultados de monitoramento.
2025-07-07 09:06:55.450 | INFO     | __main__:monitor_loop:134 - Tempo de execução do loop: 642.234 ms
==================================================
2025-07-07 09:07:24.820 | INFO     | __main__:monitor_loop:103 - Dispositivos carregados: 7
==================================================
2025-07-07 09:07:24.842 | INFO     | __main__:ping_device:72 - FER_24G: status=1, sent=4, recv=4, rtt_avg=2 ms
2025-07-07 09:07:25.011 | INFO     | __main__:ping_device:72 - FACEBOOK: status=1, sent=4, recv=4, rtt_avg=46 ms
2025-07-07 09:07:25.275 | INFO     | __main__:ping_device:72 - WIKIPEDIA: status=1, sent=3, recv=3, rtt_avg=147 ms
2025-07-07 09:07:25.334 | INFO     | __main__:ping_device:72 - SAMSUNG_S22: status=1, sent=4, recv=4, rtt_avg=125 ms
2025-07-07 09:07:25.435 | INFO     | __main__:ping_device:72 - GITHUB: status=1, sent=4, recv=4, rtt_avg=151 ms
2025-07-07 09:07:25.449 | INFO     | __main__:ping_device:72 - GOOGLE: status=1, sent=4, recv=4, rtt_avg=155 ms
2025-07-07 09:07:25.465 | INFO     | __main__:monitor_loop:126 - Persistidos 6 resultados de monitoramento.
2025-07-07 09:07:25.465 | INFO     | __main__:monitor_loop:134 - Tempo de execução do loop: 656.798 ms
==================================================
2025-07-07 09:07:54.816 | INFO     | __main__:ping_device:72 - FER_24G: status=1, sent=4, recv=4, rtt_avg=1 ms
2025-07-07 09:07:54.875 | INFO     | __main__:ping_device:72 - CLOUDFLARE: status=1, sent=2, recv=2, rtt_avg=30 ms
2025-07-07 09:07:55.191 | INFO     | __main__:ping_device:72 - SAMSUNG_S22: status=1, sent=4, recv=4, rtt_avg=94 ms
2025-07-07 09:07:55.410 | INFO     | __main__:ping_device:72 - GITHUB: status=1, sent=4, recv=4, rtt_avg=149 ms
2025-07-07 09:07:55.432 | INFO     | __main__:ping_device:72 - GOOGLE: status=1, sent=4, recv=4, rtt_avg=154 ms
2025-07-07 09:07:55.458 | INFO     | __main__:monitor_loop:126 - Persistidos 5 resultados de monitoramento.
2025-07-07 09:07:55.459 | INFO     | __main__:monitor_loop:134 - Tempo de execução do loop: 649.502 ms
==================================================
2025-07-07 09:08:24.824 | INFO     | __main__:ping_device:72 - FER_24G: status=1, sent=4, recv=4, rtt_avg=0 ms
2025-07-07 09:08:24.997 | INFO     | __main__:ping_device:72 - FACEBOOK: status=1, sent=4, recv=4, rtt_avg=45 ms
2025-07-07 09:08:25.229 | INFO     | __main__:ping_device:72 - WIKIPEDIA: status=1, sent=3, recv=3, rtt_avg=136 ms
2025-07-07 09:08:25.407 | INFO     | __main__:ping_device:72 - GITHUB: status=1, sent=4, recv=4, rtt_avg=147 ms
2025-07-07 09:08:25.424 | INFO     | __main__:ping_device:72 - SAMSUNG_S22: status=1, sent=4, recv=4, rtt_avg=150 ms
2025-07-07 09:08:25.449 | INFO     | __main__:ping_device:72 - GOOGLE: status=1, sent=4, recv=4, rtt_avg=158 ms
2025-07-07 09:08:25.466 | INFO     | __main__:monitor_loop:126 - Persistidos 6 resultados de monitoramento.
2025-07-07 09:08:25.466 | INFO     | __main__:monitor_loop:134 - Tempo de execução do loop: 655.698 ms
==================================================
2025-07-07 09:08:54.832 | INFO     | __main__:ping_device:72 - FER_24G: status=1, sent=4, recv=4, rtt_avg=2 ms
2025-07-07 09:08:55.336 | INFO     | __main__:ping_device:72 - SAMSUNG_S22: status=1, sent=4, recv=4, rtt_avg=129 ms
2025-07-07 09:08:55.405 | INFO     | __main__:ping_device:72 - GITHUB: status=1, sent=4, recv=4, rtt_avg=147 ms
2025-07-07 09:08:55.432 | INFO     | __main__:ping_device:72 - GOOGLE: status=1, sent=4, recv=4, rtt_avg=154 ms
2025-07-07 09:08:55.437 | INFO     | __main__:monitor_loop:126 - Persistidos 4 resultados de monitoramento.
2025-07-07 09:08:55.437 | INFO     | __main__:monitor_loop:134 - Tempo de execução do loop: 625.517 ms
==================================================
2025-07-07 09:09:24.821 | INFO     | __main__:ping_device:72 - FER_24G: status=1, sent=4, recv=4, rtt_avg=1 ms
2025-07-07 09:09:24.869 | INFO     | __main__:ping_device:72 - CLOUDFLARE: status=1, sent=2, recv=2, rtt_avg=26 ms
2025-07-07 09:09:24.989 | INFO     | __main__:ping_device:72 - FACEBOOK: status=1, sent=4, recv=4, rtt_avg=43 ms
2025-07-07 09:09:25.241 | INFO     | __main__:ping_device:72 - WIKIPEDIA: status=1, sent=3, recv=3, rtt_avg=141 ms
2025-07-07 09:09:25.356 | INFO     | __main__:ping_device:72 - SAMSUNG_S22: status=1, sent=4, recv=4, rtt_avg=134 ms
2025-07-07 09:09:25.405 | INFO     | __main__:ping_device:72 - GITHUB: status=1, sent=4, recv=4, rtt_avg=147 ms
2025-07-07 09:09:25.430 | INFO     | __main__:ping_device:72 - GOOGLE: status=1, sent=4, recv=4, rtt_avg=153 ms
2025-07-07 09:09:25.437 | INFO     | __main__:monitor_loop:126 - Persistidos 7 resultados de monitoramento.
2025-07-07 09:09:25.437 | INFO     | __main__:monitor_loop:134 - Tempo de execução do loop: 624.283 ms
==================================================
2025-07-07 09:09:54.829 | INFO     | __main__:ping_device:72 - FER_24G: status=1, sent=4, recv=4, rtt_avg=2 ms
2025-07-07 09:09:55.227 | INFO     | __main__:ping_device:72 - SAMSUNG_S22: status=1, sent=4, recv=4, rtt_avg=101 ms
2025-07-07 09:09:55.415 | INFO     | __main__:ping_device:72 - GITHUB: status=1, sent=4, recv=4, rtt_avg=149 ms
2025-07-07 09:09:55.449 | INFO     | __main__:ping_device:72 - GOOGLE: status=1, sent=4, recv=4, rtt_avg=158 ms
2025-07-07 09:09:55.454 | INFO     | __main__:monitor_loop:126 - Persistidos 4 resultados de monitoramento.
2025-07-07 09:09:55.455 | INFO     | __main__:monitor_loop:134 - Tempo de execução do loop: 641.767 ms
==================================================
2025-07-07 09:10:24.835 | INFO     | __main__:ping_device:72 - FER_24G: status=1, sent=4, recv=4, rtt_avg=1 ms
2025-07-07 09:10:24.999 | INFO     | __main__:ping_device:72 - FACEBOOK: status=1, sent=4, recv=4, rtt_avg=44 ms
2025-07-07 09:10:25.238 | INFO     | __main__:ping_device:72 - WIKIPEDIA: status=1, sent=3, recv=3, rtt_avg=138 ms
2025-07-07 09:10:25.412 | INFO     | __main__:ping_device:72 - SAMSUNG_S22: status=1, sent=4, recv=4, rtt_avg=145 ms
2025-07-07 09:10:25.418 | INFO     | __main__:ping_device:72 - GITHUB: status=1, sent=4, recv=4, rtt_avg=149 ms
2025-07-07 09:10:25.438 | INFO     | __main__:ping_device:72 - GOOGLE: status=1, sent=4, recv=4, rtt_avg=154 ms
2025-07-07 09:10:25.455 | INFO     | __main__:monitor_loop:126 - Persistidos 6 resultados de monitoramento.
2025-07-07 09:10:25.456 | INFO     | __main__:monitor_loop:134 - Tempo de execução do loop: 642.395 ms
==================================================
2025-07-07 09:10:54.837 | INFO     | __main__:ping_device:72 - FER_24G: status=1, sent=4, recv=4, rtt_avg=2 ms
2025-07-07 09:10:54.873 | INFO     | __main__:ping_device:72 - CLOUDFLARE: status=1, sent=2, recv=2, rtt_avg=26 ms
2025-07-07 09:10:55.112 | INFO     | __main__:ping_device:72 - SAMSUNG_S22: status=1, sent=4, recv=4, rtt_avg=71 ms
2025-07-07 09:10:55.425 | INFO     | __main__:ping_device:72 - GITHUB: status=1, sent=4, recv=4, rtt_avg=150 ms
2025-07-07 09:10:55.452 | INFO     | __main__:ping_device:72 - GOOGLE: status=1, sent=4, recv=4, rtt_avg=157 ms
2025-07-07 09:10:55.469 | INFO     | __main__:monitor_loop:126 - Persistidos 5 resultados de monitoramento.
2025-07-07 09:10:55.469 | INFO     | __main__:monitor_loop:134 - Tempo de execução do loop: 653.924 ms
==================================================
2025-07-07 09:11:24.838 | INFO     | __main__:ping_device:72 - FER_24G: status=1, sent=4, recv=4, rtt_avg=2 ms
2025-07-07 09:11:25.010 | INFO     | __main__:ping_device:72 - FACEBOOK: status=1, sent=4, recv=4, rtt_avg=46 ms
2025-07-07 09:11:25.242 | INFO     | __main__:ping_device:72 - WIKIPEDIA: status=1, sent=3, recv=3, rtt_avg=138 ms
2025-07-07 09:11:25.423 | INFO     | __main__:ping_device:72 - GITHUB: status=1, sent=4, recv=4, rtt_avg=149 ms
2025-07-07 09:11:25.439 | INFO     | __main__:ping_device:72 - SAMSUNG_S22: status=1, sent=4, recv=4, rtt_avg=152 ms
2025-07-07 09:11:25.453 | INFO     | __main__:ping_device:72 - GOOGLE: status=1, sent=4, recv=4, rtt_avg=158 ms
2025-07-07 09:11:25.465 | INFO     | __main__:monitor_loop:126 - Persistidos 6 resultados de monitoramento.
2025-07-07 09:11:25.466 | INFO     | __main__:monitor_loop:134 - Tempo de execução do loop: 649.448 ms
==================================================
2025-07-07 09:11:54.828 | INFO     | __main__:ping_device:72 - FER_24G: status=1, sent=4, recv=4, rtt_avg=1 ms
2025-07-07 09:11:55.191 | INFO     | __main__:ping_device:72 - SAMSUNG_S22: status=1, sent=4, recv=4, rtt_avg=92 ms
2025-07-07 09:11:55.420 | INFO     | __main__:ping_device:72 - GITHUB: status=1, sent=4, recv=4, rtt_avg=149 ms
2025-07-07 09:11:55.438 | INFO     | __main__:ping_device:72 - GOOGLE: status=1, sent=4, recv=4, rtt_avg=154 ms
2025-07-07 09:11:55.444 | INFO     | __main__:monitor_loop:126 - Persistidos 4 resultados de monitoramento.
2025-07-07 09:11:55.444 | INFO     | __main__:monitor_loop:134 - Tempo de execução do loop: 627.407 ms
==================================================
2025-07-07 09:12:24.829 | INFO     | __main__:monitor_loop:103 - Dispositivos carregados: 7
==================================================
2025-07-07 09:12:24.853 | INFO     | __main__:ping_device:72 - FER_24G: status=1, sent=4, recv=4, rtt_avg=2 ms
2025-07-07 09:12:24.894 | INFO     | __main__:ping_device:72 - CLOUDFLARE: status=1, sent=2, recv=2, rtt_avg=28 ms
2025-07-07 09:12:25.019 | INFO     | __main__:ping_device:72 - FACEBOOK: status=1, sent=4, recv=4, rtt_avg=45 ms
2025-07-07 09:12:25.256 | INFO     | __main__:ping_device:72 - WIKIPEDIA: status=1, sent=3, recv=3, rtt_avg=138 ms
2025-07-07 09:12:25.300 | INFO     | __main__:ping_device:72 - SAMSUNG_S22: status=1, sent=4, recv=4, rtt_avg=114 ms
2025-07-07 09:12:25.431 | INFO     | __main__:ping_device:72 - GITHUB: status=1, sent=4, recv=4, rtt_avg=147 ms
2025-07-07 09:12:25.459 | INFO     | __main__:ping_device:72 - GOOGLE: status=1, sent=4, recv=4, rtt_avg=156 ms
2025-07-07 09:12:25.477 | INFO     | __main__:monitor_loop:126 - Persistidos 7 resultados de monitoramento.
2025-07-07 09:12:25.478 | INFO     | __main__:monitor_loop:134 - Tempo de execução do loop: 660.227 ms
==================================================
2025-07-07 09:12:54.837 | INFO     | __main__:ping_device:72 - FER_24G: status=1, sent=4, recv=4, rtt_avg=2 ms
2025-07-07 09:12:55.135 | INFO     | __main__:ping_device:72 - SAMSUNG_S22: status=1, sent=4, recv=4, rtt_avg=76 ms
2025-07-07 09:12:55.429 | INFO     | __main__:ping_device:72 - GITHUB: status=1, sent=4, recv=4, rtt_avg=150 ms
2025-07-07 09:12:55.448 | INFO     | __main__:ping_device:72 - GOOGLE: status=1, sent=4, recv=4, rtt_avg=156 ms
2025-07-07 09:12:55.466 | INFO     | __main__:monitor_loop:126 - Persistidos 4 resultados de monitoramento.
2025-07-07 09:12:55.467 | INFO     | __main__:monitor_loop:134 - Tempo de execução do loop: 648.237 ms
==================================================
2025-07-07 09:13:24.831 | INFO     | __main__:ping_device:72 - FER_24G: status=1, sent=4, recv=4, rtt_avg=1 ms
2025-07-07 09:13:25.004 | INFO     | __main__:ping_device:72 - FACEBOOK: status=1, sent=4, recv=4, rtt_avg=44 ms
2025-07-07 09:13:25.201 | INFO     | __main__:ping_device:72 - SAMSUNG_S22: status=1, sent=4, recv=4, rtt_avg=93 ms
2025-07-07 09:13:25.239 | INFO     | __main__:ping_device:72 - WIKIPEDIA: status=1, sent=3, recv=3, rtt_avg=137 ms
2025-07-07 09:13:25.424 | INFO     | __main__:ping_device:72 - GITHUB: status=1, sent=4, recv=4, rtt_avg=149 ms
2025-07-07 09:13:25.451 | INFO     | __main__:ping_device:72 - GOOGLE: status=1, sent=4, recv=4, rtt_avg=156 ms
2025-07-07 09:13:25.455 | INFO     | __main__:monitor_loop:126 - Persistidos 6 resultados de monitoramento.
2025-07-07 09:13:25.455 | INFO     | __main__:monitor_loop:134 - Tempo de execução do loop: 634.496 ms
==================================================
2025-07-07 09:13:54.838 | INFO     | __main__:ping_device:72 - FER_24G: status=1, sent=4, recv=4, rtt_avg=2 ms
2025-07-07 09:13:54.882 | INFO     | __main__:ping_device:72 - CLOUDFLARE: status=1, sent=2, recv=2, rtt_avg=28 ms
2025-07-07 09:13:55.400 | INFO     | __main__:ping_device:72 - SAMSUNG_S22: status=1, sent=4, recv=4, rtt_avg=142 ms
2025-07-07 09:13:55.426 | INFO     | __main__:ping_device:72 - GITHUB: status=1, sent=4, recv=4, rtt_avg=149 ms
2025-07-07 09:13:55.455 | INFO     | __main__:ping_device:72 - GOOGLE: status=1, sent=4, recv=4, rtt_avg=157 ms
2025-07-07 09:13:55.460 | INFO     | __main__:monitor_loop:126 - Persistidos 5 resultados de monitoramento.
2025-07-07 09:13:55.460 | INFO     | __main__:monitor_loop:134 - Tempo de execução do loop: 639.090 ms
==================================================
2025-07-07 09:14:24.836 | INFO     | __main__:ping_device:72 - FER_24G: status=1, sent=4, recv=4, rtt_avg=1 ms
2025-07-07 09:14:25.014 | INFO     | __main__:ping_device:72 - FACEBOOK: status=1, sent=4, recv=4, rtt_avg=46 ms
2025-07-07 09:14:25.204 | INFO     | __main__:ping_device:72 - SAMSUNG_S22: status=1, sent=4, recv=4, rtt_avg=92 ms
2025-07-07 09:14:25.245 | INFO     | __main__:ping_device:72 - WIKIPEDIA: status=1, sent=3, recv=3, rtt_avg=137 ms
2025-07-07 09:14:25.433 | INFO     | __main__:ping_device:72 - GITHUB: status=1, sent=4, recv=4, rtt_avg=150 ms
2025-07-07 09:14:25.487 | INFO     | __main__:ping_device:72 - GOOGLE: status=1, sent=4, recv=4, rtt_avg=165 ms
2025-07-07 09:14:25.515 | INFO     | __main__:monitor_loop:126 - Persistidos 6 resultados de monitoramento.
2025-07-07 09:14:25.515 | INFO     | __main__:monitor_loop:134 - Tempo de execução do loop: 693.653 ms
==================================================
2025-07-07 09:14:54.842 | INFO     | __main__:ping_device:72 - FER_24G: status=1, sent=4, recv=4, rtt_avg=2 ms
2025-07-07 09:14:55.012 | INFO     | __main__:ping_device:72 - SAMSUNG_S22: status=1, sent=4, recv=4, rtt_avg=45 ms
2025-07-07 09:14:55.415 | INFO     | __main__:ping_device:72 - GITHUB: status=1, sent=4, recv=4, rtt_avg=146 ms
2025-07-07 09:14:55.456 | INFO     | __main__:ping_device:72 - GOOGLE: status=1, sent=4, recv=4, rtt_avg=157 ms
2025-07-07 09:14:55.464 | INFO     | __main__:monitor_loop:126 - Persistidos 4 resultados de monitoramento.
2025-07-07 09:14:55.464 | INFO     | __main__:monitor_loop:134 - Tempo de execução do loop: 640.853 ms
==================================================
2025-07-07 09:15:24.850 | INFO     | __main__:ping_device:72 - FER_24G: status=1, sent=4, recv=4, rtt_avg=3 ms
2025-07-07 09:15:24.889 | INFO     | __main__:ping_device:72 - CLOUDFLARE: status=1, sent=2, recv=2, rtt_avg=28 ms
2025-07-07 09:15:25.020 | INFO     | __main__:ping_device:72 - FACEBOOK: status=1, sent=4, recv=4, rtt_avg=47 ms
2025-07-07 09:15:25.219 | INFO     | __main__:ping_device:72 - SAMSUNG_S22: status=1, sent=4, recv=4, rtt_avg=95 ms
2025-07-07 09:15:25.263 | INFO     | __main__:ping_device:72 - WIKIPEDIA: status=1, sent=3, recv=3, rtt_avg=142 ms
2025-07-07 09:15:25.440 | INFO     | __main__:ping_device:72 - GITHUB: status=1, sent=4, recv=4, rtt_avg=151 ms
2025-07-07 09:15:25.460 | INFO     | __main__:ping_device:72 - GOOGLE: status=1, sent=4, recv=4, rtt_avg=157 ms
2025-07-07 09:15:25.465 | INFO     | __main__:monitor_loop:126 - Persistidos 7 resultados de monitoramento.
2025-07-07 09:15:25.466 | INFO     | __main__:monitor_loop:134 - Tempo de execução do loop: 641.861 ms
==================================================
2025-07-07 09:15:54.834 | INFO     | __main__:ping_device:72 - FER_24G: status=1, sent=4, recv=4, rtt_avg=1 ms
2025-07-07 09:15:55.399 | INFO     | __main__:ping_device:72 - SAMSUNG_S22: status=1, sent=4, recv=4, rtt_avg=142 ms
2025-07-07 09:15:55.423 | INFO     | __main__:ping_device:72 - GITHUB: status=1, sent=4, recv=4, rtt_avg=148 ms
2025-07-07 09:15:55.455 | INFO     | __main__:ping_device:72 - GOOGLE: status=1, sent=4, recv=4, rtt_avg=156 ms
2025-07-07 09:15:55.460 | INFO     | __main__:monitor_loop:126 - Persistidos 4 resultados de monitoramento.
2025-07-07 09:15:55.461 | INFO     | __main__:monitor_loop:134 - Tempo de execução do loop: 636.070 ms
==================================================
2025-07-07 09:16:24.848 | INFO     | __main__:ping_device:72 - FER_24G: status=1, sent=4, recv=4, rtt_avg=3 ms
2025-07-07 09:16:24.986 | INFO     | __main__:ping_device:72 - SAMSUNG_S22: status=1, sent=4, recv=4, rtt_avg=37 ms
2025-07-07 09:16:25.011 | INFO     | __main__:ping_device:72 - FACEBOOK: status=1, sent=4, recv=4, rtt_avg=44 ms
2025-07-07 09:16:25.250 | INFO     | __main__:ping_device:72 - WIKIPEDIA: status=1, sent=3, recv=3, rtt_avg=139 ms
2025-07-07 09:16:25.427 | INFO     | __main__:ping_device:72 - GITHUB: status=1, sent=4, recv=4, rtt_avg=148 ms
2025-07-07 09:16:25.446 | INFO     | __main__:ping_device:72 - GOOGLE: status=1, sent=4, recv=4, rtt_avg=154 ms
2025-07-07 09:16:25.452 | INFO     | __main__:monitor_loop:126 - Persistidos 6 resultados de monitoramento.
2025-07-07 09:16:25.453 | INFO     | __main__:monitor_loop:134 - Tempo de execução do loop: 627.147 ms
==================================================
2025-07-07 09:16:54.835 | INFO     | __main__:ping_device:72 - FER_24G: status=1, sent=4, recv=4, rtt_avg=1 ms
2025-07-07 09:16:54.885 | INFO     | __main__:ping_device:72 - CLOUDFLARE: status=1, sent=2, recv=2, rtt_avg=28 ms
2025-07-07 09:16:55.335 | INFO     | __main__:ping_device:72 - SAMSUNG_S22: status=1, sent=4, recv=4, rtt_avg=125 ms
2025-07-07 09:16:55.422 | INFO     | __main__:ping_device:72 - GITHUB: status=1, sent=4, recv=4, rtt_avg=148 ms
2025-07-07 09:16:55.455 | INFO     | __main__:ping_device:72 - GOOGLE: status=1, sent=4, recv=4, rtt_avg=156 ms
2025-07-07 09:16:55.474 | INFO     | __main__:monitor_loop:126 - Persistidos 5 resultados de monitoramento.
2025-07-07 09:16:55.475 | INFO     | __main__:monitor_loop:134 - Tempo de execução do loop: 648.558 ms
==================================================
2025-07-07 09:17:24.839 | INFO     | __main__:monitor_loop:103 - Dispositivos carregados: 7
==================================================
2025-07-07 09:17:24.863 | INFO     | __main__:ping_device:72 - FER_24G: status=1, sent=4, recv=4, rtt_avg=3 ms
2025-07-07 09:17:25.029 | INFO     | __main__:ping_device:72 - FACEBOOK: status=1, sent=4, recv=4, rtt_avg=45 ms
2025-07-07 09:17:25.272 | INFO     | __main__:ping_device:72 - WIKIPEDIA: status=1, sent=3, recv=3, rtt_avg=140 ms
2025-07-07 09:17:25.445 | INFO     | __main__:ping_device:72 - GITHUB: status=1, sent=4, recv=4, rtt_avg=149 ms
2025-07-07 09:17:25.464 | INFO     | __main__:ping_device:72 - GOOGLE: status=1, sent=4, recv=4, rtt_avg=154 ms
2025-07-07 09:17:25.490 | INFO     | __main__:ping_device:72 - SAMSUNG_S22: status=1, sent=4, recv=4, rtt_avg=158 ms
2025-07-07 09:17:25.499 | INFO     | __main__:monitor_loop:126 - Persistidos 6 resultados de monitoramento.
2025-07-07 09:17:25.499 | INFO     | __main__:monitor_loop:134 - Tempo de execução do loop: 671.454 ms
==================================================
2025-07-07 09:17:54.849 | INFO     | __main__:ping_device:72 - FER_24G: status=1, sent=4, recv=4, rtt_avg=3 ms
2025-07-07 09:17:55.422 | INFO     | __main__:ping_device:72 - SAMSUNG_S22: status=1, sent=4, recv=4, rtt_avg=146 ms
2025-07-07 09:17:55.428 | INFO     | __main__:ping_device:72 - GITHUB: status=1, sent=4, recv=4, rtt_avg=148 ms
2025-07-07 09:17:55.468 | INFO     | __main__:ping_device:72 - GOOGLE: status=1, sent=4, recv=4, rtt_avg=158 ms
2025-07-07 09:17:55.480 | INFO     | __main__:monitor_loop:126 - Persistidos 4 resultados de monitoramento.
2025-07-07 09:17:55.481 | INFO     | __main__:monitor_loop:134 - Tempo de execução do loop: 652.421 ms
==================================================
2025-07-07 09:18:24.844 | INFO     | __main__:ping_device:72 - FER_24G: status=1, sent=4, recv=4, rtt_avg=2 ms
2025-07-07 09:18:24.885 | INFO     | __main__:ping_device:72 - CLOUDFLARE: status=1, sent=2, recv=2, rtt_avg=26 ms
2025-07-07 09:18:25.011 | INFO     | __main__:ping_device:72 - FACEBOOK: status=1, sent=4, recv=4, rtt_avg=44 ms
2025-07-07 09:18:25.246 | INFO     | __main__:ping_device:72 - WIKIPEDIA: status=1, sent=3, recv=3, rtt_avg=137 ms
2025-07-07 09:18:25.424 | INFO     | __main__:ping_device:72 - GITHUB: status=1, sent=4, recv=4, rtt_avg=147 ms
2025-07-07 09:18:25.440 | INFO     | __main__:ping_device:72 - SAMSUNG_S22: status=1, sent=4, recv=4, rtt_avg=150 ms
2025-07-07 09:18:25.449 | INFO     | __main__:ping_device:72 - GOOGLE: status=1, sent=4, recv=4, rtt_avg=154 ms
2025-07-07 09:18:25.478 | INFO     | __main__:monitor_loop:126 - Persistidos 7 resultados de monitoramento.
2025-07-07 09:18:25.479 | INFO     | __main__:monitor_loop:134 - Tempo de execução do loop: 649.199 ms
==================================================
2025-07-07 09:18:54.847 | INFO     | __main__:ping_device:72 - FER_24G: status=1, sent=4, recv=4, rtt_avg=2 ms
2025-07-07 09:18:55.425 | INFO     | __main__:ping_device:72 - GITHUB: status=1, sent=4, recv=4, rtt_avg=147 ms
2025-07-07 09:18:55.457 | INFO     | __main__:ping_device:72 - GOOGLE: status=1, sent=4, recv=4, rtt_avg=155 ms
2025-07-07 09:18:55.458 | INFO     | __main__:ping_device:72 - SAMSUNG_S22: status=1, sent=4, recv=4, rtt_avg=154 ms
2025-07-07 09:18:55.465 | INFO     | __main__:monitor_loop:126 - Persistidos 4 resultados de monitoramento.
2025-07-07 09:18:55.466 | INFO     | __main__:monitor_loop:134 - Tempo de execução do loop: 635.069 ms
==================================================
2025-07-07 09:19:24.839 | INFO     | __main__:ping_device:72 - FER_24G: status=1, sent=4, recv=4, rtt_avg=1 ms
2025-07-07 09:19:24.998 | INFO     | __main__:ping_device:72 - SAMSUNG_S22: status=1, sent=4, recv=4, rtt_avg=40 ms
2025-07-07 09:19:25.018 | INFO     | __main__:ping_device:72 - FACEBOOK: status=1, sent=4, recv=4, rtt_avg=45 ms
2025-07-07 09:19:25.253 | INFO     | __main__:ping_device:72 - WIKIPEDIA: status=1, sent=3, recv=3, rtt_avg=138 ms
2025-07-07 09:19:25.425 | INFO     | __main__:ping_device:72 - GITHUB: status=1, sent=4, recv=4, rtt_avg=147 ms
2025-07-07 09:19:25.460 | INFO     | __main__:ping_device:72 - GOOGLE: status=1, sent=4, recv=4, rtt_avg=156 ms
2025-07-07 09:19:25.491 | INFO     | __main__:monitor_loop:126 - Persistidos 6 resultados de monitoramento.
2025-07-07 09:19:25.492 | INFO     | __main__:monitor_loop:134 - Tempo de execução do loop: 660.547 ms
==================================================
2025-07-07 09:19:54.852 | INFO     | __main__:ping_device:72 - FER_24G: status=1, sent=4, recv=4, rtt_avg=2 ms
2025-07-07 09:19:54.898 | INFO     | __main__:ping_device:72 - CLOUDFLARE: status=1, sent=2, recv=2, rtt_avg=29 ms
2025-07-07 09:19:55.148 | INFO     | __main__:ping_device:72 - SAMSUNG_S22: status=1, sent=4, recv=4, rtt_avg=75 ms
2025-07-07 09:19:55.449 | INFO     | __main__:ping_device:72 - GITHUB: status=1, sent=4, recv=4, rtt_avg=151 ms
2025-07-07 09:19:55.462 | INFO     | __main__:ping_device:72 - GOOGLE: status=1, sent=4, recv=4, rtt_avg=155 ms
2025-07-07 09:19:55.488 | INFO     | __main__:monitor_loop:126 - Persistidos 5 resultados de monitoramento.
2025-07-07 09:19:55.489 | INFO     | __main__:monitor_loop:134 - Tempo de execução do loop: 655.800 ms
==================================================
2025-07-07 09:20:24.850 | INFO     | __main__:ping_device:72 - FER_24G: status=1, sent=4, recv=4, rtt_avg=2 ms
2025-07-07 09:20:25.013 | INFO     | __main__:ping_device:72 - FACEBOOK: status=1, sent=4, recv=4, rtt_avg=43 ms
2025-07-07 09:20:25.055 | INFO     | __main__:ping_device:72 - SAMSUNG_S22: status=1, sent=4, recv=4, rtt_avg=52 ms
2025-07-07 09:20:25.254 | INFO     | __main__:ping_device:72 - WIKIPEDIA: status=1, sent=3, recv=3, rtt_avg=137 ms
2025-07-07 09:20:25.432 | INFO     | __main__:ping_device:72 - GITHUB: status=1, sent=4, recv=4, rtt_avg=147 ms
2025-07-07 09:20:25.454 | INFO     | __main__:ping_device:72 - GOOGLE: status=1, sent=4, recv=4, rtt_avg=153 ms
2025-07-07 09:20:25.471 | INFO     | __main__:monitor_loop:126 - Persistidos 6 resultados de monitoramento.
2025-07-07 09:20:25.471 | INFO     | __main__:monitor_loop:134 - Tempo de execução do loop: 636.467 ms
==================================================
2025-07-07 09:20:54.849 | INFO     | __main__:ping_device:72 - FER_24G: status=1, sent=4, recv=4, rtt_avg=2 ms
2025-07-07 09:20:55.433 | INFO     | __main__:ping_device:72 - GITHUB: status=1, sent=4, recv=4, rtt_avg=148 ms
2025-07-07 09:20:55.439 | INFO     | __main__:ping_device:72 - SAMSUNG_S22: status=1, sent=4, recv=4, rtt_avg=149 ms
2025-07-07 09:20:55.461 | INFO     | __main__:ping_device:72 - GOOGLE: status=1, sent=4, recv=4, rtt_avg=155 ms
2025-07-07 09:20:55.478 | INFO     | __main__:monitor_loop:126 - Persistidos 4 resultados de monitoramento.
2025-07-07 09:20:55.479 | INFO     | __main__:monitor_loop:134 - Tempo de execução do loop: 644.101 ms
==================================================
2025-07-07 09:21:24.856 | INFO     | __main__:ping_device:72 - FER_24G: status=1, sent=4, recv=4, rtt_avg=1 ms
2025-07-07 09:21:24.902 | INFO     | __main__:ping_device:72 - CLOUDFLARE: status=1, sent=2, recv=2, rtt_avg=29 ms
2025-07-07 09:21:25.026 | INFO     | __main__:ping_device:72 - FACEBOOK: status=1, sent=4, recv=4, rtt_avg=46 ms
2025-07-07 09:21:25.267 | INFO     | __main__:ping_device:72 - WIKIPEDIA: status=1, sent=3, recv=3, rtt_avg=139 ms
2025-07-07 09:21:25.274 | INFO     | __main__:ping_device:72 - SAMSUNG_S22: status=1, sent=4, recv=4, rtt_avg=105 ms
2025-07-07 09:21:25.446 | INFO     | __main__:ping_device:72 - GITHUB: status=1, sent=4, recv=4, rtt_avg=149 ms
2025-07-07 09:21:25.473 | INFO     | __main__:ping_device:72 - GOOGLE: status=1, sent=4, recv=4, rtt_avg=158 ms
2025-07-07 09:21:25.502 | INFO     | __main__:monitor_loop:126 - Persistidos 7 resultados de monitoramento.
2025-07-07 09:21:25.503 | INFO     | __main__:monitor_loop:134 - Tempo de execução do loop: 666.681 ms
==================================================
2025-07-07 09:21:54.855 | INFO     | __main__:ping_device:72 - FER_24G: status=1, sent=4, recv=4, rtt_avg=2 ms
2025-07-07 09:21:55.371 | INFO     | __main__:ping_device:72 - SAMSUNG_S22: status=1, sent=4, recv=4, rtt_avg=130 ms
2025-07-07 09:21:55.432 | INFO     | __main__:ping_device:72 - GITHUB: status=1, sent=4, recv=4, rtt_avg=147 ms
2025-07-07 09:21:55.461 | INFO     | __main__:ping_device:72 - GOOGLE: status=1, sent=4, recv=4, rtt_avg=154 ms
2025-07-07 09:21:55.470 | INFO     | __main__:monitor_loop:126 - Persistidos 4 resultados de monitoramento.
2025-07-07 09:21:55.471 | INFO     | __main__:monitor_loop:134 - Tempo de execução do loop: 633.034 ms
==================================================
2025-07-07 09:22:24.842 | INFO     | __main__:monitor_loop:103 - Dispositivos carregados: 7
==================================================
2025-07-07 09:22:24.850 | INFO     | __main__:ping_device:72 - FER_24G: status=1, sent=4, recv=4, rtt_avg=1 ms
2025-07-07 09:22:25.026 | INFO     | __main__:ping_device:72 - FACEBOOK: status=1, sent=4, recv=4, rtt_avg=45 ms
2025-07-07 09:22:25.261 | INFO     | __main__:ping_device:72 - WIKIPEDIA: status=1, sent=3, recv=3, rtt_avg=138 ms
2025-07-07 09:22:25.439 | INFO     | __main__:ping_device:72 - GITHUB: status=1, sent=4, recv=4, rtt_avg=148 ms
2025-07-07 09:22:25.465 | INFO     | __main__:ping_device:72 - GOOGLE: status=1, sent=4, recv=4, rtt_avg=155 ms
2025-07-07 09:22:25.508 | INFO     | __main__:ping_device:72 - SAMSUNG_S22: status=1, sent=4, recv=4, rtt_avg=165 ms
2025-07-07 09:22:25.517 | INFO     | __main__:monitor_loop:126 - Persistidos 6 resultados de monitoramento.
2025-07-07 09:22:25.518 | INFO     | __main__:monitor_loop:134 - Tempo de execução do loop: 679.181 ms
==================================================
2025-07-07 09:22:54.860 | INFO     | __main__:ping_device:72 - FER_24G: status=1, sent=4, recv=4, rtt_avg=2 ms
2025-07-07 09:22:54.901 | INFO     | __main__:ping_device:72 - CLOUDFLARE: status=1, sent=2, recv=2, rtt_avg=27 ms
2025-07-07 09:22:55.439 | INFO     | __main__:ping_device:72 - SAMSUNG_S22: status=1, sent=4, recv=4, rtt_avg=146 ms
2025-07-07 09:22:55.440 | INFO     | __main__:ping_device:72 - GITHUB: status=1, sent=4, recv=4, rtt_avg=148 ms
2025-07-07 09:22:55.472 | INFO     | __main__:ping_device:72 - GOOGLE: status=1, sent=4, recv=4, rtt_avg=156 ms
2025-07-07 09:22:55.479 | INFO     | __main__:monitor_loop:126 - Persistidos 5 resultados de monitoramento.
2025-07-07 09:22:55.479 | INFO     | __main__:monitor_loop:134 - Tempo de execução do loop: 639.754 ms
==================================================
2025-07-07 09:23:24.856 | INFO     | __main__:ping_device:72 - FER_24G: status=1, sent=4, recv=4, rtt_avg=1 ms
2025-07-07 09:23:25.021 | INFO     | __main__:ping_device:72 - FACEBOOK: status=1, sent=4, recv=4, rtt_avg=44 ms
2025-07-07 09:23:25.208 | INFO     | __main__:ping_device:72 - SAMSUNG_S22: status=1, sent=4, recv=4, rtt_avg=89 ms
2025-07-07 09:23:25.265 | INFO     | __main__:ping_device:72 - WIKIPEDIA: status=1, sent=3, recv=3, rtt_avg=138 ms
2025-07-07 09:23:25.436 | INFO     | __main__:ping_device:72 - GITHUB: status=1, sent=4, recv=4, rtt_avg=147 ms
2025-07-07 09:23:25.463 | INFO     | __main__:ping_device:72 - GOOGLE: status=1, sent=4, recv=4, rtt_avg=154 ms
2025-07-07 09:23:25.493 | INFO     | __main__:monitor_loop:126 - Persistidos 6 resultados de monitoramento.
2025-07-07 09:23:25.494 | INFO     | __main__:monitor_loop:134 - Tempo de execução do loop: 653.799 ms
==================================================
2025-07-07 09:23:54.859 | INFO     | __main__:ping_device:72 - FER_24G: status=1, sent=4, recv=4, rtt_avg=1 ms
2025-07-07 09:23:55.343 | INFO     | __main__:ping_device:72 - SAMSUNG_S22: status=1, sent=4, recv=4, rtt_avg=122 ms
2025-07-07 09:23:55.441 | INFO     | __main__:ping_device:72 - GITHUB: status=1, sent=4, recv=4, rtt_avg=148 ms
2025-07-07 09:23:55.467 | INFO     | __main__:ping_device:72 - GOOGLE: status=1, sent=4, recv=4, rtt_avg=155 ms
2025-07-07 09:23:55.475 | INFO     | __main__:monitor_loop:126 - Persistidos 4 resultados de monitoramento.
2025-07-07 09:23:55.475 | INFO     | __main__:monitor_loop:134 - Tempo de execução do loop: 632.431 ms
==================================================
2025-07-07 09:24:24.864 | INFO     | __main__:ping_device:72 - FER_24G: status=1, sent=4, recv=4, rtt_avg=1 ms
2025-07-07 09:24:24.906 | INFO     | __main__:ping_device:72 - CLOUDFLARE: status=1, sent=2, recv=2, rtt_avg=28 ms
2025-07-07 09:24:25.032 | INFO     | __main__:ping_device:72 - FACEBOOK: status=1, sent=4, recv=4, rtt_avg=46 ms
2025-07-07 09:24:25.114 | INFO     | __main__:ping_device:72 - SAMSUNG_S22: status=1, sent=4, recv=4, rtt_avg=64 ms
2025-07-07 09:24:25.266 | INFO     | __main__:ping_device:72 - WIKIPEDIA: status=1, sent=3, recv=3, rtt_avg=137 ms
2025-07-07 09:24:25.446 | INFO     | __main__:ping_device:72 - GITHUB: status=1, sent=4, recv=4, rtt_avg=148 ms
2025-07-07 09:24:25.468 | INFO     | __main__:ping_device:72 - GOOGLE: status=1, sent=4, recv=4, rtt_avg=155 ms
2025-07-07 09:24:25.486 | INFO     | __main__:monitor_loop:126 - Persistidos 7 resultados de monitoramento.
2025-07-07 09:24:25.487 | INFO     | __main__:monitor_loop:134 - Tempo de execução do loop: 643.871 ms
==================================================
2025-07-07 09:24:54.861 | INFO     | __main__:ping_device:72 - FER_24G: status=1, sent=4, recv=4, rtt_avg=1 ms
2025-07-07 09:24:55.436 | INFO     | __main__:ping_device:72 - GITHUB: status=1, sent=4, recv=4, rtt_avg=146 ms
2025-07-07 09:24:55.471 | INFO     | __main__:ping_device:72 - GOOGLE: status=1, sent=4, recv=4, rtt_avg=155 ms
2025-07-07 09:24:55.480 | INFO     | __main__:ping_device:72 - SAMSUNG_S22: status=1, sent=4, recv=4, rtt_avg=156 ms
2025-07-07 09:24:55.485 | INFO     | __main__:monitor_loop:126 - Persistidos 4 resultados de monitoramento.
2025-07-07 09:24:55.485 | INFO     | __main__:monitor_loop:134 - Tempo de execução do loop: 640.524 ms
==================================================
2025-07-07 09:25:24.857 | INFO     | __main__:ping_device:72 - FER_24G: status=1, sent=4, recv=4, rtt_avg=1 ms
2025-07-07 09:25:25.022 | INFO     | __main__:ping_device:72 - FACEBOOK: status=1, sent=4, recv=4, rtt_avg=43 ms
2025-07-07 09:25:25.035 | INFO     | __main__:ping_device:72 - SAMSUNG_S22: status=1, sent=4, recv=4, rtt_avg=46 ms
2025-07-07 09:25:25.258 | INFO     | __main__:ping_device:72 - WIKIPEDIA: status=1, sent=3, recv=3, rtt_avg=136 ms
2025-07-07 09:25:25.440 | INFO     | __main__:ping_device:72 - GITHUB: status=1, sent=4, recv=4, rtt_avg=147 ms
2025-07-07 09:25:25.466 | INFO     | __main__:ping_device:72 - GOOGLE: status=1, sent=4, recv=4, rtt_avg=154 ms
2025-07-07 09:25:25.473 | INFO     | __main__:monitor_loop:126 - Persistidos 6 resultados de monitoramento.
2025-07-07 09:25:25.473 | INFO     | __main__:monitor_loop:134 - Tempo de execução do loop: 628.273 ms
==================================================
2025-07-07 09:25:54.866 | INFO     | __main__:ping_device:72 - FER_24G: status=1, sent=4, recv=4, rtt_avg=2 ms
2025-07-07 09:25:54.906 | INFO     | __main__:ping_device:72 - CLOUDFLARE: status=1, sent=2, recv=2, rtt_avg=27 ms
2025-07-07 09:25:55.437 | INFO     | __main__:ping_device:72 - GITHUB: status=1, sent=4, recv=4, rtt_avg=145 ms
2025-07-07 09:25:55.476 | INFO     | __main__:ping_device:72 - GOOGLE: status=1, sent=4, recv=4, rtt_avg=156 ms
2025-07-07 09:25:55.479 | INFO     | __main__:ping_device:72 - SAMSUNG_S22: status=1, sent=4, recv=4, rtt_avg=155 ms
2025-07-07 09:25:55.484 | INFO     | __main__:monitor_loop:126 - Persistidos 5 resultados de monitoramento.
2025-07-07 09:25:55.484 | INFO     | __main__:monitor_loop:134 - Tempo de execução do loop: 638.954 ms
==================================================
2025-07-07 09:26:24.863 | INFO     | __main__:ping_device:72 - FER_24G: status=1, sent=4, recv=4, rtt_avg=2 ms
2025-07-07 09:26:25.033 | INFO     | __main__:ping_device:72 - FACEBOOK: status=1, sent=4, recv=4, rtt_avg=45 ms
2025-07-07 09:26:25.249 | INFO     | __main__:ping_device:72 - SAMSUNG_S22: status=1, sent=4, recv=4, rtt_avg=98 ms
2025-07-07 09:26:25.269 | INFO     | __main__:ping_device:72 - WIKIPEDIA: status=1, sent=3, recv=3, rtt_avg=139 ms
2025-07-07 09:26:25.444 | INFO     | __main__:ping_device:72 - GITHUB: status=1, sent=4, recv=4, rtt_avg=148 ms
2025-07-07 09:26:25.469 | INFO     | __main__:ping_device:72 - GOOGLE: status=1, sent=4, recv=4, rtt_avg=155 ms
2025-07-07 09:26:25.497 | INFO     | __main__:monitor_loop:126 - Persistidos 6 resultados de monitoramento.
2025-07-07 09:26:25.498 | INFO     | __main__:monitor_loop:134 - Tempo de execução do loop: 652.501 ms
==================================================
2025-07-07 09:26:54.860 | INFO     | __main__:ping_device:72 - FER_24G: status=1, sent=4, recv=4, rtt_avg=1 ms
2025-07-07 09:26:55.372 | INFO     | __main__:ping_device:72 - SAMSUNG_S22: status=1, sent=4, recv=4, rtt_avg=129 ms
2025-07-07 09:26:55.446 | INFO     | __main__:ping_device:72 - GITHUB: status=1, sent=4, recv=4, rtt_avg=148 ms
2025-07-07 09:26:55.474 | INFO     | __main__:ping_device:72 - GOOGLE: status=1, sent=4, recv=4, rtt_avg=154 ms
2025-07-07 09:26:55.487 | INFO     | __main__:monitor_loop:126 - Persistidos 4 resultados de monitoramento.
2025-07-07 09:26:55.488 | INFO     | __main__:monitor_loop:134 - Tempo de execução do loop: 641.087 ms
==================================================
2025-07-07 09:27:24.852 | INFO     | __main__:monitor_loop:103 - Dispositivos carregados: 7
==================================================
2025-07-07 09:27:24.861 | INFO     | __main__:ping_device:72 - FER_24G: status=1, sent=4, recv=4, rtt_avg=1 ms
2025-07-07 09:27:24.916 | INFO     | __main__:ping_device:72 - CLOUDFLARE: status=1, sent=2, recv=2, rtt_avg=30 ms
2025-07-07 09:27:25.030 | INFO     | __main__:ping_device:72 - SAMSUNG_S22: status=1, sent=4, recv=4, rtt_avg=42 ms
2025-07-07 09:27:25.034 | INFO     | __main__:ping_device:72 - FACEBOOK: status=1, sent=4, recv=4, rtt_avg=44 ms
2025-07-07 09:27:25.277 | INFO     | __main__:ping_device:72 - WIKIPEDIA: status=1, sent=3, recv=3, rtt_avg=139 ms
2025-07-07 09:27:25.449 | INFO     | __main__:ping_device:72 - GITHUB: status=1, sent=4, recv=4, rtt_avg=148 ms
2025-07-07 09:27:25.471 | INFO     | __main__:ping_device:72 - GOOGLE: status=1, sent=4, recv=4, rtt_avg=153 ms
2025-07-07 09:27:25.500 | INFO     | __main__:monitor_loop:126 - Persistidos 7 resultados de monitoramento.
2025-07-07 09:27:25.501 | INFO     | __main__:monitor_loop:134 - Tempo de execução do loop: 652.244 ms
==================================================
2025-07-07 09:27:54.867 | INFO     | __main__:ping_device:72 - FER_24G: status=1, sent=4, recv=4, rtt_avg=2 ms
2025-07-07 09:27:55.452 | INFO     | __main__:ping_device:72 - GITHUB: status=1, sent=4, recv=4, rtt_avg=148 ms
2025-07-07 09:27:55.472 | INFO     | __main__:ping_device:72 - GOOGLE: status=1, sent=4, recv=4, rtt_avg=154 ms
2025-07-07 09:27:55.492 | INFO     | __main__:ping_device:72 - SAMSUNG_S22: status=1, sent=4, recv=4, rtt_avg=158 ms
2025-07-07 09:27:55.502 | INFO     | __main__:monitor_loop:126 - Persistidos 4 resultados de monitoramento.
2025-07-07 09:27:55.502 | INFO     | __main__:monitor_loop:134 - Tempo de execução do loop: 652.904 ms
==================================================
2025-07-07 09:28:24.857 | INFO     | __main__:ping_device:72 - FER_24G: status=1, sent=4, recv=4, rtt_avg=0 ms
2025-07-07 09:28:25.020 | INFO     | __main__:ping_device:72 - FACEBOOK: status=1, sent=4, recv=4, rtt_avg=41 ms
2025-07-07 09:28:25.267 | INFO     | __main__:ping_device:72 - WIKIPEDIA: status=1, sent=3, recv=3, rtt_avg=137 ms
2025-07-07 09:28:25.331 | INFO     | __main__:ping_device:72 - SAMSUNG_S22: status=1, sent=4, recv=4, rtt_avg=119 ms
2025-07-07 09:28:25.437 | INFO     | __main__:ping_device:72 - GITHUB: status=1, sent=4, recv=4, rtt_avg=146 ms
2025-07-07 09:28:25.467 | INFO     | __main__:ping_device:72 - GOOGLE: status=1, sent=4, recv=4, rtt_avg=153 ms
2025-07-07 09:28:25.472 | INFO     | __main__:monitor_loop:126 - Persistidos 6 resultados de monitoramento.
2025-07-07 09:28:25.472 | INFO     | __main__:monitor_loop:134 - Tempo de execução do loop: 622.084 ms
==================================================
2025-07-07 09:28:54.875 | INFO     | __main__:ping_device:72 - FER_24G: status=1, sent=4, recv=4, rtt_avg=3 ms
2025-07-07 09:28:54.913 | INFO     | __main__:ping_device:72 - CLOUDFLARE: status=1, sent=2, recv=2, rtt_avg=28 ms
2025-07-07 09:28:55.016 | INFO     | __main__:ping_device:72 - SAMSUNG_S22: status=1, sent=4, recv=4, rtt_avg=38 ms
2025-07-07 09:28:55.453 | INFO     | __main__:ping_device:72 - GITHUB: status=1, sent=4, recv=4, rtt_avg=148 ms
2025-07-07 09:28:55.484 | INFO     | __main__:ping_device:72 - GOOGLE: status=1, sent=4, recv=4, rtt_avg=156 ms
2025-07-07 09:28:55.499 | INFO     | __main__:monitor_loop:126 - Persistidos 5 resultados de monitoramento.
2025-07-07 09:28:55.500 | INFO     | __main__:monitor_loop:134 - Tempo de execução do loop: 648.661 ms
==================================================
2025-07-07 09:29:24.868 | INFO     | __main__:ping_device:72 - FER_24G: status=1, sent=4, recv=4, rtt_avg=1 ms
2025-07-07 09:29:24.888 | INFO     | __main__:ping_device:72 - SAMSUNG_S22: status=1, sent=4, recv=4, rtt_avg=6 ms
2025-07-07 09:29:25.034 | INFO     | __main__:ping_device:72 - FACEBOOK: status=1, sent=4, recv=4, rtt_avg=44 ms
2025-07-07 09:29:25.271 | INFO     | __main__:ping_device:72 - WIKIPEDIA: status=1, sent=3, recv=3, rtt_avg=137 ms
2025-07-07 09:29:25.447 | INFO     | __main__:ping_device:72 - GITHUB: status=1, sent=4, recv=4, rtt_avg=147 ms
2025-07-07 09:29:25.479 | INFO     | __main__:ping_device:72 - GOOGLE: status=1, sent=4, recv=4, rtt_avg=155 ms
2025-07-07 09:29:25.499 | INFO     | __main__:monitor_loop:126 - Persistidos 6 resultados de monitoramento.
2025-07-07 09:29:25.500 | INFO     | __main__:monitor_loop:134 - Tempo de execução do loop: 648.297 ms
==================================================
2025-07-07 09:29:54.870 | INFO     | __main__:ping_device:72 - FER_24G: status=1, sent=4, recv=4, rtt_avg=2 ms
2025-07-07 09:29:55.384 | INFO     | __main__:ping_device:72 - SAMSUNG_S22: status=1, sent=4, recv=4, rtt_avg=130 ms
2025-07-07 09:29:55.450 | INFO     | __main__:ping_device:72 - GITHUB: status=1, sent=4, recv=4, rtt_avg=148 ms
2025-07-07 09:29:55.480 | INFO     | __main__:ping_device:72 - GOOGLE: status=1, sent=4, recv=4, rtt_avg=155 ms
2025-07-07 09:29:55.485 | INFO     | __main__:monitor_loop:126 - Persistidos 4 resultados de monitoramento.
2025-07-07 09:29:55.485 | INFO     | __main__:monitor_loop:134 - Tempo de execução do loop: 632.559 ms
==================================================
2025-07-07 09:30:24.876 | INFO     | __main__:ping_device:72 - FER_24G: status=1, sent=4, recv=4, rtt_avg=2 ms
2025-07-07 09:30:24.917 | INFO     | __main__:ping_device:72 - CLOUDFLARE: status=1, sent=2, recv=2, rtt_avg=28 ms
2025-07-07 09:30:25.032 | INFO     | __main__:ping_device:72 - FACEBOOK: status=1, sent=4, recv=4, rtt_avg=43 ms
2025-07-07 09:30:25.279 | INFO     | __main__:ping_device:72 - WIKIPEDIA: status=1, sent=3, recv=3, rtt_avg=137 ms
2025-07-07 09:30:25.473 | INFO     | __main__:ping_device:72 - GITHUB: status=1, sent=4, recv=4, rtt_avg=152 ms
2025-07-07 09:30:25.475 | INFO     | __main__:ping_device:72 - GOOGLE: status=1, sent=4, recv=4, rtt_avg=154 ms
2025-07-07 09:30:25.525 | INFO     | __main__:ping_device:72 - SAMSUNG_S22: status=1, sent=4, recv=4, rtt_avg=163 ms
2025-07-07 09:30:25.552 | INFO     | __main__:monitor_loop:126 - Persistidos 7 resultados de monitoramento.
2025-07-07 09:30:25.553 | INFO     | __main__:monitor_loop:134 - Tempo de execução do loop: 699.519 ms
==================================================
2025-07-07 09:30:54.873 | INFO     | __main__:ping_device:72 - FER_24G: status=1, sent=4, recv=4, rtt_avg=2 ms
2025-07-07 09:30:55.274 | INFO     | __main__:ping_device:72 - SAMSUNG_S22: status=1, sent=4, recv=4, rtt_avg=102 ms
2025-07-07 09:30:55.455 | INFO     | __main__:ping_device:72 - GITHUB: status=1, sent=4, recv=4, rtt_avg=148 ms
2025-07-07 09:30:55.477 | INFO     | __main__:ping_device:72 - GOOGLE: status=1, sent=4, recv=4, rtt_avg=154 ms
2025-07-07 09:30:55.490 | INFO     | __main__:monitor_loop:126 - Persistidos 4 resultados de monitoramento.
2025-07-07 09:30:55.490 | INFO     | __main__:monitor_loop:134 - Tempo de execução do loop: 635.778 ms
==================================================
2025-07-07 09:31:24.866 | INFO     | __main__:ping_device:72 - FER_24G: status=1, sent=4, recv=4, rtt_avg=1 ms
2025-07-07 09:31:25.037 | INFO     | __main__:ping_device:72 - FACEBOOK: status=1, sent=4, recv=4, rtt_avg=44 ms
2025-07-07 09:31:25.273 | INFO     | __main__:ping_device:72 - WIKIPEDIA: status=1, sent=3, recv=3, rtt_avg=137 ms
2025-07-07 09:31:25.327 | INFO     | __main__:ping_device:72 - SAMSUNG_S22: status=1, sent=4, recv=4, rtt_avg=116 ms
2025-07-07 09:31:25.449 | INFO     | __main__:ping_device:72 - GITHUB: status=1, sent=4, recv=4, rtt_avg=147 ms
2025-07-07 09:31:25.470 | INFO     | __main__:ping_device:72 - GOOGLE: status=1, sent=4, recv=4, rtt_avg=152 ms
2025-07-07 09:31:25.474 | INFO     | __main__:monitor_loop:126 - Persistidos 6 resultados de monitoramento.
2025-07-07 09:31:25.475 | INFO     | __main__:monitor_loop:134 - Tempo de execução do loop: 619.445 ms
==================================================
2025-07-07 09:31:54.864 | INFO     | __main__:ping_device:72 - FER_24G: status=1, sent=4, recv=4, rtt_avg=1 ms
2025-07-07 09:31:54.918 | INFO     | __main__:ping_device:72 - CLOUDFLARE: status=1, sent=2, recv=2, rtt_avg=30 ms
2025-07-07 09:31:55.428 | INFO     | __main__:ping_device:72 - SAMSUNG_S22: status=1, sent=4, recv=4, rtt_avg=141 ms
2025-07-07 09:31:55.451 | INFO     | __main__:ping_device:72 - GITHUB: status=1, sent=4, recv=4, rtt_avg=148 ms
2025-07-07 09:31:55.476 | INFO     | __main__:ping_device:72 - GOOGLE: status=1, sent=4, recv=4, rtt_avg=154 ms
2025-07-07 09:31:55.488 | INFO     | __main__:monitor_loop:126 - Persistidos 5 resultados de monitoramento.
2025-07-07 09:31:55.488 | INFO     | __main__:monitor_loop:134 - Tempo de execução do loop: 632.068 ms
==================================================
2025-07-07 09:32:24.859 | INFO     | __main__:monitor_loop:103 - Dispositivos carregados: 7
==================================================
2025-07-07 09:32:24.865 | INFO     | __main__:ping_device:72 - FER_24G: status=1, sent=4, recv=4, rtt_avg=0 ms
2025-07-07 09:32:25.039 | INFO     | __main__:ping_device:72 - FACEBOOK: status=1, sent=4, recv=4, rtt_avg=44 ms
2025-07-07 09:32:25.067 | INFO     | __main__:ping_device:72 - SAMSUNG_S22: status=1, sent=4, recv=4, rtt_avg=50 ms
2025-07-07 09:32:25.276 | INFO     | __main__:ping_device:72 - WIKIPEDIA: status=1, sent=3, recv=3, rtt_avg=137 ms
2025-07-07 09:32:25.455 | INFO     | __main__:ping_device:72 - GITHUB: status=1, sent=4, recv=4, rtt_avg=147 ms
2025-07-07 09:32:25.476 | INFO     | __main__:ping_device:72 - GOOGLE: status=1, sent=4, recv=4, rtt_avg=153 ms
2025-07-07 09:32:25.506 | INFO     | __main__:monitor_loop:126 - Persistidos 6 resultados de monitoramento.
2025-07-07 09:32:25.507 | INFO     | __main__:monitor_loop:134 - Tempo de execução do loop: 650.642 ms
==================================================
2025-07-07 09:32:54.875 | INFO     | __main__:ping_device:72 - FER_24G: status=1, sent=4, recv=4, rtt_avg=2 ms
2025-07-07 09:32:55.453 | INFO     | __main__:ping_device:72 - GITHUB: status=1, sent=4, recv=4, rtt_avg=147 ms
2025-07-07 09:32:55.482 | INFO     | __main__:ping_device:72 - GOOGLE: status=1, sent=4, recv=4, rtt_avg=155 ms
2025-07-07 09:32:55.520 | INFO     | __main__:ping_device:72 - SAMSUNG_S22: status=1, sent=4, recv=4, rtt_avg=163 ms
2025-07-07 09:32:55.525 | INFO     | __main__:monitor_loop:126 - Persistidos 4 resultados de monitoramento.
2025-07-07 09:32:55.525 | INFO     | __main__:monitor_loop:134 - Tempo de execução do loop: 667.938 ms
==================================================
2025-07-07 09:33:24.867 | INFO     | __main__:ping_device:72 - FER_24G: status=1, sent=4, recv=4, rtt_avg=1 ms
2025-07-07 09:33:24.914 | INFO     | __main__:ping_device:72 - CLOUDFLARE: status=1, sent=2, recv=2, rtt_avg=26 ms
2025-07-07 09:33:25.031 | INFO     | __main__:ping_device:72 - FACEBOOK: status=1, sent=4, recv=4, rtt_avg=42 ms
2025-07-07 09:33:25.278 | INFO     | __main__:ping_device:72 - WIKIPEDIA: status=1, sent=3, recv=3, rtt_avg=139 ms
2025-07-07 09:33:25.365 | INFO     | __main__:ping_device:72 - SAMSUNG_S22: status=1, sent=4, recv=4, rtt_avg=125 ms
2025-07-07 09:33:25.456 | INFO     | __main__:ping_device:72 - GITHUB: status=1, sent=4, recv=4, rtt_avg=148 ms
2025-07-07 09:33:25.477 | INFO     | __main__:ping_device:72 - GOOGLE: status=1, sent=4, recv=4, rtt_avg=154 ms
2025-07-07 09:33:25.502 | INFO     | __main__:monitor_loop:126 - Persistidos 7 resultados de monitoramento.
2025-07-07 09:33:25.502 | INFO     | __main__:monitor_loop:134 - Tempo de execução do loop: 644.247 ms
==================================================
2025-07-07 09:33:54.877 | INFO     | __main__:ping_device:72 - FER_24G: status=1, sent=4, recv=4, rtt_avg=2 ms
2025-07-07 09:33:55.140 | INFO     | __main__:ping_device:72 - SAMSUNG_S22: status=1, sent=4, recv=4, rtt_avg=67 ms
2025-07-07 09:33:55.456 | INFO     | __main__:ping_device:72 - GITHUB: status=1, sent=4, recv=4, rtt_avg=147 ms
2025-07-07 09:33:55.481 | INFO     | __main__:ping_device:72 - GOOGLE: status=1, sent=4, recv=4, rtt_avg=154 ms
2025-07-07 09:33:55.486 | INFO     | __main__:monitor_loop:126 - Persistidos 4 resultados de monitoramento.
2025-07-07 09:33:55.486 | INFO     | __main__:monitor_loop:134 - Tempo de execução do loop: 627.021 ms
==================================================
2025-07-07 09:34:24.883 | INFO     | __main__:ping_device:72 - FER_24G: status=1, sent=4, recv=4, rtt_avg=2 ms
2025-07-07 09:34:25.044 | INFO     | __main__:ping_device:72 - FACEBOOK: status=1, sent=4, recv=4, rtt_avg=44 ms
2025-07-07 09:34:25.156 | INFO     | __main__:ping_device:72 - SAMSUNG_S22: status=1, sent=4, recv=4, rtt_avg=70 ms
2025-07-07 09:34:25.280 | INFO     | __main__:ping_device:72 - WIKIPEDIA: status=1, sent=3, recv=3, rtt_avg=137 ms
2025-07-07 09:34:25.461 | INFO     | __main__:ping_device:72 - GITHUB: status=1, sent=4, recv=4, rtt_avg=148 ms
2025-07-07 09:34:25.484 | INFO     | __main__:ping_device:72 - GOOGLE: status=1, sent=4, recv=4, rtt_avg=155 ms
2025-07-07 09:34:25.498 | INFO     | __main__:monitor_loop:126 - Persistidos 6 resultados de monitoramento.
2025-07-07 09:34:25.499 | INFO     | __main__:monitor_loop:134 - Tempo de execução do loop: 639.369 ms
==================================================
2025-07-07 09:34:54.868 | INFO     | __main__:ping_device:72 - FER_24G: status=1, sent=4, recv=4, rtt_avg=1 ms
2025-07-07 09:34:54.920 | INFO     | __main__:ping_device:72 - CLOUDFLARE: status=1, sent=2, recv=2, rtt_avg=29 ms
2025-07-07 09:34:55.296 | INFO     | __main__:ping_device:72 - SAMSUNG_S22: status=1, sent=4, recv=4, rtt_avg=107 ms
2025-07-07 09:34:55.458 | INFO     | __main__:ping_device:72 - GITHUB: status=1, sent=4, recv=4, rtt_avg=148 ms
2025-07-07 09:34:55.484 | INFO     | __main__:ping_device:72 - GOOGLE: status=1, sent=4, recv=4, rtt_avg=155 ms
2025-07-07 09:34:55.512 | INFO     | __main__:monitor_loop:126 - Persistidos 5 resultados de monitoramento.
2025-07-07 09:34:55.513 | INFO     | __main__:monitor_loop:134 - Tempo de execução do loop: 653.565 ms
==================================================
2025-07-07 09:35:24.889 | INFO     | __main__:ping_device:72 - FER_24G: status=1, sent=4, recv=4, rtt_avg=3 ms
2025-07-07 09:35:25.046 | INFO     | __main__:ping_device:72 - FACEBOOK: status=1, sent=4, recv=4, rtt_avg=44 ms
2025-07-07 09:35:25.254 | INFO     | __main__:ping_device:72 - SAMSUNG_S22: status=1, sent=4, recv=4, rtt_avg=94 ms
2025-07-07 09:35:25.280 | INFO     | __main__:ping_device:72 - WIKIPEDIA: status=1, sent=3, recv=3, rtt_avg=136 ms
2025-07-07 09:35:25.463 | INFO     | __main__:ping_device:72 - GITHUB: status=1, sent=4, recv=4, rtt_avg=148 ms
2025-07-07 09:35:25.490 | INFO     | __main__:ping_device:72 - GOOGLE: status=1, sent=4, recv=4, rtt_avg=155 ms
2025-07-07 09:35:25.518 | INFO     | __main__:monitor_loop:126 - Persistidos 6 resultados de monitoramento.
2025-07-07 09:35:25.519 | INFO     | __main__:monitor_loop:134 - Tempo de execução do loop: 657.795 ms
==================================================
2025-07-07 09:35:54.882 | INFO     | __main__:ping_device:72 - FER_24G: status=1, sent=4, recv=4, rtt_avg=2 ms
2025-07-07 09:35:55.460 | INFO     | __main__:ping_device:72 - GITHUB: status=1, sent=4, recv=4, rtt_avg=147 ms
2025-07-07 09:35:55.482 | INFO     | __main__:ping_device:72 - SAMSUNG_S22: status=1, sent=4, recv=4, rtt_avg=152 ms
2025-07-07 09:35:55.486 | INFO     | __main__:ping_device:72 - GOOGLE: status=1, sent=4, recv=4, rtt_avg=154 ms
2025-07-07 09:35:55.502 | INFO     | __main__:monitor_loop:126 - Persistidos 4 resultados de monitoramento.
2025-07-07 09:35:55.503 | INFO     | __main__:monitor_loop:134 - Tempo de execução do loop: 640.139 ms
==================================================
2025-07-07 09:36:24.889 | INFO     | __main__:ping_device:72 - FER_24G: status=1, sent=4, recv=4, rtt_avg=2 ms
2025-07-07 09:36:24.930 | INFO     | __main__:ping_device:72 - CLOUDFLARE: status=1, sent=2, recv=2, rtt_avg=29 ms
2025-07-07 09:36:25.051 | INFO     | __main__:ping_device:72 - FACEBOOK: status=1, sent=4, recv=4, rtt_avg=45 ms
2025-07-07 09:36:25.069 | INFO     | __main__:ping_device:72 - SAMSUNG_S22: status=1, sent=4, recv=4, rtt_avg=47 ms
2025-07-07 09:36:25.291 | INFO     | __main__:ping_device:72 - WIKIPEDIA: status=1, sent=3, recv=3, rtt_avg=138 ms
2025-07-07 09:36:25.469 | INFO     | __main__:ping_device:72 - GITHUB: status=1, sent=4, recv=4, rtt_avg=148 ms
2025-07-07 09:36:25.489 | INFO     | __main__:ping_device:72 - GOOGLE: status=1, sent=4, recv=4, rtt_avg=154 ms
2025-07-07 09:36:25.511 | INFO     | __main__:monitor_loop:126 - Persistidos 7 resultados de monitoramento.
2025-07-07 09:36:25.512 | INFO     | __main__:monitor_loop:134 - Tempo de execução do loop: 648.034 ms
==================================================
2025-07-07 09:36:54.881 | INFO     | __main__:ping_device:72 - FER_24G: status=1, sent=4, recv=4, rtt_avg=1 ms
2025-07-07 09:36:55.435 | INFO     | __main__:ping_device:72 - SAMSUNG_S22: status=1, sent=4, recv=4, rtt_avg=139 ms
2025-07-07 09:36:55.464 | INFO     | __main__:ping_device:72 - GITHUB: status=1, sent=4, recv=4, rtt_avg=148 ms
2025-07-07 09:36:55.486 | INFO     | __main__:ping_device:72 - GOOGLE: status=1, sent=4, recv=4, rtt_avg=153 ms
2025-07-07 09:36:55.503 | INFO     | __main__:monitor_loop:126 - Persistidos 4 resultados de monitoramento.
2025-07-07 09:36:55.504 | INFO     | __main__:monitor_loop:134 - Tempo de execução do loop: 638.547 ms
==================================================
2025-07-07 09:37:24.877 | INFO     | __main__:monitor_loop:103 - Dispositivos carregados: 7
==================================================
2025-07-07 09:37:24.901 | INFO     | __main__:ping_device:72 - FER_24G: status=1, sent=4, recv=4, rtt_avg=2 ms
2025-07-07 09:37:25.061 | INFO     | __main__:ping_device:72 - FACEBOOK: status=1, sent=4, recv=4, rtt_avg=44 ms
2025-07-07 09:37:25.317 | INFO     | __main__:ping_device:72 - WIKIPEDIA: status=1, sent=3, recv=3, rtt_avg=142 ms
2025-07-07 09:37:25.360 | INFO     | __main__:ping_device:72 - SAMSUNG_S22: status=1, sent=4, recv=4, rtt_avg=117 ms
2025-07-07 09:37:25.478 | INFO     | __main__:ping_device:72 - GITHUB: status=1, sent=4, recv=4, rtt_avg=147 ms
2025-07-07 09:37:25.509 | INFO     | __main__:ping_device:72 - GOOGLE: status=1, sent=4, recv=4, rtt_avg=156 ms
2025-07-07 09:37:25.520 | INFO     | __main__:monitor_loop:126 - Persistidos 6 resultados de monitoramento.
2025-07-07 09:37:25.520 | INFO     | __main__:monitor_loop:134 - Tempo de execução do loop: 654.671 ms
==================================================
2025-07-07 09:37:54.885 | INFO     | __main__:ping_device:72 - FER_24G: status=1, sent=4, recv=4, rtt_avg=2 ms
2025-07-07 09:37:54.931 | INFO     | __main__:ping_device:72 - CLOUDFLARE: status=1, sent=2, recv=2, rtt_avg=29 ms
2025-07-07 09:37:55.000 | INFO     | __main__:ping_device:72 - SAMSUNG_S22: status=1, sent=4, recv=4, rtt_avg=30 ms
2025-07-07 09:37:55.466 | INFO     | __main__:ping_device:72 - GITHUB: status=1, sent=4, recv=4, rtt_avg=148 ms
2025-07-07 09:37:55.492 | INFO     | __main__:ping_device:72 - GOOGLE: status=1, sent=4, recv=4, rtt_avg=155 ms
2025-07-07 09:37:55.510 | INFO     | __main__:monitor_loop:126 - Persistidos 5 resultados de monitoramento.
2025-07-07 09:37:55.511 | INFO     | __main__:monitor_loop:134 - Tempo de execução do loop: 644.410 ms
==================================================
2025-07-07 09:38:24.888 | INFO     | __main__:ping_device:72 - FER_24G: status=1, sent=4, recv=4, rtt_avg=2 ms
2025-07-07 09:38:25.054 | INFO     | __main__:ping_device:72 - FACEBOOK: status=1, sent=4, recv=4, rtt_avg=44 ms
2025-07-07 09:38:25.063 | INFO     | __main__:ping_device:72 - SAMSUNG_S22: status=1, sent=4, recv=4, rtt_avg=45 ms
2025-07-07 09:38:25.300 | INFO     | __main__:ping_device:72 - WIKIPEDIA: status=1, sent=3, recv=3, rtt_avg=141 ms
2025-07-07 09:38:25.465 | INFO     | __main__:ping_device:72 - GITHUB: status=1, sent=4, recv=4, rtt_avg=147 ms
2025-07-07 09:38:25.494 | INFO     | __main__:ping_device:72 - GOOGLE: status=1, sent=4, recv=4, rtt_avg=155 ms
2025-07-07 09:38:25.521 | INFO     | __main__:monitor_loop:126 - Persistidos 6 resultados de monitoramento.
2025-07-07 09:38:25.522 | INFO     | __main__:monitor_loop:134 - Tempo de execução do loop: 653.634 ms
==================================================
2025-07-07 09:38:54.883 | INFO     | __main__:ping_device:72 - FER_24G: status=1, sent=4, recv=4, rtt_avg=2 ms
2025-07-07 09:38:55.223 | INFO     | __main__:ping_device:72 - SAMSUNG_S22: status=1, sent=4, recv=4, rtt_avg=86 ms
2025-07-07 09:38:55.469 | INFO     | __main__:ping_device:72 - GITHUB: status=1, sent=4, recv=4, rtt_avg=148 ms
2025-07-07 09:38:55.498 | INFO     | __main__:ping_device:72 - GOOGLE: status=1, sent=4, recv=4, rtt_avg=156 ms
2025-07-07 09:38:55.524 | INFO     | __main__:monitor_loop:126 - Persistidos 4 resultados de monitoramento.
2025-07-07 09:38:55.525 | INFO     | __main__:monitor_loop:134 - Tempo de execução do loop: 656.270 ms
==================================================
2025-07-07 09:39:24.892 | INFO     | __main__:ping_device:72 - FER_24G: status=1, sent=4, recv=4, rtt_avg=2 ms
2025-07-07 09:39:24.933 | INFO     | __main__:ping_device:72 - CLOUDFLARE: status=1, sent=2, recv=2, rtt_avg=29 ms
2025-07-07 09:39:25.056 | INFO     | __main__:ping_device:72 - FACEBOOK: status=1, sent=4, recv=4, rtt_avg=45 ms
2025-07-07 09:39:25.086 | INFO     | __main__:ping_device:72 - SAMSUNG_S22: status=1, sent=4, recv=4, rtt_avg=50 ms
2025-07-07 09:39:25.295 | INFO     | __main__:ping_device:72 - WIKIPEDIA: status=1, sent=3, recv=3, rtt_avg=138 ms
2025-07-07 09:39:25.475 | INFO     | __main__:ping_device:72 - GITHUB: status=1, sent=4, recv=4, rtt_avg=149 ms
2025-07-07 09:39:25.490 | INFO     | __main__:ping_device:72 - GOOGLE: status=1, sent=4, recv=4, rtt_avg=154 ms
2025-07-07 09:39:25.508 | INFO     | __main__:monitor_loop:126 - Persistidos 7 resultados de monitoramento.
2025-07-07 09:39:25.509 | INFO     | __main__:monitor_loop:134 - Tempo de execução do loop: 639.171 ms
==================================================
2025-07-07 09:39:54.880 | INFO     | __main__:ping_device:72 - FER_24G: status=1, sent=4, recv=4, rtt_avg=1 ms
2025-07-07 09:39:55.477 | INFO     | __main__:ping_device:72 - GITHUB: status=1, sent=4, recv=4, rtt_avg=150 ms
2025-07-07 09:39:55.485 | INFO     | __main__:ping_device:72 - SAMSUNG_S22: status=1, sent=4, recv=4, rtt_avg=151 ms
2025-07-07 09:39:55.503 | INFO     | __main__:ping_device:72 - GOOGLE: status=1, sent=4, recv=4, rtt_avg=157 ms
2025-07-07 09:39:55.520 | INFO     | __main__:monitor_loop:126 - Persistidos 4 resultados de monitoramento.
2025-07-07 09:39:55.521 | INFO     | __main__:monitor_loop:134 - Tempo de execução do loop: 650.315 ms
==================================================
2025-07-07 09:40:24.898 | INFO     | __main__:ping_device:72 - FER_24G: status=1, sent=4, recv=4, rtt_avg=3 ms
2025-07-07 09:40:25.067 | INFO     | __main__:ping_device:72 - FACEBOOK: status=1, sent=4, recv=4, rtt_avg=47 ms
2025-07-07 09:40:25.284 | INFO     | __main__:ping_device:72 - SAMSUNG_S22: status=1, sent=4, recv=4, rtt_avg=99 ms
2025-07-07 09:40:25.291 | INFO     | __main__:ping_device:72 - WIKIPEDIA: status=1, sent=3, recv=3, rtt_avg=136 ms
2025-07-07 09:40:25.478 | INFO     | __main__:ping_device:72 - GITHUB: status=1, sent=4, recv=4, rtt_avg=149 ms
2025-07-07 09:40:25.504 | INFO     | __main__:ping_device:72 - GOOGLE: status=1, sent=4, recv=4, rtt_avg=156 ms
2025-07-07 09:40:25.522 | INFO     | __main__:monitor_loop:126 - Persistidos 6 resultados de monitoramento.
2025-07-07 09:40:25.522 | INFO     | __main__:monitor_loop:134 - Tempo de execução do loop: 650.094 ms
==================================================
2025-07-07 09:40:54.886 | INFO     | __main__:ping_device:72 - FER_24G: status=1, sent=4, recv=4, rtt_avg=1 ms
2025-07-07 09:40:54.931 | INFO     | __main__:ping_device:72 - CLOUDFLARE: status=1, sent=2, recv=2, rtt_avg=27 ms
2025-07-07 09:40:55.141 | INFO     | __main__:ping_device:72 - SAMSUNG_S22: status=1, sent=4, recv=4, rtt_avg=64 ms
2025-07-07 09:40:55.471 | INFO     | __main__:ping_device:72 - GITHUB: status=1, sent=4, recv=4, rtt_avg=147 ms
2025-07-07 09:40:55.494 | INFO     | __main__:ping_device:72 - GOOGLE: status=1, sent=4, recv=4, rtt_avg=154 ms
2025-07-07 09:40:55.512 | INFO     | __main__:monitor_loop:126 - Persistidos 5 resultados de monitoramento.
2025-07-07 09:40:55.513 | INFO     | __main__:monitor_loop:134 - Tempo de execução do loop: 638.749 ms
==================================================
2025-07-07 09:41:24.899 | INFO     | __main__:ping_device:72 - FER_24G: status=1, sent=4, recv=4, rtt_avg=3 ms
2025-07-07 09:41:25.063 | INFO     | __main__:ping_device:72 - FACEBOOK: status=1, sent=4, recv=4, rtt_avg=45 ms
2025-07-07 09:41:25.298 | INFO     | __main__:ping_device:72 - WIKIPEDIA: status=1, sent=3, recv=3, rtt_avg=137 ms
2025-07-07 09:41:25.325 | INFO     | __main__:ping_device:72 - SAMSUNG_S22: status=1, sent=4, recv=4, rtt_avg=108 ms
2025-07-07 09:41:25.475 | INFO     | __main__:ping_device:72 - GITHUB: status=1, sent=4, recv=4, rtt_avg=148 ms
2025-07-07 09:41:25.495 | INFO     | __main__:ping_device:72 - GOOGLE: status=1, sent=4, recv=4, rtt_avg=153 ms
2025-07-07 09:41:25.513 | INFO     | __main__:monitor_loop:126 - Persistidos 6 resultados de monitoramento.
2025-07-07 09:41:25.514 | INFO     | __main__:monitor_loop:134 - Tempo de execução do loop: 638.903 ms
==================================================
2025-07-07 09:41:54.884 | INFO     | __main__:ping_device:72 - FER_24G: status=1, sent=4, recv=4, rtt_avg=1 ms
2025-07-07 09:41:55.141 | INFO     | __main__:ping_device:72 - SAMSUNG_S22: status=1, sent=4, recv=4, rtt_avg=64 ms
2025-07-07 09:41:55.474 | INFO     | __main__:ping_device:72 - GITHUB: status=1, sent=4, recv=4, rtt_avg=148 ms
2025-07-07 09:41:55.508 | INFO     | __main__:ping_device:72 - GOOGLE: status=1, sent=4, recv=4, rtt_avg=157 ms
2025-07-07 09:41:55.513 | INFO     | __main__:monitor_loop:126 - Persistidos 4 resultados de monitoramento.
2025-07-07 09:41:55.513 | INFO     | __main__:monitor_loop:134 - Tempo de execução do loop: 636.910 ms
==================================================
2025-07-07 09:42:24.889 | INFO     | __main__:monitor_loop:103 - Dispositivos carregados: 7
==================================================
2025-07-07 09:42:24.911 | INFO     | __main__:ping_device:72 - FER_24G: status=1, sent=4, recv=4, rtt_avg=2 ms
2025-07-07 09:42:24.959 | INFO     | __main__:ping_device:72 - CLOUDFLARE: status=1, sent=2, recv=2, rtt_avg=31 ms
2025-07-07 09:42:25.072 | INFO     | __main__:ping_device:72 - SAMSUNG_S22: status=1, sent=4, recv=4, rtt_avg=41 ms
2025-07-07 09:42:25.077 | INFO     | __main__:ping_device:72 - FACEBOOK: status=1, sent=4, recv=4, rtt_avg=45 ms
2025-07-07 09:42:25.318 | INFO     | __main__:ping_device:72 - WIKIPEDIA: status=1, sent=3, recv=3, rtt_avg=138 ms
2025-07-07 09:42:25.489 | INFO     | __main__:ping_device:72 - GITHUB: status=1, sent=4, recv=4, rtt_avg=147 ms
2025-07-07 09:42:25.518 | INFO     | __main__:ping_device:72 - GOOGLE: status=1, sent=4, recv=4, rtt_avg=155 ms
2025-07-07 09:42:25.533 | INFO     | __main__:monitor_loop:126 - Persistidos 7 resultados de monitoramento.
2025-07-07 09:42:25.533 | INFO     | __main__:monitor_loop:134 - Tempo de execução do loop: 655.607 ms
==================================================
2025-07-07 09:42:54.889 | INFO     | __main__:ping_device:72 - FER_24G: status=1, sent=4, recv=4, rtt_avg=1 ms
2025-07-07 09:42:55.051 | INFO     | __main__:ping_device:72 - SAMSUNG_S22: status=1, sent=4, recv=4, rtt_avg=41 ms
2025-07-07 09:42:55.479 | INFO     | __main__:ping_device:72 - GITHUB: status=1, sent=4, recv=4, rtt_avg=149 ms
2025-07-07 09:42:55.503 | INFO     | __main__:ping_device:72 - GOOGLE: status=1, sent=4, recv=4, rtt_avg=155 ms
2025-07-07 09:42:55.508 | INFO     | __main__:monitor_loop:126 - Persistidos 4 resultados de monitoramento.
2025-07-07 09:42:55.508 | INFO     | __main__:monitor_loop:134 - Tempo de execução do loop: 630.175 ms
==================================================
2025-07-07 09:43:24.902 | INFO     | __main__:ping_device:72 - FER_24G: status=1, sent=4, recv=4, rtt_avg=2 ms
2025-07-07 09:43:25.070 | INFO     | __main__:ping_device:72 - FACEBOOK: status=1, sent=4, recv=4, rtt_avg=45 ms
2025-07-07 09:43:25.137 | INFO     | __main__:ping_device:72 - SAMSUNG_S22: status=1, sent=4, recv=4, rtt_avg=60 ms
2025-07-07 09:43:25.299 | INFO     | __main__:ping_device:72 - WIKIPEDIA: status=1, sent=3, recv=3, rtt_avg=136 ms
2025-07-07 09:43:25.481 | INFO     | __main__:ping_device:72 - GITHUB: status=1, sent=4, recv=4, rtt_avg=148 ms
2025-07-07 09:43:25.514 | INFO     | __main__:ping_device:72 - GOOGLE: status=1, sent=4, recv=4, rtt_avg=157 ms
2025-07-07 09:43:25.535 | INFO     | __main__:monitor_loop:126 - Persistidos 6 resultados de monitoramento.
2025-07-07 09:43:25.535 | INFO     | __main__:monitor_loop:134 - Tempo de execução do loop: 656.631 ms
==================================================
2025-07-07 09:43:54.888 | INFO     | __main__:ping_device:72 - FER_24G: status=1, sent=4, recv=4, rtt_avg=1 ms
2025-07-07 09:43:54.941 | INFO     | __main__:ping_device:72 - CLOUDFLARE: status=1, sent=2, recv=2, rtt_avg=30 ms
2025-07-07 09:43:54.998 | INFO     | __main__:ping_device:72 - SAMSUNG_S22: status=1, sent=4, recv=4, rtt_avg=28 ms
2025-07-07 09:43:55.481 | INFO     | __main__:ping_device:72 - GITHUB: status=1, sent=4, recv=4, rtt_avg=149 ms
2025-07-07 09:43:55.496 | INFO     | __main__:ping_device:72 - GOOGLE: status=1, sent=4, recv=4, rtt_avg=153 ms
2025-07-07 09:43:55.512 | INFO     | __main__:monitor_loop:126 - Persistidos 5 resultados de monitoramento.
2025-07-07 09:43:55.513 | INFO     | __main__:monitor_loop:134 - Tempo de execução do loop: 633.157 ms
==================================================
2025-07-07 09:44:24.908 | INFO     | __main__:ping_device:72 - FER_24G: status=1, sent=4, recv=4, rtt_avg=3 ms
2025-07-07 09:44:25.058 | INFO     | __main__:ping_device:72 - SAMSUNG_S22: status=1, sent=4, recv=4, rtt_avg=40 ms
2025-07-07 09:44:25.067 | INFO     | __main__:ping_device:72 - FACEBOOK: status=1, sent=4, recv=4, rtt_avg=45 ms
2025-07-07 09:44:25.303 | INFO     | __main__:ping_device:72 - WIKIPEDIA: status=1, sent=3, recv=3, rtt_avg=137 ms
2025-07-07 09:44:25.490 | INFO     | __main__:ping_device:72 - GITHUB: status=1, sent=4, recv=4, rtt_avg=150 ms
2025-07-07 09:44:25.501 | INFO     | __main__:ping_device:72 - GOOGLE: status=1, sent=4, recv=4, rtt_avg=153 ms
2025-07-07 09:44:25.519 | INFO     | __main__:monitor_loop:126 - Persistidos 6 resultados de monitoramento.
2025-07-07 09:44:25.519 | INFO     | __main__:monitor_loop:134 - Tempo de execução do loop: 639.431 ms
==================================================
2025-07-07 09:44:54.889 | INFO     | __main__:ping_device:72 - FER_24G: status=1, sent=4, recv=4, rtt_avg=1 ms
2025-07-07 09:44:55.004 | INFO     | __main__:ping_device:72 - SAMSUNG_S22: status=1, sent=4, recv=4, rtt_avg=29 ms
2025-07-07 09:44:55.476 | INFO     | __main__:ping_device:72 - GITHUB: status=1, sent=4, recv=4, rtt_avg=147 ms
2025-07-07 09:44:55.498 | INFO     | __main__:ping_device:72 - GOOGLE: status=1, sent=4, recv=4, rtt_avg=153 ms
2025-07-07 09:44:55.516 | INFO     | __main__:monitor_loop:126 - Persistidos 4 resultados de monitoramento.
2025-07-07 09:44:55.517 | INFO     | __main__:monitor_loop:134 - Tempo de execução do loop: 635.902 ms
==================================================
2025-07-07 09:45:24.895 | INFO     | __main__:ping_device:72 - FER_24G: status=1, sent=4, recv=4, rtt_avg=1 ms
2025-07-07 09:45:24.944 | INFO     | __main__:ping_device:72 - CLOUDFLARE: status=1, sent=2, recv=2, rtt_avg=29 ms
2025-07-07 09:45:25.064 | INFO     | __main__:ping_device:72 - FACEBOOK: status=1, sent=4, recv=4, rtt_avg=44 ms
2025-07-07 09:45:25.114 | INFO     | __main__:ping_device:72 - SAMSUNG_S22: status=1, sent=4, recv=4, rtt_avg=55 ms
2025-07-07 09:45:25.299 | INFO     | __main__:ping_device:72 - WIKIPEDIA: status=1, sent=3, recv=3, rtt_avg=136 ms
2025-07-07 09:45:25.483 | INFO     | __main__:ping_device:72 - GITHUB: status=1, sent=4, recv=4, rtt_avg=148 ms
2025-07-07 09:45:25.505 | INFO     | __main__:ping_device:72 - GOOGLE: status=1, sent=4, recv=4, rtt_avg=154 ms
2025-07-07 09:45:25.528 | INFO     | __main__:monitor_loop:126 - Persistidos 7 resultados de monitoramento.
2025-07-07 09:45:25.529 | INFO     | __main__:monitor_loop:134 - Tempo de execução do loop: 646.346 ms
==================================================
2025-07-07 09:45:54.891 | INFO     | __main__:ping_device:72 - FER_24G: status=1, sent=4, recv=4, rtt_avg=1 ms
2025-07-07 09:45:55.044 | INFO     | __main__:ping_device:72 - SAMSUNG_S22: status=1, sent=4, recv=4, rtt_avg=38 ms
2025-07-07 09:45:55.475 | INFO     | __main__:ping_device:72 - GITHUB: status=1, sent=4, recv=4, rtt_avg=146 ms
2025-07-07 09:45:55.501 | INFO     | __main__:ping_device:72 - GOOGLE: status=1, sent=4, recv=4, rtt_avg=153 ms
2025-07-07 09:45:55.518 | INFO     | __main__:monitor_loop:126 - Persistidos 4 resultados de monitoramento.
2025-07-07 09:45:55.519 | INFO     | __main__:monitor_loop:134 - Tempo de execução do loop: 635.528 ms
==================================================
2025-07-07 09:46:24.916 | INFO     | __main__:ping_device:72 - FER_24G: status=1, sent=4, recv=4, rtt_avg=4 ms
2025-07-07 09:46:25.065 | INFO     | __main__:ping_device:72 - FACEBOOK: status=1, sent=4, recv=4, rtt_avg=43 ms
2025-07-07 09:46:25.304 | INFO     | __main__:ping_device:72 - WIKIPEDIA: status=1, sent=3, recv=3, rtt_avg=136 ms
2025-07-07 09:46:25.483 | INFO     | __main__:ping_device:72 - GITHUB: status=1, sent=4, recv=4, rtt_avg=147 ms
2025-07-07 09:46:25.485 | INFO     | __main__:ping_device:72 - SAMSUNG_S22: status=1, sent=4, recv=4, rtt_avg=147 ms
2025-07-07 09:46:25.507 | INFO     | __main__:ping_device:72 - GOOGLE: status=1, sent=4, recv=4, rtt_avg=154 ms
2025-07-07 09:46:25.513 | INFO     | __main__:monitor_loop:126 - Persistidos 6 resultados de monitoramento.
2025-07-07 09:46:25.513 | INFO     | __main__:monitor_loop:134 - Tempo de execução do loop: 628.749 ms
==================================================
2025-07-07 09:46:54.907 | INFO     | __main__:ping_device:72 - FER_24G: status=1, sent=4, recv=4, rtt_avg=2 ms
2025-07-07 09:46:54.942 | INFO     | __main__:ping_device:72 - CLOUDFLARE: status=1, sent=2, recv=2, rtt_avg=26 ms
2025-07-07 09:46:55.327 | INFO     | __main__:ping_device:72 - SAMSUNG_S22: status=1, sent=4, recv=4, rtt_avg=107 ms
2025-07-07 09:46:55.482 | INFO     | __main__:ping_device:72 - GITHUB: status=1, sent=4, recv=4, rtt_avg=147 ms
2025-07-07 09:46:55.515 | INFO     | __main__:ping_device:72 - GOOGLE: status=1, sent=4, recv=4, rtt_avg=156 ms
2025-07-07 09:46:55.521 | INFO     | __main__:monitor_loop:126 - Persistidos 5 resultados de monitoramento.
2025-07-07 09:46:55.521 | INFO     | __main__:monitor_loop:134 - Tempo de execução do loop: 636.298 ms
==================================================
2025-07-07 09:47:24.898 | INFO     | __main__:monitor_loop:103 - Dispositivos carregados: 7
==================================================
2025-07-07 09:47:24.918 | INFO     | __main__:ping_device:72 - FER_24G: status=1, sent=4, recv=4, rtt_avg=3 ms
2025-07-07 09:47:25.077 | INFO     | __main__:ping_device:72 - FACEBOOK: status=1, sent=4, recv=4, rtt_avg=43 ms
2025-07-07 09:47:25.318 | INFO     | __main__:ping_device:72 - WIKIPEDIA: status=1, sent=3, recv=3, rtt_avg=137 ms
2025-07-07 09:47:25.318 | INFO     | __main__:ping_device:72 - SAMSUNG_S22: status=1, sent=4, recv=4, rtt_avg=102 ms
2025-07-07 09:47:25.499 | INFO     | __main__:ping_device:72 - GITHUB: status=1, sent=4, recv=4, rtt_avg=148 ms
2025-07-07 09:47:25.520 | INFO     | __main__:ping_device:72 - GOOGLE: status=1, sent=4, recv=4, rtt_avg=154 ms
2025-07-07 09:47:25.526 | INFO     | __main__:monitor_loop:126 - Persistidos 6 resultados de monitoramento.
2025-07-07 09:47:25.526 | INFO     | __main__:monitor_loop:134 - Tempo de execução do loop: 640.542 ms
==================================================
2025-07-07 09:47:54.909 | INFO     | __main__:ping_device:72 - FER_24G: status=1, sent=4, recv=4, rtt_avg=3 ms
2025-07-07 09:47:54.920 | INFO     | __main__:ping_device:72 - SAMSUNG_S22: status=1, sent=4, recv=4, rtt_avg=5 ms
2025-07-07 09:47:55.492 | INFO     | __main__:ping_device:72 - GITHUB: status=1, sent=4, recv=4, rtt_avg=149 ms
2025-07-07 09:47:55.511 | INFO     | __main__:ping_device:72 - GOOGLE: status=1, sent=4, recv=4, rtt_avg=154 ms
2025-07-07 09:47:55.528 | INFO     | __main__:monitor_loop:126 - Persistidos 4 resultados de monitoramento.
2025-07-07 09:47:55.529 | INFO     | __main__:monitor_loop:134 - Tempo de execução do loop: 642.658 ms
==================================================
2025-07-07 09:48:24.910 | INFO     | __main__:ping_device:72 - FER_24G: status=1, sent=4, recv=4, rtt_avg=2 ms
2025-07-07 09:48:24.955 | INFO     | __main__:ping_device:72 - CLOUDFLARE: status=1, sent=2, recv=2, rtt_avg=29 ms
2025-07-07 09:48:25.029 | INFO     | __main__:ping_device:72 - SAMSUNG_S22: status=1, sent=4, recv=4, rtt_avg=31 ms
2025-07-07 09:48:25.064 | INFO     | __main__:ping_device:72 - FACEBOOK: status=1, sent=4, recv=4, rtt_avg=42 ms
2025-07-07 09:48:25.310 | INFO     | __main__:ping_device:72 - WIKIPEDIA: status=1, sent=3, recv=3, rtt_avg=136 ms
2025-07-07 09:48:25.489 | INFO     | __main__:ping_device:72 - GITHUB: status=1, sent=4, recv=4, rtt_avg=147 ms
2025-07-07 09:48:25.514 | INFO     | __main__:ping_device:72 - GOOGLE: status=1, sent=4, recv=4, rtt_avg=155 ms
2025-07-07 09:48:25.537 | INFO     | __main__:monitor_loop:126 - Persistidos 7 resultados de monitoramento.
2025-07-07 09:48:25.538 | INFO     | __main__:monitor_loop:134 - Tempo de execução do loop: 649.532 ms
==================================================
2025-07-07 09:48:54.908 | INFO     | __main__:ping_device:72 - FER_24G: status=1, sent=4, recv=4, rtt_avg=2 ms
2025-07-07 09:48:55.132 | INFO     | __main__:ping_device:72 - SAMSUNG_S22: status=1, sent=4, recv=4, rtt_avg=58 ms
2025-07-07 09:48:55.488 | INFO     | __main__:ping_device:72 - GITHUB: status=1, sent=4, recv=4, rtt_avg=148 ms
2025-07-07 09:48:55.509 | INFO     | __main__:ping_device:72 - GOOGLE: status=1, sent=4, recv=4, rtt_avg=154 ms
2025-07-07 09:48:55.514 | INFO     | __main__:monitor_loop:126 - Persistidos 4 resultados de monitoramento.
2025-07-07 09:48:55.514 | INFO     | __main__:monitor_loop:134 - Tempo de execução do loop: 625.167 ms
==================================================
2025-07-07 09:49:24.899 | INFO     | __main__:ping_device:72 - FER_24G: status=1, sent=4, recv=4, rtt_avg=1 ms
2025-07-07 09:49:25.067 | INFO     | __main__:ping_device:72 - FACEBOOK: status=1, sent=4, recv=4, rtt_avg=43 ms
2025-07-07 09:49:25.296 | INFO     | __main__:ping_device:72 - SAMSUNG_S22: status=1, sent=4, recv=4, rtt_avg=100 ms
2025-07-07 09:49:25.304 | INFO     | __main__:ping_device:72 - WIKIPEDIA: status=1, sent=3, recv=3, rtt_avg=136 ms
2025-07-07 09:49:25.479 | INFO     | __main__:ping_device:72 - GITHUB: status=1, sent=4, recv=4, rtt_avg=146 ms
2025-07-07 09:49:25.506 | INFO     | __main__:ping_device:72 - GOOGLE: status=1, sent=4, recv=4, rtt_avg=153 ms
2025-07-07 09:49:25.521 | INFO     | __main__:monitor_loop:126 - Persistidos 6 resultados de monitoramento.
2025-07-07 09:49:25.522 | INFO     | __main__:monitor_loop:134 - Tempo de execução do loop: 631.975 ms
==================================================
2025-07-07 09:49:54.911 | INFO     | __main__:ping_device:72 - FER_24G: status=1, sent=4, recv=4, rtt_avg=2 ms
2025-07-07 09:49:54.956 | INFO     | __main__:ping_device:72 - CLOUDFLARE: status=1, sent=2, recv=2, rtt_avg=30 ms
2025-07-07 09:49:55.330 | INFO     | __main__:ping_device:72 - SAMSUNG_S22: status=1, sent=4, recv=4, rtt_avg=106 ms
2025-07-07 09:49:55.494 | INFO     | __main__:ping_device:72 - GITHUB: status=1, sent=4, recv=4, rtt_avg=148 ms
2025-07-07 09:49:55.515 | INFO     | __main__:ping_device:72 - GOOGLE: status=1, sent=4, recv=4, rtt_avg=154 ms
2025-07-07 09:49:55.542 | INFO     | __main__:monitor_loop:126 - Persistidos 5 resultados de monitoramento.
2025-07-07 09:49:55.543 | INFO     | __main__:monitor_loop:134 - Tempo de execução do loop: 652.196 ms
==================================================
2025-07-07 09:50:24.911 | INFO     | __main__:ping_device:72 - FER_24G: status=1, sent=4, recv=4, rtt_avg=2 ms
2025-07-07 09:50:25.076 | INFO     | __main__:ping_device:72 - FACEBOOK: status=1, sent=4, recv=4, rtt_avg=44 ms
2025-07-07 09:50:25.311 | INFO     | __main__:ping_device:72 - WIKIPEDIA: status=1, sent=3, recv=3, rtt_avg=137 ms
2025-07-07 09:50:25.465 | INFO     | __main__:ping_device:72 - SAMSUNG_S22: status=1, sent=4, recv=4, rtt_avg=140 ms
2025-07-07 09:50:25.490 | INFO     | __main__:ping_device:72 - GITHUB: status=1, sent=4, recv=4, rtt_avg=147 ms
2025-07-07 09:50:25.510 | INFO     | __main__:ping_device:72 - GOOGLE: status=1, sent=4, recv=4, rtt_avg=153 ms
2025-07-07 09:50:25.515 | INFO     | __main__:monitor_loop:126 - Persistidos 6 resultados de monitoramento.
2025-07-07 09:50:25.515 | INFO     | __main__:monitor_loop:134 - Tempo de execução do loop: 623.443 ms
==================================================
2025-07-07 09:50:54.911 | INFO     | __main__:ping_device:72 - FER_24G: status=1, sent=4, recv=4, rtt_avg=2 ms
2025-07-07 09:50:55.436 | INFO     | __main__:ping_device:72 - SAMSUNG_S22: status=1, sent=4, recv=4, rtt_avg=133 ms
2025-07-07 09:50:55.490 | INFO     | __main__:ping_device:72 - GITHUB: status=1, sent=4, recv=4, rtt_avg=147 ms
2025-07-07 09:50:55.516 | INFO     | __main__:ping_device:72 - GOOGLE: status=1, sent=4, recv=4, rtt_avg=154 ms
2025-07-07 09:50:55.533 | INFO     | __main__:monitor_loop:126 - Persistidos 4 resultados de monitoramento.
2025-07-07 09:50:55.534 | INFO     | __main__:monitor_loop:134 - Tempo de execução do loop: 641.556 ms
==================================================
2025-07-07 09:51:24.913 | INFO     | __main__:ping_device:72 - FER_24G: status=1, sent=4, recv=4, rtt_avg=1 ms
2025-07-07 09:51:24.956 | INFO     | __main__:ping_device:72 - CLOUDFLARE: status=1, sent=2, recv=2, rtt_avg=28 ms
2025-07-07 09:51:25.079 | INFO     | __main__:ping_device:72 - FACEBOOK: status=1, sent=4, recv=4, rtt_avg=45 ms
2025-07-07 09:51:25.319 | INFO     | __main__:ping_device:72 - WIKIPEDIA: status=1, sent=3, recv=3, rtt_avg=138 ms
2025-07-07 09:51:25.358 | INFO     | __main__:ping_device:72 - SAMSUNG_S22: status=1, sent=4, recv=4, rtt_avg=112 ms
2025-07-07 09:51:25.499 | INFO     | __main__:ping_device:72 - GITHUB: status=1, sent=4, recv=4, rtt_avg=148 ms
2025-07-07 09:51:25.517 | INFO     | __main__:ping_device:72 - GOOGLE: status=1, sent=4, recv=4, rtt_avg=154 ms
2025-07-07 09:51:25.533 | INFO     | __main__:monitor_loop:126 - Persistidos 7 resultados de monitoramento.
2025-07-07 09:51:25.533 | INFO     | __main__:monitor_loop:134 - Tempo de execução do loop: 639.694 ms
==================================================
2025-07-07 09:51:54.906 | INFO     | __main__:ping_device:72 - FER_24G: status=1, sent=4, recv=4, rtt_avg=1 ms
2025-07-07 09:51:55.364 | INFO     | __main__:ping_device:72 - SAMSUNG_S22: status=1, sent=4, recv=4, rtt_avg=115 ms
2025-07-07 09:51:55.486 | INFO     | __main__:ping_device:72 - GITHUB: status=1, sent=4, recv=4, rtt_avg=146 ms
2025-07-07 09:51:55.517 | INFO     | __main__:ping_device:72 - GOOGLE: status=1, sent=4, recv=4, rtt_avg=154 ms
2025-07-07 09:51:55.536 | INFO     | __main__:monitor_loop:126 - Persistidos 4 resultados de monitoramento.
2025-07-07 09:51:55.537 | INFO     | __main__:monitor_loop:134 - Tempo de execução do loop: 642.992 ms
==================================================
2025-07-07 09:52:24.903 | INFO     | __main__:monitor_loop:103 - Dispositivos carregados: 7
==================================================
2025-07-07 09:52:24.912 | INFO     | __main__:ping_device:72 - FER_24G: status=1, sent=4, recv=4, rtt_avg=1 ms
2025-07-07 09:52:25.082 | INFO     | __main__:ping_device:72 - FACEBOOK: status=1, sent=4, recv=4, rtt_avg=43 ms
2025-07-07 09:52:25.208 | INFO     | __main__:ping_device:72 - SAMSUNG_S22: status=1, sent=4, recv=4, rtt_avg=74 ms
2025-07-07 09:52:25.320 | INFO     | __main__:ping_device:72 - WIKIPEDIA: status=1, sent=3, recv=3, rtt_avg=137 ms
2025-07-07 09:52:25.495 | INFO     | __main__:ping_device:72 - GITHUB: status=1, sent=4, recv=4, rtt_avg=146 ms
2025-07-07 09:52:25.538 | INFO     | __main__:ping_device:72 - GOOGLE: status=1, sent=4, recv=4, rtt_avg=158 ms
2025-07-07 09:52:25.566 | INFO     | __main__:monitor_loop:126 - Persistidos 6 resultados de monitoramento.
2025-07-07 09:52:25.566 | INFO     | __main__:monitor_loop:134 - Tempo de execução do loop: 671.091 ms
==================================================
2025-07-07 09:52:54.916 | INFO     | __main__:ping_device:72 - FER_24G: status=1, sent=4, recv=4, rtt_avg=2 ms
2025-07-07 09:52:55.143 | INFO     | __main__:ping_device:72 - SAMSUNG_S22: status=1, sent=4, recv=4, rtt_avg=59 ms
2025-07-07 09:52:55.524 | INFO     | __main__:ping_device:72 - GOOGLE: status=1, sent=4, recv=4, rtt_avg=156 ms
2025-07-07 09:52:55.938 | INFO     | __main__:ping_device:72 - CLOUDFLARE: status=1, sent=2, recv=1, rtt_avg=28 ms
2025-07-07 09:52:56.359 | INFO     | __main__:ping_device:72 - GITHUB: status=1, sent=4, recv=3, rtt_avg=149 ms
2025-07-07 09:52:56.378 | INFO     | __main__:monitor_loop:126 - Persistidos 5 resultados de monitoramento.
2025-07-07 09:52:56.379 | INFO     | __main__:monitor_loop:134 - Tempo de execução do loop: 1482.596 ms
==================================================
2025-07-07 09:53:24.919 | INFO     | __main__:ping_device:72 - FER_24G: status=1, sent=4, recv=4, rtt_avg=2 ms
2025-07-07 09:53:25.082 | INFO     | __main__:ping_device:72 - FACEBOOK: status=1, sent=4, recv=4, rtt_avg=44 ms
2025-07-07 09:53:25.122 | INFO     | __main__:ping_device:72 - SAMSUNG_S22: status=1, sent=4, recv=4, rtt_avg=52 ms
2025-07-07 09:53:25.320 | INFO     | __main__:ping_device:72 - WIKIPEDIA: status=1, sent=3, recv=3, rtt_avg=137 ms
2025-07-07 09:53:25.499 | INFO     | __main__:ping_device:72 - GITHUB: status=1, sent=4, recv=4, rtt_avg=148 ms
2025-07-07 09:53:25.528 | INFO     | __main__:ping_device:72 - GOOGLE: status=1, sent=4, recv=4, rtt_avg=156 ms
2025-07-07 09:53:25.554 | INFO     | __main__:monitor_loop:126 - Persistidos 6 resultados de monitoramento.
2025-07-07 09:53:25.554 | INFO     | __main__:monitor_loop:134 - Tempo de execução do loop: 657.146 ms
==================================================
2025-07-07 09:53:54.918 | INFO     | __main__:ping_device:72 - FER_24G: status=1, sent=4, recv=4, rtt_avg=2 ms
2025-07-07 09:53:55.063 | INFO     | __main__:ping_device:72 - SAMSUNG_S22: status=1, sent=4, recv=4, rtt_avg=38 ms
2025-07-07 09:53:55.502 | INFO     | __main__:ping_device:72 - GITHUB: status=1, sent=4, recv=4, rtt_avg=149 ms
2025-07-07 09:53:55.519 | INFO     | __main__:ping_device:72 - GOOGLE: status=1, sent=4, recv=4, rtt_avg=154 ms
2025-07-07 09:53:55.531 | INFO     | __main__:monitor_loop:126 - Persistidos 4 resultados de monitoramento.
2025-07-07 09:53:55.531 | INFO     | __main__:monitor_loop:134 - Tempo de execução do loop: 633.143 ms
==================================================
2025-07-07 09:54:24.927 | INFO     | __main__:ping_device:72 - FER_24G: status=1, sent=4, recv=4, rtt_avg=3 ms
2025-07-07 09:54:24.963 | INFO     | __main__:ping_device:72 - CLOUDFLARE: status=1, sent=2, recv=2, rtt_avg=28 ms
2025-07-07 09:54:25.079 | INFO     | __main__:ping_device:72 - FACEBOOK: status=1, sent=4, recv=4, rtt_avg=43 ms
2025-07-07 09:54:25.318 | INFO     | __main__:ping_device:72 - WIKIPEDIA: status=1, sent=3, recv=3, rtt_avg=136 ms
2025-07-07 09:54:25.411 | INFO     | __main__:ping_device:72 - SAMSUNG_S22: status=1, sent=4, recv=4, rtt_avg=124 ms
2025-07-07 09:54:25.504 | INFO     | __main__:ping_device:72 - GITHUB: status=1, sent=4, recv=4, rtt_avg=148 ms
2025-07-07 09:54:25.525 | INFO     | __main__:ping_device:72 - GOOGLE: status=1, sent=4, recv=4, rtt_avg=155 ms
2025-07-07 09:54:25.545 | INFO     | __main__:monitor_loop:126 - Persistidos 7 resultados de monitoramento.
2025-07-07 09:54:25.546 | INFO     | __main__:monitor_loop:134 - Tempo de execução do loop: 646.808 ms
==================================================
2025-07-07 09:54:54.905 | INFO     | __main__:ping_device:72 - FER_24G: status=1, sent=4, recv=4, rtt_avg=0 ms
2025-07-07 09:54:55.322 | INFO     | __main__:ping_device:72 - SAMSUNG_S22: status=1, sent=4, recv=4, rtt_avg=104 ms
2025-07-07 09:54:55.492 | INFO     | __main__:ping_device:72 - GITHUB: status=1, sent=4, recv=4, rtt_avg=147 ms
2025-07-07 09:54:55.519 | INFO     | __main__:ping_device:72 - GOOGLE: status=1, sent=4, recv=4, rtt_avg=153 ms
2025-07-07 09:54:55.535 | INFO     | __main__:monitor_loop:126 - Persistidos 4 resultados de monitoramento.
2025-07-07 09:54:55.536 | INFO     | __main__:monitor_loop:134 - Tempo de execução do loop: 636.148 ms
==================================================
2025-07-07 09:55:24.922 | INFO     | __main__:ping_device:72 - FER_24G: status=1, sent=4, recv=4, rtt_avg=2 ms
2025-07-07 09:55:25.082 | INFO     | __main__:ping_device:72 - FACEBOOK: status=1, sent=4, recv=4, rtt_avg=43 ms
2025-07-07 09:55:25.123 | INFO     | __main__:ping_device:72 - SAMSUNG_S22: status=1, sent=4, recv=4, rtt_avg=52 ms
2025-07-07 09:55:25.319 | INFO     | __main__:ping_device:72 - WIKIPEDIA: status=1, sent=3, recv=3, rtt_avg=136 ms
2025-07-07 09:55:25.494 | INFO     | __main__:ping_device:72 - GITHUB: status=1, sent=4, recv=4, rtt_avg=146 ms
2025-07-07 09:55:25.531 | INFO     | __main__:ping_device:72 - GOOGLE: status=1, sent=4, recv=4, rtt_avg=156 ms
2025-07-07 09:55:25.540 | INFO     | __main__:monitor_loop:126 - Persistidos 6 resultados de monitoramento.
2025-07-07 09:55:25.540 | INFO     | __main__:monitor_loop:134 - Tempo de execução do loop: 638.689 ms
==================================================
2025-07-07 09:55:54.910 | INFO     | __main__:ping_device:72 - FER_24G: status=1, sent=4, recv=4, rtt_avg=1 ms
2025-07-07 09:55:54.958 | INFO     | __main__:ping_device:72 - CLOUDFLARE: status=1, sent=2, recv=2, rtt_avg=27 ms
2025-07-07 09:55:55.321 | INFO     | __main__:ping_device:72 - SAMSUNG_S22: status=1, sent=4, recv=4, rtt_avg=103 ms
2025-07-07 09:55:55.491 | INFO     | __main__:ping_device:72 - GITHUB: status=1, sent=4, recv=4, rtt_avg=146 ms
2025-07-07 09:55:55.521 | INFO     | __main__:ping_device:72 - GOOGLE: status=1, sent=4, recv=4, rtt_avg=153 ms
2025-07-07 09:55:55.534 | INFO     | __main__:monitor_loop:126 - Persistidos 5 resultados de monitoramento.
2025-07-07 09:55:55.535 | INFO     | __main__:monitor_loop:134 - Tempo de execução do loop: 633.479 ms
==================================================
2025-07-07 09:56:24.917 | INFO     | __main__:ping_device:72 - FER_24G: status=1, sent=4, recv=4, rtt_avg=1 ms
2025-07-07 09:56:25.089 | INFO     | __main__:ping_device:72 - FACEBOOK: status=1, sent=4, recv=4, rtt_avg=45 ms
2025-07-07 09:56:25.214 | INFO     | __main__:ping_device:72 - SAMSUNG_S22: status=1, sent=4, recv=4, rtt_avg=75 ms
2025-07-07 09:56:25.327 | INFO     | __main__:ping_device:72 - WIKIPEDIA: status=1, sent=3, recv=3, rtt_avg=139 ms
2025-07-07 09:56:25.506 | INFO     | __main__:ping_device:72 - GITHUB: status=1, sent=4, recv=4, rtt_avg=149 ms
2025-07-07 09:56:25.526 | INFO     | __main__:ping_device:72 - GOOGLE: status=1, sent=4, recv=4, rtt_avg=154 ms
2025-07-07 09:56:25.549 | INFO     | __main__:monitor_loop:126 - Persistidos 6 resultados de monitoramento.
2025-07-07 09:56:25.550 | INFO     | __main__:monitor_loop:134 - Tempo de execução do loop: 646.160 ms
==================================================
2025-07-07 09:56:54.925 | INFO     | __main__:ping_device:72 - FER_24G: status=1, sent=4, recv=4, rtt_avg=3 ms
2025-07-07 09:56:55.048 | INFO     | __main__:ping_device:72 - SAMSUNG_S22: status=1, sent=4, recv=4, rtt_avg=33 ms
2025-07-07 09:56:55.513 | INFO     | __main__:ping_device:72 - GITHUB: status=1, sent=4, recv=4, rtt_avg=150 ms
2025-07-07 09:56:55.535 | INFO     | __main__:ping_device:72 - GOOGLE: status=1, sent=4, recv=4, rtt_avg=156 ms
2025-07-07 09:56:55.545 | INFO     | __main__:monitor_loop:126 - Persistidos 4 resultados de monitoramento.
2025-07-07 09:56:55.545 | INFO     | __main__:monitor_loop:134 - Tempo de execução do loop: 640.544 ms
==================================================
2025-07-07 09:57:24.918 | INFO     | __main__:monitor_loop:103 - Dispositivos carregados: 7
==================================================
2025-07-07 09:57:24.941 | INFO     | __main__:ping_device:72 - FER_24G: status=1, sent=4, recv=4, rtt_avg=2 ms
2025-07-07 09:57:25.004 | INFO     | __main__:ping_device:72 - CLOUDFLARE: status=1, sent=2, recv=2, rtt_avg=38 ms
2025-07-07 09:57:25.115 | INFO     | __main__:ping_device:72 - SAMSUNG_S22: status=1, sent=4, recv=4, rtt_avg=45 ms
2025-07-07 09:57:25.126 | INFO     | __main__:ping_device:72 - FACEBOOK: status=1, sent=4, recv=4, rtt_avg=50 ms
2025-07-07 09:57:25.357 | INFO     | __main__:ping_device:72 - WIKIPEDIA: status=1, sent=3, recv=3, rtt_avg=142 ms
2025-07-07 09:57:25.539 | INFO     | __main__:ping_device:72 - GITHUB: status=1, sent=4, recv=4, rtt_avg=152 ms
2025-07-07 09:57:26.404 | INFO     | __main__:ping_device:72 - GOOGLE: status=1, sent=4, recv=3, rtt_avg=159 ms
2025-07-07 09:57:26.434 | INFO     | __main__:monitor_loop:126 - Persistidos 7 resultados de monitoramento.
2025-07-07 09:57:26.435 | INFO     | __main__:monitor_loop:134 - Tempo de execução do loop: 1528.790 ms
==================================================
2025-07-07 09:57:54.925 | INFO     | __main__:ping_device:72 - FER_24G: status=1, sent=4, recv=4, rtt_avg=2 ms
2025-07-07 09:57:55.106 | INFO     | __main__:ping_device:72 - SAMSUNG_S22: status=1, sent=4, recv=4, rtt_avg=46 ms
2025-07-07 09:57:55.511 | INFO     | __main__:ping_device:72 - GITHUB: status=1, sent=4, recv=4, rtt_avg=149 ms
2025-07-07 09:57:55.534 | INFO     | __main__:ping_device:72 - GOOGLE: status=1, sent=4, recv=4, rtt_avg=154 ms
2025-07-07 09:57:55.538 | INFO     | __main__:monitor_loop:126 - Persistidos 4 resultados de monitoramento.
2025-07-07 09:57:55.538 | INFO     | __main__:monitor_loop:134 - Tempo de execução do loop: 630.896 ms
==================================================
2025-07-07 09:58:24.927 | INFO     | __main__:ping_device:72 - FER_24G: status=1, sent=4, recv=4, rtt_avg=2 ms
2025-07-07 09:58:24.943 | INFO     | __main__:ping_device:72 - SAMSUNG_S22: status=1, sent=4, recv=4, rtt_avg=6 ms
2025-07-07 09:58:25.093 | INFO     | __main__:ping_device:72 - FACEBOOK: status=1, sent=4, recv=4, rtt_avg=44 ms
2025-07-07 09:58:25.330 | INFO     | __main__:ping_device:72 - WIKIPEDIA: status=1, sent=3, recv=3, rtt_avg=137 ms
2025-07-07 09:58:25.511 | INFO     | __main__:ping_device:72 - GITHUB: status=1, sent=4, recv=4, rtt_avg=148 ms
2025-07-07 09:58:25.534 | INFO     | __main__:ping_device:72 - GOOGLE: status=1, sent=4, recv=4, rtt_avg=155 ms
2025-07-07 09:58:25.554 | INFO     | __main__:monitor_loop:126 - Persistidos 6 resultados de monitoramento.
2025-07-07 09:58:25.554 | INFO     | __main__:monitor_loop:134 - Tempo de execução do loop: 646.149 ms
==================================================
2025-07-07 09:58:54.915 | INFO     | __main__:ping_device:72 - FER_24G: status=1, sent=4, recv=4, rtt_avg=0 ms
2025-07-07 09:58:54.965 | INFO     | __main__:ping_device:72 - CLOUDFLARE: status=1, sent=2, recv=2, rtt_avg=27 ms
2025-07-07 09:58:55.063 | INFO     | __main__:ping_device:72 - SAMSUNG_S22: status=1, sent=4, recv=4, rtt_avg=37 ms
2025-07-07 09:58:55.511 | INFO     | __main__:ping_device:72 - GITHUB: status=1, sent=4, recv=4, rtt_avg=149 ms
2025-07-07 09:58:55.539 | INFO     | __main__:ping_device:72 - GOOGLE: status=1, sent=4, recv=4, rtt_avg=156 ms
2025-07-07 09:58:55.555 | INFO     | __main__:monitor_loop:126 - Persistidos 5 resultados de monitoramento.
2025-07-07 09:58:55.556 | INFO     | __main__:monitor_loop:134 - Tempo de execução do loop: 647.001 ms
==================================================
2025-07-07 09:59:24.933 | INFO     | __main__:ping_device:72 - FER_24G: status=1, sent=4, recv=4, rtt_avg=2 ms
2025-07-07 09:59:25.106 | INFO     | __main__:ping_device:72 - FACEBOOK: status=1, sent=4, recv=4, rtt_avg=47 ms
2025-07-07 09:59:25.175 | INFO     | __main__:ping_device:72 - SAMSUNG_S22: status=1, sent=4, recv=4, rtt_avg=63 ms
2025-07-07 09:59:25.328 | INFO     | __main__:ping_device:72 - WIKIPEDIA: status=1, sent=3, recv=3, rtt_avg=136 ms
2025-07-07 09:59:25.511 | INFO     | __main__:ping_device:72 - GITHUB: status=1, sent=4, recv=4, rtt_avg=148 ms
2025-07-07 09:59:25.534 | INFO     | __main__:ping_device:72 - GOOGLE: status=1, sent=4, recv=4, rtt_avg=155 ms
2025-07-07 09:59:25.539 | INFO     | __main__:monitor_loop:126 - Persistidos 6 resultados de monitoramento.
2025-07-07 09:59:25.540 | INFO     | __main__:monitor_loop:134 - Tempo de execução do loop: 629.723 ms
==================================================
2025-07-07 09:59:54.927 | INFO     | __main__:ping_device:72 - FER_24G: status=1, sent=4, recv=4, rtt_avg=2 ms
2025-07-07 09:59:55.278 | INFO     | __main__:ping_device:72 - SAMSUNG_S22: status=1, sent=4, recv=4, rtt_avg=89 ms
2025-07-07 09:59:55.501 | INFO     | __main__:ping_device:72 - GITHUB: status=1, sent=4, recv=4, rtt_avg=146 ms
2025-07-07 09:59:55.536 | INFO     | __main__:ping_device:72 - GOOGLE: status=1, sent=4, recv=4, rtt_avg=155 ms
2025-07-07 09:59:55.551 | INFO     | __main__:monitor_loop:126 - Persistidos 4 resultados de monitoramento.
2025-07-07 09:59:55.551 | INFO     | __main__:monitor_loop:134 - Tempo de execução do loop: 640.910 ms
==================================================
2025-07-07 10:00:24.924 | INFO     | __main__:ping_device:72 - FER_24G: status=1, sent=4, recv=4, rtt_avg=1 ms
2025-07-07 10:00:24.974 | INFO     | __main__:ping_device:72 - CLOUDFLARE: status=1, sent=2, recv=2, rtt_avg=29 ms
2025-07-07 10:00:25.089 | INFO     | __main__:ping_device:72 - FACEBOOK: status=1, sent=4, recv=4, rtt_avg=43 ms
2025-07-07 10:00:25.326 | INFO     | __main__:ping_device:72 - SAMSUNG_S22: status=1, sent=4, recv=4, rtt_avg=101 ms
2025-07-07 10:00:25.329 | INFO     | __main__:ping_device:72 - WIKIPEDIA: status=1, sent=3, recv=3, rtt_avg=137 ms
2025-07-07 10:00:25.514 | INFO     | __main__:ping_device:72 - GITHUB: status=1, sent=4, recv=4, rtt_avg=149 ms
2025-07-07 10:00:25.537 | INFO     | __main__:ping_device:72 - GOOGLE: status=1, sent=4, recv=4, rtt_avg=155 ms
2025-07-07 10:00:25.554 | INFO     | __main__:monitor_loop:126 - Persistidos 7 resultados de monitoramento.
2025-07-07 10:00:25.554 | INFO     | __main__:monitor_loop:134 - Tempo de execução do loop: 643.266 ms
==================================================
2025-07-07 10:00:54.923 | INFO     | __main__:ping_device:72 - FER_24G: status=1, sent=4, recv=4, rtt_avg=1 ms
2025-07-07 10:00:55.335 | INFO     | __main__:ping_device:72 - SAMSUNG_S22: status=1, sent=4, recv=4, rtt_avg=104 ms
2025-07-07 10:00:55.515 | INFO     | __main__:ping_device:72 - GITHUB: status=1, sent=4, recv=4, rtt_avg=149 ms
2025-07-07 10:00:55.542 | INFO     | __main__:ping_device:72 - GOOGLE: status=1, sent=4, recv=4, rtt_avg=156 ms
2025-07-07 10:00:55.558 | INFO     | __main__:monitor_loop:126 - Persistidos 4 resultados de monitoramento.
2025-07-07 10:00:55.559 | INFO     | __main__:monitor_loop:134 - Tempo de execução do loop: 647.398 ms
==================================================
2025-07-07 10:01:24.961 | INFO     | __main__:ping_device:72 - FER_24G: status=1, sent=4, recv=4, rtt_avg=11 ms
2025-07-07 10:01:25.243 | INFO     | __main__:ping_device:72 - FACEBOOK: status=1, sent=4, recv=4, rtt_avg=81 ms
2025-07-07 10:01:25.362 | INFO     | __main__:ping_device:72 - SAMSUNG_S22: status=1, sent=4, recv=4, rtt_avg=110 ms
2025-07-07 10:01:25.389 | INFO     | __main__:ping_device:72 - WIKIPEDIA: status=1, sent=3, recv=3, rtt_avg=157 ms
2025-07-07 10:01:25.556 | INFO     | __main__:ping_device:72 - GITHUB: status=1, sent=4, recv=4, rtt_avg=159 ms
2025-07-07 10:01:25.576 | INFO     | __main__:ping_device:72 - GOOGLE: status=1, sent=4, recv=4, rtt_avg=165 ms
2025-07-07 10:01:25.582 | INFO     | __main__:monitor_loop:126 - Persistidos 6 resultados de monitoramento.
2025-07-07 10:01:25.582 | INFO     | __main__:monitor_loop:134 - Tempo de execução do loop: 669.013 ms
==================================================
2025-07-07 10:01:54.925 | INFO     | __main__:ping_device:72 - FER_24G: status=1, sent=4, recv=4, rtt_avg=2 ms
2025-07-07 10:01:54.971 | INFO     | __main__:ping_device:72 - CLOUDFLARE: status=1, sent=2, recv=2, rtt_avg=27 ms
2025-07-07 10:01:55.049 | INFO     | __main__:ping_device:72 - SAMSUNG_S22: status=1, sent=4, recv=4, rtt_avg=32 ms
2025-07-07 10:01:55.506 | INFO     | __main__:ping_device:72 - GITHUB: status=1, sent=4, recv=4, rtt_avg=147 ms
2025-07-07 10:01:55.547 | INFO     | __main__:ping_device:72 - GOOGLE: status=1, sent=4, recv=4, rtt_avg=157 ms
2025-07-07 10:01:55.571 | INFO     | __main__:monitor_loop:126 - Persistidos 5 resultados de monitoramento.
2025-07-07 10:01:55.571 | INFO     | __main__:monitor_loop:134 - Tempo de execução do loop: 656.974 ms
==================================================
2025-07-07 10:02:24.919 | INFO     | __main__:monitor_loop:103 - Dispositivos carregados: 7
==================================================
2025-07-07 10:02:24.929 | INFO     | __main__:ping_device:72 - FER_24G: status=1, sent=4, recv=4, rtt_avg=1 ms
2025-07-07 10:02:25.106 | INFO     | __main__:ping_device:72 - FACEBOOK: status=1, sent=4, recv=4, rtt_avg=45 ms
2025-07-07 10:02:25.224 | INFO     | __main__:ping_device:72 - SAMSUNG_S22: status=1, sent=4, recv=4, rtt_avg=75 ms
2025-07-07 10:02:25.337 | INFO     | __main__:ping_device:72 - WIKIPEDIA: status=1, sent=3, recv=3, rtt_avg=138 ms
2025-07-07 10:02:25.520 | INFO     | __main__:ping_device:72 - GITHUB: status=1, sent=4, recv=4, rtt_avg=149 ms
2025-07-07 10:02:25.537 | INFO     | __main__:ping_device:72 - GOOGLE: status=1, sent=4, recv=4, rtt_avg=153 ms
2025-07-07 10:02:25.554 | INFO     | __main__:monitor_loop:126 - Persistidos 6 resultados de monitoramento.
2025-07-07 10:02:25.555 | INFO     | __main__:monitor_loop:134 - Tempo de execução do loop: 640.278 ms
==================================================
2025-07-07 10:02:54.926 | INFO     | __main__:ping_device:72 - FER_24G: status=1, sent=4, recv=4, rtt_avg=2 ms
2025-07-07 10:02:55.118 | INFO     | __main__:ping_device:72 - SAMSUNG_S22: status=1, sent=4, recv=4, rtt_avg=49 ms
2025-07-07 10:02:55.507 | INFO     | __main__:ping_device:72 - GITHUB: status=1, sent=4, recv=4, rtt_avg=146 ms
2025-07-07 10:02:55.533 | INFO     | __main__:ping_device:72 - GOOGLE: status=1, sent=4, recv=4, rtt_avg=153 ms
2025-07-07 10:02:55.550 | INFO     | __main__:monitor_loop:126 - Persistidos 4 resultados de monitoramento.
2025-07-07 10:02:55.550 | INFO     | __main__:monitor_loop:134 - Tempo de execução do loop: 635.011 ms
==================================================
2025-07-07 10:03:24.924 | INFO     | __main__:ping_device:72 - FER_24G: status=1, sent=4, recv=4, rtt_avg=1 ms
2025-07-07 10:03:24.980 | INFO     | __main__:ping_device:72 - CLOUDFLARE: status=1, sent=2, recv=2, rtt_avg=30 ms
2025-07-07 10:03:25.095 | INFO     | __main__:ping_device:72 - FACEBOOK: status=1, sent=4, recv=4, rtt_avg=43 ms
2025-07-07 10:03:25.141 | INFO     | __main__:ping_device:72 - SAMSUNG_S22: status=1, sent=4, recv=4, rtt_avg=54 ms
2025-07-07 10:03:25.333 | INFO     | __main__:ping_device:72 - WIKIPEDIA: status=1, sent=3, recv=3, rtt_avg=137 ms
2025-07-07 10:03:25.516 | INFO     | __main__:ping_device:72 - GITHUB: status=1, sent=4, recv=4, rtt_avg=148 ms
2025-07-07 10:03:25.544 | INFO     | __main__:ping_device:72 - GOOGLE: status=1, sent=4, recv=4, rtt_avg=156 ms
2025-07-07 10:03:25.560 | INFO     | __main__:monitor_loop:126 - Persistidos 7 resultados de monitoramento.
2025-07-07 10:03:25.560 | INFO     | __main__:monitor_loop:134 - Tempo de execução do loop: 644.191 ms
==================================================
2025-07-07 10:03:54.933 | INFO     | __main__:ping_device:72 - FER_24G: status=1, sent=4, recv=4, rtt_avg=2 ms
2025-07-07 10:03:55.139 | INFO     | __main__:ping_device:72 - SAMSUNG_S22: status=1, sent=4, recv=4, rtt_avg=53 ms
2025-07-07 10:03:55.519 | INFO     | __main__:ping_device:72 - GITHUB: status=1, sent=4, recv=4, rtt_avg=148 ms
2025-07-07 10:03:55.539 | INFO     | __main__:ping_device:72 - GOOGLE: status=1, sent=4, recv=4, rtt_avg=154 ms
2025-07-07 10:03:55.556 | INFO     | __main__:monitor_loop:126 - Persistidos 4 resultados de monitoramento.
2025-07-07 10:03:55.557 | INFO     | __main__:monitor_loop:134 - Tempo de execução do loop: 639.700 ms
==================================================
2025-07-07 10:04:24.939 | INFO     | __main__:ping_device:72 - FER_24G: status=1, sent=4, recv=4, rtt_avg=1 ms
2025-07-07 10:04:25.066 | INFO     | __main__:ping_device:72 - SAMSUNG_S22: status=1, sent=4, recv=4, rtt_avg=33 ms
2025-07-07 10:04:25.108 | INFO     | __main__:ping_device:72 - FACEBOOK: status=1, sent=4, recv=4, rtt_avg=45 ms
2025-07-07 10:04:25.340 | INFO     | __main__:ping_device:72 - WIKIPEDIA: status=1, sent=3, recv=3, rtt_avg=137 ms
2025-07-07 10:04:25.519 | INFO     | __main__:ping_device:72 - GITHUB: status=1, sent=4, recv=4, rtt_avg=148 ms
2025-07-07 10:04:25.545 | INFO     | __main__:ping_device:72 - GOOGLE: status=1, sent=4, recv=4, rtt_avg=155 ms
2025-07-07 10:04:25.572 | INFO     | __main__:monitor_loop:126 - Persistidos 6 resultados de monitoramento.
2025-07-07 10:04:25.572 | INFO     | __main__:monitor_loop:134 - Tempo de execução do loop: 654.194 ms
==================================================
2025-07-07 10:04:54.940 | INFO     | __main__:ping_device:72 - FER_24G: status=1, sent=4, recv=4, rtt_avg=2 ms
2025-07-07 10:04:54.981 | INFO     | __main__:ping_device:72 - CLOUDFLARE: status=1, sent=2, recv=2, rtt_avg=28 ms
2025-07-07 10:04:55.158 | INFO     | __main__:ping_device:72 - SAMSUNG_S22: status=1, sent=4, recv=4, rtt_avg=57 ms
2025-07-07 10:04:55.516 | INFO     | __main__:ping_device:72 - GITHUB: status=1, sent=4, recv=4, rtt_avg=147 ms
2025-07-07 10:04:55.555 | INFO     | __main__:ping_device:72 - GOOGLE: status=1, sent=4, recv=4, rtt_avg=157 ms
2025-07-07 10:04:55.583 | INFO     | __main__:monitor_loop:126 - Persistidos 5 resultados de monitoramento.
2025-07-07 10:04:55.583 | INFO     | __main__:monitor_loop:134 - Tempo de execução do loop: 663.744 ms
==================================================
2025-07-07 10:05:24.942 | INFO     | __main__:ping_device:72 - FER_24G: status=1, sent=4, recv=4, rtt_avg=2 ms
2025-07-07 10:05:25.104 | INFO     | __main__:ping_device:72 - FACEBOOK: status=1, sent=4, recv=4, rtt_avg=44 ms
2025-07-07 10:05:25.156 | INFO     | __main__:ping_device:72 - SAMSUNG_S22: status=1, sent=4, recv=4, rtt_avg=55 ms
2025-07-07 10:05:25.348 | INFO     | __main__:ping_device:72 - WIKIPEDIA: status=1, sent=3, recv=3, rtt_avg=139 ms
2025-07-07 10:05:25.525 | INFO     | __main__:ping_device:72 - GITHUB: status=1, sent=4, recv=4, rtt_avg=149 ms
2025-07-07 10:05:25.545 | INFO     | __main__:ping_device:72 - GOOGLE: status=1, sent=4, recv=4, rtt_avg=154 ms
2025-07-07 10:05:25.573 | INFO     | __main__:monitor_loop:126 - Persistidos 6 resultados de monitoramento.
2025-07-07 10:05:25.574 | INFO     | __main__:monitor_loop:134 - Tempo de execução do loop: 653.424 ms
==================================================
2025-07-07 10:05:54.942 | INFO     | __main__:ping_device:72 - FER_24G: status=1, sent=4, recv=4, rtt_avg=2 ms
2025-07-07 10:05:55.135 | INFO     | __main__:ping_device:72 - SAMSUNG_S22: status=1, sent=4, recv=4, rtt_avg=50 ms
2025-07-07 10:05:55.522 | INFO     | __main__:ping_device:72 - GITHUB: status=1, sent=4, recv=4, rtt_avg=147 ms
2025-07-07 10:05:55.543 | INFO     | __main__:ping_device:72 - GOOGLE: status=1, sent=4, recv=4, rtt_avg=154 ms
2025-07-07 10:05:55.548 | INFO     | __main__:monitor_loop:126 - Persistidos 4 resultados de monitoramento.
2025-07-07 10:05:55.549 | INFO     | __main__:monitor_loop:134 - Tempo de execução do loop: 626.279 ms
==================================================
2025-07-07 10:06:24.936 | INFO     | __main__:ping_device:72 - FER_24G: status=1, sent=4, recv=4, rtt_avg=2 ms
2025-07-07 10:06:24.984 | INFO     | __main__:ping_device:72 - CLOUDFLARE: status=1, sent=2, recv=2, rtt_avg=28 ms
2025-07-07 10:06:25.104 | INFO     | __main__:ping_device:72 - FACEBOOK: status=1, sent=4, recv=4, rtt_avg=44 ms
2025-07-07 10:06:25.107 | INFO     | __main__:ping_device:72 - SAMSUNG_S22: status=1, sent=4, recv=4, rtt_avg=44 ms
2025-07-07 10:06:25.339 | INFO     | __main__:ping_device:72 - WIKIPEDIA: status=1, sent=3, recv=3, rtt_avg=136 ms
2025-07-07 10:06:25.520 | INFO     | __main__:ping_device:72 - GITHUB: status=1, sent=4, recv=4, rtt_avg=147 ms
2025-07-07 10:06:25.549 | INFO     | __main__:ping_device:72 - GOOGLE: status=1, sent=4, recv=4, rtt_avg=155 ms
2025-07-07 10:06:25.567 | INFO     | __main__:monitor_loop:126 - Persistidos 7 resultados de monitoramento.
2025-07-07 10:06:25.567 | INFO     | __main__:monitor_loop:134 - Tempo de execução do loop: 644.482 ms
==================================================
2025-07-07 10:06:54.941 | INFO     | __main__:ping_device:72 - FER_24G: status=1, sent=4, recv=4, rtt_avg=2 ms
2025-07-07 10:06:55.144 | INFO     | __main__:ping_device:72 - SAMSUNG_S22: status=1, sent=4, recv=4, rtt_avg=52 ms
2025-07-07 10:06:55.520 | INFO     | __main__:ping_device:72 - GITHUB: status=1, sent=4, recv=4, rtt_avg=147 ms
2025-07-07 10:06:55.552 | INFO     | __main__:ping_device:72 - GOOGLE: status=1, sent=4, recv=4, rtt_avg=155 ms
2025-07-07 10:06:55.569 | INFO     | __main__:monitor_loop:126 - Persistidos 4 resultados de monitoramento.
2025-07-07 10:06:55.570 | INFO     | __main__:monitor_loop:134 - Tempo de execução do loop: 645.242 ms
==================================================
2025-07-07 10:07:24.931 | INFO     | __main__:monitor_loop:103 - Dispositivos carregados: 7
==================================================
2025-07-07 10:07:24.945 | INFO     | __main__:ping_device:72 - FER_24G: status=1, sent=4, recv=4, rtt_avg=2 ms
2025-07-07 10:07:25.109 | INFO     | __main__:ping_device:72 - FACEBOOK: status=1, sent=4, recv=4, rtt_avg=43 ms
2025-07-07 10:07:25.243 | INFO     | __main__:ping_device:72 - SAMSUNG_S22: status=1, sent=4, recv=4, rtt_avg=76 ms
2025-07-07 10:07:25.354 | INFO     | __main__:ping_device:72 - WIKIPEDIA: status=1, sent=3, recv=3, rtt_avg=139 ms
2025-07-07 10:07:25.530 | INFO     | __main__:ping_device:72 - GITHUB: status=1, sent=4, recv=4, rtt_avg=148 ms
2025-07-07 10:07:25.620 | INFO     | __main__:ping_device:72 - GOOGLE: status=1, sent=4, recv=4, rtt_avg=171 ms
2025-07-07 10:07:25.639 | INFO     | __main__:monitor_loop:126 - Persistidos 6 resultados de monitoramento.
2025-07-07 10:07:25.640 | INFO     | __main__:monitor_loop:134 - Tempo de execução do loop: 714.410 ms
==================================================
2025-07-07 10:07:54.946 | INFO     | __main__:ping_device:72 - FER_24G: status=1, sent=4, recv=4, rtt_avg=2 ms
2025-07-07 10:07:54.986 | INFO     | __main__:ping_device:72 - CLOUDFLARE: status=1, sent=2, recv=2, rtt_avg=27 ms
2025-07-07 10:07:55.153 | INFO     | __main__:ping_device:72 - SAMSUNG_S22: status=1, sent=4, recv=4, rtt_avg=53 ms
2025-07-07 10:07:55.525 | INFO     | __main__:ping_device:72 - GITHUB: status=1, sent=4, recv=4, rtt_avg=147 ms
2025-07-07 10:07:55.551 | INFO     | __main__:ping_device:72 - GOOGLE: status=1, sent=4, recv=4, rtt_avg=154 ms
2025-07-07 10:07:55.569 | INFO     | __main__:monitor_loop:126 - Persistidos 5 resultados de monitoramento.
2025-07-07 10:07:55.570 | INFO     | __main__:monitor_loop:134 - Tempo de execução do loop: 643.587 ms
==================================================
2025-07-07 10:08:24.936 | INFO     | __main__:ping_device:72 - FER_24G: status=1, sent=4, recv=4, rtt_avg=1 ms
2025-07-07 10:08:25.107 | INFO     | __main__:ping_device:72 - FACEBOOK: status=1, sent=4, recv=4, rtt_avg=43 ms
2025-07-07 10:08:25.326 | INFO     | __main__:ping_device:72 - SAMSUNG_S22: status=1, sent=4, recv=4, rtt_avg=97 ms
2025-07-07 10:08:25.348 | INFO     | __main__:ping_device:72 - WIKIPEDIA: status=1, sent=3, recv=3, rtt_avg=138 ms
2025-07-07 10:08:25.516 | INFO     | __main__:ping_device:72 - GITHUB: status=1, sent=4, recv=4, rtt_avg=146 ms
2025-07-07 10:08:25.549 | INFO     | __main__:ping_device:72 - GOOGLE: status=1, sent=4, recv=4, rtt_avg=154 ms
2025-07-07 10:08:25.553 | INFO     | __main__:monitor_loop:126 - Persistidos 6 resultados de monitoramento.
2025-07-07 10:08:25.554 | INFO     | __main__:monitor_loop:134 - Tempo de execução do loop: 625.725 ms
==================================================
2025-07-07 10:08:54.937 | INFO     | __main__:ping_device:72 - FER_24G: status=1, sent=4, recv=4, rtt_avg=1 ms
2025-07-07 10:08:54.963 | INFO     | __main__:ping_device:72 - SAMSUNG_S22: status=1, sent=4, recv=4, rtt_avg=7 ms
2025-07-07 10:08:55.520 | INFO     | __main__:ping_device:72 - GITHUB: status=1, sent=4, recv=4, rtt_avg=146 ms
2025-07-07 10:08:55.549 | INFO     | __main__:ping_device:72 - GOOGLE: status=1, sent=4, recv=4, rtt_avg=154 ms
2025-07-07 10:08:55.567 | INFO     | __main__:monitor_loop:126 - Persistidos 4 resultados de monitoramento.
2025-07-07 10:08:55.568 | INFO     | __main__:monitor_loop:134 - Tempo de execução do loop: 639.835 ms
==================================================
2025-07-07 10:09:24.956 | INFO     | __main__:ping_device:72 - FER_24G: status=1, sent=4, recv=4, rtt_avg=2 ms
2025-07-07 10:09:24.998 | INFO     | __main__:ping_device:72 - CLOUDFLARE: status=1, sent=2, recv=2, rtt_avg=30 ms
2025-07-07 10:09:25.118 | INFO     | __main__:ping_device:72 - FACEBOOK: status=1, sent=4, recv=4, rtt_avg=45 ms
2025-07-07 10:09:25.339 | INFO     | __main__:ping_device:72 - SAMSUNG_S22: status=1, sent=4, recv=4, rtt_avg=98 ms
2025-07-07 10:09:25.357 | INFO     | __main__:ping_device:72 - WIKIPEDIA: status=1, sent=3, recv=3, rtt_avg=138 ms
2025-07-07 10:09:25.528 | INFO     | __main__:ping_device:72 - GITHUB: status=1, sent=4, recv=4, rtt_avg=146 ms
2025-07-07 10:09:25.557 | INFO     | __main__:ping_device:72 - GOOGLE: status=1, sent=4, recv=4, rtt_avg=155 ms
2025-07-07 10:09:25.562 | INFO     | __main__:monitor_loop:126 - Persistidos 7 resultados de monitoramento.
2025-07-07 10:09:25.563 | INFO     | __main__:monitor_loop:134 - Tempo de execução do loop: 632.699 ms
==================================================
2025-07-07 10:09:54.946 | INFO     | __main__:ping_device:72 - FER_24G: status=1, sent=4, recv=4, rtt_avg=1 ms
2025-07-07 10:09:55.478 | INFO     | __main__:ping_device:72 - SAMSUNG_S22: status=1, sent=4, recv=4, rtt_avg=134 ms
2025-07-07 10:09:55.525 | INFO     | __main__:ping_device:72 - GITHUB: status=1, sent=4, recv=4, rtt_avg=147 ms
2025-07-07 10:09:55.558 | INFO     | __main__:ping_device:72 - GOOGLE: status=1, sent=4, recv=4, rtt_avg=155 ms
2025-07-07 10:09:55.563 | INFO     | __main__:monitor_loop:126 - Persistidos 4 resultados de monitoramento.
2025-07-07 10:09:55.563 | INFO     | __main__:monitor_loop:134 - Tempo de execução do loop: 632.962 ms
==================================================
2025-07-07 10:10:24.951 | INFO     | __main__:ping_device:72 - FER_24G: status=1, sent=4, recv=4, rtt_avg=2 ms
2025-07-07 10:10:25.116 | INFO     | __main__:ping_device:72 - FACEBOOK: status=1, sent=4, recv=4, rtt_avg=44 ms
2025-07-07 10:10:25.358 | INFO     | __main__:ping_device:72 - WIKIPEDIA: status=1, sent=3, recv=3, rtt_avg=139 ms
2025-07-07 10:10:25.507 | INFO     | __main__:ping_device:72 - SAMSUNG_S22: status=1, sent=4, recv=4, rtt_avg=141 ms
2025-07-07 10:10:25.542 | INFO     | __main__:ping_device:72 - GITHUB: status=1, sent=4, recv=4, rtt_avg=150 ms
2025-07-07 10:10:25.564 | INFO     | __main__:ping_device:72 - GOOGLE: status=1, sent=4, recv=4, rtt_avg=156 ms
2025-07-07 10:10:25.569 | INFO     | __main__:monitor_loop:126 - Persistidos 6 resultados de monitoramento.
2025-07-07 10:10:25.569 | INFO     | __main__:monitor_loop:134 - Tempo de execução do loop: 637.919 ms
==================================================
2025-07-07 10:10:54.950 | INFO     | __main__:ping_device:72 - FER_24G: status=1, sent=4, recv=4, rtt_avg=2 ms
2025-07-07 10:10:55.000 | INFO     | __main__:ping_device:72 - CLOUDFLARE: status=1, sent=2, recv=2, rtt_avg=32 ms
2025-07-07 10:10:55.459 | INFO     | __main__:ping_device:72 - SAMSUNG_S22: status=1, sent=4, recv=4, rtt_avg=128 ms
2025-07-07 10:10:55.533 | INFO     | __main__:ping_device:72 - GITHUB: status=1, sent=4, recv=4, rtt_avg=148 ms
2025-07-07 10:10:55.559 | INFO     | __main__:ping_device:72 - GOOGLE: status=1, sent=4, recv=4, rtt_avg=155 ms
2025-07-07 10:10:55.563 | INFO     | __main__:monitor_loop:126 - Persistidos 5 resultados de monitoramento.
2025-07-07 10:10:55.563 | INFO     | __main__:monitor_loop:134 - Tempo de execução do loop: 631.525 ms
==================================================
2025-07-07 10:11:24.955 | INFO     | __main__:ping_device:72 - FER_24G: status=1, sent=4, recv=4, rtt_avg=2 ms
2025-07-07 10:11:25.098 | INFO     | __main__:ping_device:72 - SAMSUNG_S22: status=1, sent=4, recv=4, rtt_avg=38 ms
2025-07-07 10:11:25.115 | INFO     | __main__:ping_device:72 - FACEBOOK: status=1, sent=4, recv=4, rtt_avg=44 ms
2025-07-07 10:11:25.355 | INFO     | __main__:ping_device:72 - WIKIPEDIA: status=1, sent=3, recv=3, rtt_avg=137 ms
2025-07-07 10:11:25.531 | INFO     | __main__:ping_device:72 - GITHUB: status=1, sent=4, recv=4, rtt_avg=148 ms
2025-07-07 10:11:25.561 | INFO     | __main__:ping_device:72 - GOOGLE: status=1, sent=4, recv=4, rtt_avg=155 ms
2025-07-07 10:11:25.566 | INFO     | __main__:monitor_loop:126 - Persistidos 6 resultados de monitoramento.
2025-07-07 10:11:25.566 | INFO     | __main__:monitor_loop:134 - Tempo de execução do loop: 633.993 ms
==================================================
2025-07-07 10:11:54.948 | INFO     | __main__:ping_device:72 - FER_24G: status=1, sent=4, recv=4, rtt_avg=2 ms
2025-07-07 10:11:55.120 | INFO     | __main__:ping_device:72 - SAMSUNG_S22: status=1, sent=4, recv=4, rtt_avg=44 ms
2025-07-07 10:11:55.530 | INFO     | __main__:ping_device:72 - GITHUB: status=1, sent=4, recv=4, rtt_avg=147 ms
2025-07-07 10:11:55.561 | INFO     | __main__:ping_device:72 - GOOGLE: status=1, sent=4, recv=4, rtt_avg=155 ms
2025-07-07 10:11:55.578 | INFO     | __main__:monitor_loop:126 - Persistidos 4 resultados de monitoramento.
2025-07-07 10:11:55.578 | INFO     | __main__:monitor_loop:134 - Tempo de execução do loop: 645.311 ms
==================================================
2025-07-07 10:12:24.942 | INFO     | __main__:monitor_loop:103 - Dispositivos carregados: 7
==================================================
2025-07-07 10:12:24.961 | INFO     | __main__:ping_device:72 - FER_24G: status=1, sent=4, recv=4, rtt_avg=1 ms
2025-07-07 10:12:25.013 | INFO     | __main__:ping_device:72 - CLOUDFLARE: status=1, sent=2, recv=2, rtt_avg=31 ms
2025-07-07 10:12:25.124 | INFO     | __main__:ping_device:72 - FACEBOOK: status=1, sent=4, recv=4, rtt_avg=44 ms
2025-07-07 10:12:25.142 | INFO     | __main__:ping_device:72 - SAMSUNG_S22: status=1, sent=4, recv=4, rtt_avg=47 ms
2025-07-07 10:12:25.368 | INFO     | __main__:ping_device:72 - WIKIPEDIA: status=1, sent=3, recv=3, rtt_avg=139 ms
2025-07-07 10:12:25.543 | INFO     | __main__:ping_device:72 - GITHUB: status=1, sent=4, recv=4, rtt_avg=148 ms
2025-07-07 10:12:25.572 | INFO     | __main__:ping_device:72 - GOOGLE: status=1, sent=4, recv=4, rtt_avg=156 ms
2025-07-07 10:12:25.589 | INFO     | __main__:monitor_loop:126 - Persistidos 7 resultados de monitoramento.
2025-07-07 10:12:25.590 | INFO     | __main__:monitor_loop:134 - Tempo de execução do loop: 656.446 ms
==================================================
2025-07-07 10:12:54.944 | INFO     | __main__:ping_device:72 - FER_24G: status=1, sent=4, recv=4, rtt_avg=1 ms
2025-07-07 10:12:55.537 | INFO     | __main__:ping_device:72 - GITHUB: status=1, sent=4, recv=4, rtt_avg=149 ms
2025-07-07 10:12:55.559 | INFO     | __main__:ping_device:72 - SAMSUNG_S22: status=1, sent=4, recv=4, rtt_avg=155 ms
2025-07-07 10:12:55.562 | INFO     | __main__:ping_device:72 - GOOGLE: status=1, sent=4, recv=4, rtt_avg=155 ms
2025-07-07 10:12:55.578 | INFO     | __main__:monitor_loop:126 - Persistidos 4 resultados de monitoramento.
2025-07-07 10:12:55.579 | INFO     | __main__:monitor_loop:134 - Tempo de execução do loop: 643.669 ms
==================================================
2025-07-07 10:13:24.963 | INFO     | __main__:ping_device:72 - FER_24G: status=1, sent=4, recv=4, rtt_avg=3 ms
2025-07-07 10:13:25.121 | INFO     | __main__:ping_device:72 - FACEBOOK: status=1, sent=4, recv=4, rtt_avg=44 ms
2025-07-07 10:13:25.199 | INFO     | __main__:ping_device:72 - SAMSUNG_S22: status=1, sent=4, recv=4, rtt_avg=62 ms
2025-07-07 10:13:25.358 | INFO     | __main__:ping_device:72 - WIKIPEDIA: status=1, sent=3, recv=3, rtt_avg=137 ms
2025-07-07 10:13:25.541 | INFO     | __main__:ping_device:72 - GITHUB: status=1, sent=4, recv=4, rtt_avg=149 ms
2025-07-07 10:13:25.562 | INFO     | __main__:ping_device:72 - GOOGLE: status=1, sent=4, recv=4, rtt_avg=155 ms
2025-07-07 10:13:25.580 | INFO     | __main__:monitor_loop:126 - Persistidos 6 resultados de monitoramento.
2025-07-07 10:13:25.581 | INFO     | __main__:monitor_loop:134 - Tempo de execução do loop: 644.746 ms
==================================================
2025-07-07 10:13:54.949 | INFO     | __main__:ping_device:72 - FER_24G: status=1, sent=4, recv=4, rtt_avg=1 ms
2025-07-07 10:13:55.004 | INFO     | __main__:ping_device:72 - CLOUDFLARE: status=1, sent=2, recv=2, rtt_avg=30 ms
2025-07-07 10:13:55.161 | INFO     | __main__:ping_device:72 - SAMSUNG_S22: status=1, sent=4, recv=4, rtt_avg=53 ms
2025-07-07 10:13:55.540 | INFO     | __main__:ping_device:72 - GITHUB: status=1, sent=4, recv=4, rtt_avg=148 ms
2025-07-07 10:13:55.564 | INFO     | __main__:ping_device:72 - GOOGLE: status=1, sent=4, recv=4, rtt_avg=155 ms
2025-07-07 10:13:55.569 | INFO     | __main__:monitor_loop:126 - Persistidos 5 resultados de monitoramento.
2025-07-07 10:13:55.569 | INFO     | __main__:monitor_loop:134 - Tempo de execução do loop: 631.933 ms
==================================================
2025-07-07 10:14:24.960 | INFO     | __main__:ping_device:72 - FER_24G: status=1, sent=4, recv=4, rtt_avg=2 ms
2025-07-07 10:14:25.124 | INFO     | __main__:ping_device:72 - FACEBOOK: status=1, sent=4, recv=4, rtt_avg=45 ms
2025-07-07 10:14:25.220 | INFO     | __main__:ping_device:72 - SAMSUNG_S22: status=1, sent=4, recv=4, rtt_avg=67 ms
2025-07-07 10:14:25.365 | INFO     | __main__:ping_device:72 - WIKIPEDIA: status=1, sent=3, recv=3, rtt_avg=138 ms
2025-07-07 10:14:25.542 | INFO     | __main__:ping_device:72 - GITHUB: status=1, sent=4, recv=4, rtt_avg=149 ms
2025-07-07 10:14:25.569 | INFO     | __main__:ping_device:72 - GOOGLE: status=1, sent=4, recv=4, rtt_avg=156 ms
2025-07-07 10:14:25.587 | INFO     | __main__:monitor_loop:126 - Persistidos 6 resultados de monitoramento.
2025-07-07 10:14:25.588 | INFO     | __main__:monitor_loop:134 - Tempo de execução do loop: 649.786 ms
==================================================
2025-07-07 10:14:54.949 | INFO     | __main__:ping_device:72 - FER_24G: status=1, sent=4, recv=4, rtt_avg=1 ms
2025-07-07 10:14:55.160 | INFO     | __main__:ping_device:72 - SAMSUNG_S22: status=1, sent=4, recv=4, rtt_avg=53 ms
2025-07-07 10:14:55.574 | INFO     | __main__:ping_device:72 - GITHUB: status=1, sent=4, recv=4, rtt_avg=157 ms
2025-07-07 10:14:55.587 | INFO     | __main__:ping_device:72 - GOOGLE: status=1, sent=4, recv=4, rtt_avg=161 ms
2025-07-07 10:14:55.595 | INFO     | __main__:monitor_loop:126 - Persistidos 4 resultados de monitoramento.
2025-07-07 10:14:55.595 | INFO     | __main__:monitor_loop:134 - Tempo de execução do loop: 655.848 ms
==================================================
2025-07-07 10:15:24.958 | INFO     | __main__:ping_device:72 - FER_24G: status=1, sent=4, recv=4, rtt_avg=2 ms
2025-07-07 10:15:25.012 | INFO     | __main__:ping_device:72 - CLOUDFLARE: status=1, sent=2, recv=2, rtt_avg=33 ms
2025-07-07 10:15:25.152 | INFO     | __main__:ping_device:72 - FACEBOOK: status=1, sent=4, recv=4, rtt_avg=52 ms
2025-07-07 10:15:25.210 | INFO     | __main__:ping_device:72 - SAMSUNG_S22: status=1, sent=4, recv=4, rtt_avg=65 ms
2025-07-07 10:15:25.365 | INFO     | __main__:ping_device:72 - WIKIPEDIA: status=1, sent=3, recv=3, rtt_avg=139 ms
2025-07-07 10:15:25.567 | INFO     | __main__:ping_device:72 - GITHUB: status=1, sent=4, recv=4, rtt_avg=155 ms
2025-07-07 10:15:25.578 | INFO     | __main__:ping_device:72 - GOOGLE: status=1, sent=4, recv=4, rtt_avg=158 ms
2025-07-07 10:15:25.598 | INFO     | __main__:monitor_loop:126 - Persistidos 7 resultados de monitoramento.
2025-07-07 10:15:25.598 | INFO     | __main__:monitor_loop:134 - Tempo de execução do loop: 657.825 ms
==================================================
2025-07-07 10:15:54.953 | INFO     | __main__:ping_device:72 - FER_24G: status=1, sent=4, recv=4, rtt_avg=2 ms
2025-07-07 10:15:55.399 | INFO     | __main__:ping_device:72 - SAMSUNG_S22: status=1, sent=4, recv=4, rtt_avg=113 ms
2025-07-07 10:15:55.565 | INFO     | __main__:ping_device:72 - GITHUB: status=1, sent=4, recv=4, rtt_avg=155 ms
2025-07-07 10:15:55.589 | INFO     | __main__:ping_device:72 - GOOGLE: status=1, sent=4, recv=4, rtt_avg=161 ms
2025-07-07 10:15:55.618 | INFO     | __main__:monitor_loop:126 - Persistidos 4 resultados de monitoramento.
2025-07-07 10:15:55.619 | INFO     | __main__:monitor_loop:134 - Tempo de execução do loop: 678.088 ms
==================================================
2025-07-07 10:16:24.950 | INFO     | __main__:ping_device:72 - FER_24G: status=1, sent=4, recv=4, rtt_avg=1 ms
2025-07-07 10:16:25.136 | INFO     | __main__:ping_device:72 - FACEBOOK: status=1, sent=4, recv=4, rtt_avg=47 ms
2025-07-07 10:16:25.370 | INFO     | __main__:ping_device:72 - WIKIPEDIA: status=1, sent=3, recv=3, rtt_avg=141 ms
2025-07-07 10:16:25.504 | INFO     | __main__:ping_device:72 - SAMSUNG_S22: status=1, sent=4, recv=4, rtt_avg=139 ms
2025-07-07 10:16:25.555 | INFO     | __main__:ping_device:72 - GITHUB: status=1, sent=4, recv=4, rtt_avg=152 ms
2025-07-07 10:16:25.584 | INFO     | __main__:ping_device:72 - GOOGLE: status=1, sent=4, recv=4, rtt_avg=160 ms
2025-07-07 10:16:25.590 | INFO     | __main__:monitor_loop:126 - Persistidos 6 resultados de monitoramento.
2025-07-07 10:16:25.590 | INFO     | __main__:monitor_loop:134 - Tempo de execução do loop: 647.761 ms
==================================================
2025-07-07 10:16:54.953 | INFO     | __main__:ping_device:72 - FER_24G: status=1, sent=4, recv=4, rtt_avg=1 ms
2025-07-07 10:16:55.012 | INFO     | __main__:ping_device:72 - CLOUDFLARE: status=1, sent=2, recv=2, rtt_avg=34 ms
2025-07-07 10:16:55.378 | INFO     | __main__:ping_device:72 - SAMSUNG_S22: status=1, sent=4, recv=4, rtt_avg=107 ms
2025-07-07 10:16:55.559 | INFO     | __main__:ping_device:72 - GITHUB: status=1, sent=4, recv=4, rtt_avg=152 ms
2025-07-07 10:16:55.586 | INFO     | __main__:ping_device:72 - GOOGLE: status=1, sent=4, recv=4, rtt_avg=160 ms
2025-07-07 10:16:55.613 | INFO     | __main__:monitor_loop:126 - Persistidos 5 resultados de monitoramento.
2025-07-07 10:16:55.614 | INFO     | __main__:monitor_loop:134 - Tempo de execução do loop: 670.948 ms
==================================================
2025-07-07 10:17:24.947 | INFO     | __main__:monitor_loop:103 - Dispositivos carregados: 7
==================================================
2025-07-07 10:17:24.956 | INFO     | __main__:ping_device:72 - FER_24G: status=1, sent=4, recv=4, rtt_avg=1 ms
2025-07-07 10:17:25.102 | INFO     | __main__:ping_device:72 - SAMSUNG_S22: status=1, sent=4, recv=4, rtt_avg=37 ms
2025-07-07 10:17:25.143 | INFO     | __main__:ping_device:72 - FACEBOOK: status=1, sent=4, recv=4, rtt_avg=48 ms
2025-07-07 10:17:25.392 | INFO     | __main__:ping_device:72 - WIKIPEDIA: status=1, sent=3, recv=3, rtt_avg=146 ms
2025-07-07 10:17:25.561 | INFO     | __main__:ping_device:72 - GITHUB: status=1, sent=4, recv=4, rtt_avg=152 ms
2025-07-07 10:17:25.591 | INFO     | __main__:ping_device:72 - GOOGLE: status=1, sent=4, recv=4, rtt_avg=160 ms
2025-07-07 10:17:25.619 | INFO     | __main__:monitor_loop:126 - Persistidos 6 resultados de monitoramento.
2025-07-07 10:17:25.620 | INFO     | __main__:monitor_loop:134 - Tempo de execução do loop: 675.682 ms
==================================================
2025-07-07 10:17:54.954 | INFO     | __main__:ping_device:72 - FER_24G: status=1, sent=4, recv=4, rtt_avg=1 ms
2025-07-07 10:17:55.202 | INFO     | __main__:ping_device:72 - SAMSUNG_S22: status=1, sent=4, recv=4, rtt_avg=63 ms
2025-07-07 10:17:55.552 | INFO     | __main__:ping_device:72 - GITHUB: status=1, sent=4, recv=4, rtt_avg=150 ms
2025-07-07 10:17:55.581 | INFO     | __main__:ping_device:72 - GOOGLE: status=1, sent=4, recv=4, rtt_avg=158 ms
2025-07-07 10:17:55.587 | INFO     | __main__:monitor_loop:126 - Persistidos 4 resultados de monitoramento.
2025-07-07 10:17:55.587 | INFO     | __main__:monitor_loop:134 - Tempo de execução do loop: 641.988 ms
==================================================
2025-07-07 10:18:24.972 | INFO     | __main__:ping_device:72 - FER_24G: status=1, sent=4, recv=4, rtt_avg=2 ms
2025-07-07 10:18:25.016 | INFO     | __main__:ping_device:72 - CLOUDFLARE: status=1, sent=2, recv=2, rtt_avg=31 ms
2025-07-07 10:18:25.150 | INFO     | __main__:ping_device:72 - FACEBOOK: status=1, sent=4, recv=4, rtt_avg=49 ms
2025-07-07 10:18:25.387 | INFO     | __main__:ping_device:72 - WIKIPEDIA: status=1, sent=3, recv=3, rtt_avg=142 ms
2025-07-07 10:18:25.530 | INFO     | __main__:ping_device:72 - SAMSUNG_S22: status=1, sent=4, recv=4, rtt_avg=142 ms
2025-07-07 10:18:25.553 | INFO     | __main__:ping_device:72 - GITHUB: status=1, sent=4, recv=4, rtt_avg=149 ms
2025-07-07 10:18:25.578 | INFO     | __main__:ping_device:72 - GOOGLE: status=1, sent=4, recv=4, rtt_avg=156 ms
2025-07-07 10:18:25.583 | INFO     | __main__:monitor_loop:126 - Persistidos 7 resultados de monitoramento.
2025-07-07 10:18:25.583 | INFO     | __main__:monitor_loop:134 - Tempo de execução do loop: 637.384 ms
==================================================
2025-07-07 10:18:54.954 | INFO     | __main__:ping_device:72 - FER_24G: status=1, sent=4, recv=4, rtt_avg=1 ms
2025-07-07 10:18:55.281 | INFO     | __main__:ping_device:72 - SAMSUNG_S22: status=1, sent=4, recv=4, rtt_avg=82 ms
2025-07-07 10:18:55.550 | INFO     | __main__:ping_device:72 - GITHUB: status=1, sent=4, recv=4, rtt_avg=150 ms
2025-07-07 10:18:55.583 | INFO     | __main__:ping_device:72 - GOOGLE: status=1, sent=4, recv=4, rtt_avg=158 ms
2025-07-07 10:18:55.608 | INFO     | __main__:monitor_loop:126 - Persistidos 4 resultados de monitoramento.
2025-07-07 10:18:55.609 | INFO     | __main__:monitor_loop:134 - Tempo de execução do loop: 661.958 ms
==================================================
2025-07-07 10:19:24.967 | INFO     | __main__:ping_device:72 - FER_24G: status=1, sent=4, recv=4, rtt_avg=2 ms
2025-07-07 10:19:25.148 | INFO     | __main__:ping_device:72 - FACEBOOK: status=1, sent=4, recv=4, rtt_avg=48 ms
2025-07-07 10:19:25.215 | INFO     | __main__:ping_device:72 - SAMSUNG_S22: status=1, sent=4, recv=4, rtt_avg=64 ms
2025-07-07 10:19:25.375 | INFO     | __main__:ping_device:72 - WIKIPEDIA: status=1, sent=3, recv=3, rtt_avg=139 ms
2025-07-07 10:19:25.555 | INFO     | __main__:ping_device:72 - GITHUB: status=1, sent=4, recv=4, rtt_avg=149 ms
2025-07-07 10:19:25.584 | INFO     | __main__:ping_device:72 - GOOGLE: status=1, sent=4, recv=4, rtt_avg=157 ms
2025-07-07 10:19:25.602 | INFO     | __main__:monitor_loop:126 - Persistidos 6 resultados de monitoramento.
2025-07-07 10:19:25.603 | INFO     | __main__:monitor_loop:134 - Tempo de execução do loop: 655.375 ms
==================================================
2025-07-07 10:19:54.967 | INFO     | __main__:ping_device:72 - FER_24G: status=1, sent=4, recv=4, rtt_avg=2 ms
2025-07-07 10:19:55.014 | INFO     | __main__:ping_device:72 - CLOUDFLARE: status=1, sent=2, recv=2, rtt_avg=30 ms
2025-07-07 10:19:55.438 | INFO     | __main__:ping_device:72 - SAMSUNG_S22: status=1, sent=4, recv=4, rtt_avg=119 ms
2025-07-07 10:19:55.551 | INFO     | __main__:ping_device:72 - GITHUB: status=1, sent=4, recv=4, rtt_avg=148 ms
2025-07-07 10:19:55.579 | INFO     | __main__:ping_device:72 - GOOGLE: status=1, sent=4, recv=4, rtt_avg=156 ms
2025-07-07 10:19:55.594 | INFO     | __main__:monitor_loop:126 - Persistidos 5 resultados de monitoramento.
2025-07-07 10:19:55.595 | INFO     | __main__:monitor_loop:134 - Tempo de execução do loop: 646.886 ms
==================================================
2025-07-07 10:20:24.956 | INFO     | __main__:ping_device:72 - FER_24G: status=1, sent=4, recv=4, rtt_avg=1 ms
2025-07-07 10:20:25.096 | INFO     | __main__:ping_device:72 - SAMSUNG_S22: status=1, sent=4, recv=4, rtt_avg=36 ms
2025-07-07 10:20:25.140 | INFO     | __main__:ping_device:72 - FACEBOOK: status=1, sent=4, recv=4, rtt_avg=47 ms
2025-07-07 10:20:25.366 | INFO     | __main__:ping_device:72 - WIKIPEDIA: status=1, sent=3, recv=3, rtt_avg=138 ms
2025-07-07 10:20:25.546 | INFO     | __main__:ping_device:72 - GITHUB: status=1, sent=4, recv=4, rtt_avg=148 ms
2025-07-07 10:20:25.570 | INFO     | __main__:ping_device:72 - GOOGLE: status=1, sent=4, recv=4, rtt_avg=154 ms
2025-07-07 10:20:25.595 | INFO     | __main__:monitor_loop:126 - Persistidos 6 resultados de monitoramento.
2025-07-07 10:20:25.596 | INFO     | __main__:monitor_loop:134 - Tempo de execução do loop: 647.434 ms
==================================================
2025-07-07 10:20:54.964 | INFO     | __main__:ping_device:72 - FER_24G: status=1, sent=4, recv=4, rtt_avg=2 ms
2025-07-07 10:20:55.245 | INFO     | __main__:ping_device:72 - SAMSUNG_S22: status=1, sent=4, recv=4, rtt_avg=72 ms
2025-07-07 10:20:55.550 | INFO     | __main__:ping_device:72 - GITHUB: status=1, sent=4, recv=4, rtt_avg=148 ms
2025-07-07 10:20:55.580 | INFO     | __main__:ping_device:72 - GOOGLE: status=1, sent=4, recv=4, rtt_avg=156 ms
2025-07-07 10:20:55.598 | INFO     | __main__:monitor_loop:126 - Persistidos 4 resultados de monitoramento.
2025-07-07 10:20:55.598 | INFO     | __main__:monitor_loop:134 - Tempo de execução do loop: 648.941 ms
==================================================
2025-07-07 10:21:24.963 | INFO     | __main__:ping_device:72 - FER_24G: status=1, sent=4, recv=4, rtt_avg=1 ms
2025-07-07 10:21:25.012 | INFO     | __main__:ping_device:72 - CLOUDFLARE: status=1, sent=2, recv=2, rtt_avg=29 ms
2025-07-07 10:21:25.131 | INFO     | __main__:ping_device:72 - FACEBOOK: status=1, sent=4, recv=4, rtt_avg=44 ms
2025-07-07 10:21:25.366 | INFO     | __main__:ping_device:72 - WIKIPEDIA: status=1, sent=3, recv=3, rtt_avg=137 ms
2025-07-07 10:21:25.548 | INFO     | __main__:ping_device:72 - GITHUB: status=1, sent=4, recv=4, rtt_avg=148 ms
2025-07-07 10:21:25.567 | INFO     | __main__:ping_device:72 - SAMSUNG_S22: status=1, sent=4, recv=4, rtt_avg=152 ms
2025-07-07 10:21:25.581 | INFO     | __main__:ping_device:72 - GOOGLE: status=1, sent=4, recv=4, rtt_avg=156 ms
2025-07-07 10:21:25.610 | INFO     | __main__:monitor_loop:126 - Persistidos 7 resultados de monitoramento.
2025-07-07 10:21:25.611 | INFO     | __main__:monitor_loop:134 - Tempo de execução do loop: 659.798 ms
==================================================
2025-07-07 10:21:54.959 | INFO     | __main__:ping_device:72 - FER_24G: status=1, sent=4, recv=4, rtt_avg=1 ms
2025-07-07 10:21:55.212 | INFO     | __main__:ping_device:72 - SAMSUNG_S22: status=1, sent=4, recv=4, rtt_avg=64 ms
2025-07-07 10:21:55.554 | INFO     | __main__:ping_device:72 - GITHUB: status=1, sent=4, recv=4, rtt_avg=149 ms
2025-07-07 10:21:55.581 | INFO     | __main__:ping_device:72 - GOOGLE: status=1, sent=4, recv=4, rtt_avg=156 ms
2025-07-07 10:21:55.591 | INFO     | __main__:monitor_loop:126 - Persistidos 4 resultados de monitoramento.
2025-07-07 10:21:55.591 | INFO     | __main__:monitor_loop:134 - Tempo de execução do loop: 638.560 ms
==================================================
2025-07-07 10:22:24.957 | INFO     | __main__:monitor_loop:103 - Dispositivos carregados: 7
==================================================
2025-07-07 10:22:24.966 | INFO     | __main__:ping_device:72 - FER_24G: status=1, sent=4, recv=4, rtt_avg=1 ms
2025-07-07 10:22:25.149 | INFO     | __main__:ping_device:72 - FACEBOOK: status=1, sent=4, recv=4, rtt_avg=47 ms
2025-07-07 10:22:25.216 | INFO     | __main__:ping_device:72 - SAMSUNG_S22: status=1, sent=4, recv=4, rtt_avg=63 ms
2025-07-07 10:22:25.379 | INFO     | __main__:ping_device:72 - WIKIPEDIA: status=1, sent=3, recv=3, rtt_avg=139 ms
2025-07-07 10:22:25.563 | INFO     | __main__:ping_device:72 - GITHUB: status=1, sent=4, recv=4, rtt_avg=150 ms
2025-07-07 10:22:25.582 | INFO     | __main__:ping_device:72 - GOOGLE: status=1, sent=4, recv=4, rtt_avg=155 ms
2025-07-07 10:22:25.597 | INFO     | __main__:monitor_loop:126 - Persistidos 6 resultados de monitoramento.
2025-07-07 10:22:25.597 | INFO     | __main__:monitor_loop:134 - Tempo de execução do loop: 644.104 ms
==================================================
2025-07-07 10:22:54.973 | INFO     | __main__:ping_device:72 - FER_24G: status=1, sent=4, recv=4, rtt_avg=2 ms
2025-07-07 10:22:55.017 | INFO     | __main__:ping_device:72 - CLOUDFLARE: status=1, sent=2, recv=2, rtt_avg=29 ms
2025-07-07 10:22:55.173 | INFO     | __main__:ping_device:72 - SAMSUNG_S22: status=1, sent=4, recv=4, rtt_avg=51 ms
2025-07-07 10:22:55.557 | INFO     | __main__:ping_device:72 - GITHUB: status=1, sent=4, recv=4, rtt_avg=148 ms
2025-07-07 10:22:55.580 | INFO     | __main__:ping_device:72 - GOOGLE: status=1, sent=4, recv=4, rtt_avg=155 ms
2025-07-07 10:22:55.605 | INFO     | __main__:monitor_loop:126 - Persistidos 5 resultados de monitoramento.
2025-07-07 10:22:55.606 | INFO     | __main__:monitor_loop:134 - Tempo de execução do loop: 652.350 ms
==================================================
2025-07-07 10:23:24.975 | INFO     | __main__:ping_device:72 - FER_24G: status=1, sent=4, recv=4, rtt_avg=2 ms
2025-07-07 10:23:25.140 | INFO     | __main__:ping_device:72 - FACEBOOK: status=1, sent=4, recv=4, rtt_avg=44 ms
2025-07-07 10:23:25.177 | INFO     | __main__:ping_device:72 - SAMSUNG_S22: status=1, sent=4, recv=4, rtt_avg=52 ms
2025-07-07 10:23:25.377 | INFO     | __main__:ping_device:72 - WIKIPEDIA: status=1, sent=3, recv=3, rtt_avg=137 ms
2025-07-07 10:23:25.558 | INFO     | __main__:ping_device:72 - GITHUB: status=1, sent=4, recv=4, rtt_avg=149 ms
2025-07-07 10:23:25.578 | INFO     | __main__:ping_device:72 - GOOGLE: status=1, sent=4, recv=4, rtt_avg=154 ms
2025-07-07 10:23:25.593 | INFO     | __main__:monitor_loop:126 - Persistidos 6 resultados de monitoramento.
2025-07-07 10:23:25.593 | INFO     | __main__:monitor_loop:134 - Tempo de execução do loop: 638.546 ms
==================================================
2025-07-07 10:23:54.975 | INFO     | __main__:ping_device:72 - FER_24G: status=1, sent=4, recv=4, rtt_avg=2 ms
2025-07-07 10:23:55.261 | INFO     | __main__:ping_device:72 - SAMSUNG_S22: status=1, sent=4, recv=4, rtt_avg=74 ms
2025-07-07 10:23:55.555 | INFO     | __main__:ping_device:72 - GITHUB: status=1, sent=4, recv=4, rtt_avg=147 ms
2025-07-07 10:23:55.582 | INFO     | __main__:ping_device:72 - GOOGLE: status=1, sent=4, recv=4, rtt_avg=155 ms
2025-07-07 10:23:55.587 | INFO     | __main__:monitor_loop:126 - Persistidos 4 resultados de monitoramento.
2025-07-07 10:23:55.588 | INFO     | __main__:monitor_loop:134 - Tempo de execução do loop: 631.536 ms
==================================================
2025-07-07 10:24:24.968 | INFO     | __main__:ping_device:72 - FER_24G: status=1, sent=4, recv=4, rtt_avg=1 ms
2025-07-07 10:24:25.010 | INFO     | __main__:ping_device:72 - CLOUDFLARE: status=1, sent=2, recv=2, rtt_avg=25 ms
2025-07-07 10:24:25.134 | INFO     | __main__:ping_device:72 - FACEBOOK: status=1, sent=4, recv=4, rtt_avg=43 ms
2025-07-07 10:24:25.176 | INFO     | __main__:ping_device:72 - SAMSUNG_S22: status=1, sent=4, recv=4, rtt_avg=53 ms
2025-07-07 10:24:25.378 | INFO     | __main__:ping_device:72 - WIKIPEDIA: status=1, sent=3, recv=3, rtt_avg=139 ms
2025-07-07 10:24:25.551 | INFO     | __main__:ping_device:72 - GITHUB: status=1, sent=4, recv=4, rtt_avg=148 ms
2025-07-07 10:24:25.579 | INFO     | __main__:ping_device:72 - GOOGLE: status=1, sent=4, recv=4, rtt_avg=155 ms
2025-07-07 10:24:25.585 | INFO     | __main__:monitor_loop:126 - Persistidos 7 resultados de monitoramento.
2025-07-07 10:24:25.585 | INFO     | __main__:monitor_loop:134 - Tempo de execução do loop: 628.701 ms
==================================================
2025-07-07 10:24:54.976 | INFO     | __main__:ping_device:72 - FER_24G: status=1, sent=4, recv=4, rtt_avg=2 ms
2025-07-07 10:24:55.228 | INFO     | __main__:ping_device:72 - SAMSUNG_S22: status=1, sent=4, recv=4, rtt_avg=65 ms
2025-07-07 10:24:55.554 | INFO     | __main__:ping_device:72 - GITHUB: status=1, sent=4, recv=4, rtt_avg=147 ms
2025-07-07 10:24:55.584 | INFO     | __main__:ping_device:72 - GOOGLE: status=1, sent=4, recv=4, rtt_avg=155 ms
2025-07-07 10:24:55.599 | INFO     | __main__:monitor_loop:126 - Persistidos 4 resultados de monitoramento.
2025-07-07 10:24:55.600 | INFO     | __main__:monitor_loop:134 - Tempo de execução do loop: 642.545 ms
==================================================
2025-07-07 10:25:24.981 | INFO     | __main__:ping_device:72 - FER_24G: status=1, sent=4, recv=4, rtt_avg=2 ms
2025-07-07 10:25:25.141 | INFO     | __main__:ping_device:72 - FACEBOOK: status=1, sent=4, recv=4, rtt_avg=44 ms
2025-07-07 10:25:25.233 | INFO     | __main__:ping_device:72 - SAMSUNG_S22: status=1, sent=4, recv=4, rtt_avg=65 ms
2025-07-07 10:25:25.377 | INFO     | __main__:ping_device:72 - WIKIPEDIA: status=1, sent=3, recv=3, rtt_avg=136 ms
2025-07-07 10:25:25.554 | INFO     | __main__:ping_device:72 - GITHUB: status=1, sent=4, recv=4, rtt_avg=147 ms
2025-07-07 10:25:25.577 | INFO     | __main__:ping_device:72 - GOOGLE: status=1, sent=4, recv=4, rtt_avg=153 ms
2025-07-07 10:25:25.582 | INFO     | __main__:monitor_loop:126 - Persistidos 6 resultados de monitoramento.
2025-07-07 10:25:25.582 | INFO     | __main__:monitor_loop:134 - Tempo de execução do loop: 623.289 ms
==================================================
2025-07-07 10:25:54.980 | INFO     | __main__:ping_device:72 - FER_24G: status=1, sent=4, recv=4, rtt_avg=2 ms
2025-07-07 10:25:55.022 | INFO     | __main__:ping_device:72 - CLOUDFLARE: status=1, sent=2, recv=2, rtt_avg=29 ms
2025-07-07 10:25:55.241 | INFO     | __main__:ping_device:72 - SAMSUNG_S22: status=1, sent=4, recv=4, rtt_avg=67 ms
2025-07-07 10:25:55.564 | INFO     | __main__:ping_device:72 - GITHUB: status=1, sent=4, recv=4, rtt_avg=148 ms
2025-07-07 10:25:55.586 | INFO     | __main__:ping_device:72 - GOOGLE: status=1, sent=4, recv=4, rtt_avg=155 ms
2025-07-07 10:25:55.603 | INFO     | __main__:monitor_loop:126 - Persistidos 5 resultados de monitoramento.
2025-07-07 10:25:55.603 | INFO     | __main__:monitor_loop:134 - Tempo de execução do loop: 643.602 ms
==================================================
2025-07-07 10:26:24.975 | INFO     | __main__:ping_device:72 - FER_24G: status=1, sent=4, recv=4, rtt_avg=1 ms
2025-07-07 10:26:25.144 | INFO     | __main__:ping_device:72 - FACEBOOK: status=1, sent=4, recv=4, rtt_avg=44 ms
2025-07-07 10:26:25.200 | INFO     | __main__:ping_device:72 - SAMSUNG_S22: status=1, sent=4, recv=4, rtt_avg=57 ms
2025-07-07 10:26:25.382 | INFO     | __main__:ping_device:72 - WIKIPEDIA: status=1, sent=3, recv=3, rtt_avg=137 ms
2025-07-07 10:26:25.559 | INFO     | __main__:ping_device:72 - GITHUB: status=1, sent=4, recv=4, rtt_avg=147 ms
2025-07-07 10:26:25.584 | INFO     | __main__:ping_device:72 - GOOGLE: status=1, sent=4, recv=4, rtt_avg=154 ms
2025-07-07 10:26:25.588 | INFO     | __main__:monitor_loop:126 - Persistidos 6 resultados de monitoramento.
2025-07-07 10:26:25.588 | INFO     | __main__:monitor_loop:134 - Tempo de execução do loop: 628.114 ms
==================================================
2025-07-07 10:26:54.978 | INFO     | __main__:ping_device:72 - FER_24G: status=1, sent=4, recv=4, rtt_avg=2 ms
2025-07-07 10:26:55.213 | INFO     | __main__:ping_device:72 - SAMSUNG_S22: status=1, sent=4, recv=4, rtt_avg=60 ms
2025-07-07 10:26:55.560 | INFO     | __main__:ping_device:72 - GITHUB: status=1, sent=4, recv=4, rtt_avg=148 ms
2025-07-07 10:26:55.593 | INFO     | __main__:ping_device:72 - GOOGLE: status=1, sent=4, recv=4, rtt_avg=156 ms
2025-07-07 10:26:55.604 | INFO     | __main__:monitor_loop:126 - Persistidos 4 resultados de monitoramento.
2025-07-07 10:26:55.605 | INFO     | __main__:monitor_loop:134 - Tempo de execução do loop: 643.493 ms
==================================================
2025-07-07 10:27:24.974 | INFO     | __main__:monitor_loop:103 - Dispositivos carregados: 7
==================================================
2025-07-07 10:27:25.001 | INFO     | __main__:ping_device:72 - FER_24G: status=1, sent=4, recv=4, rtt_avg=2 ms
2025-07-07 10:27:25.040 | INFO     | __main__:ping_device:72 - CLOUDFLARE: status=1, sent=2, recv=2, rtt_avg=29 ms
2025-07-07 10:27:25.155 | INFO     | __main__:ping_device:72 - FACEBOOK: status=1, sent=4, recv=4, rtt_avg=43 ms
2025-07-07 10:27:25.203 | INFO     | __main__:ping_device:72 - SAMSUNG_S22: status=1, sent=4, recv=4, rtt_avg=53 ms
2025-07-07 10:27:25.398 | INFO     | __main__:ping_device:72 - WIKIPEDIA: status=1, sent=3, recv=3, rtt_avg=137 ms
2025-07-07 10:27:25.568 | INFO     | __main__:ping_device:72 - GITHUB: status=1, sent=4, recv=4, rtt_avg=146 ms
2025-07-07 10:27:25.596 | INFO     | __main__:ping_device:72 - GOOGLE: status=1, sent=4, recv=4, rtt_avg=154 ms
2025-07-07 10:27:25.613 | INFO     | __main__:monitor_loop:126 - Persistidos 7 resultados de monitoramento.
2025-07-07 10:27:25.613 | INFO     | __main__:monitor_loop:134 - Tempo de execução do loop: 650.861 ms
==================================================
2025-07-07 10:27:54.979 | INFO     | __main__:ping_device:72 - FER_24G: status=1, sent=4, recv=4, rtt_avg=1 ms
2025-07-07 10:27:55.290 | INFO     | __main__:ping_device:72 - SAMSUNG_S22: status=1, sent=4, recv=4, rtt_avg=79 ms
2025-07-07 10:27:55.570 | INFO     | __main__:ping_device:72 - GITHUB: status=1, sent=4, recv=4, rtt_avg=150 ms
2025-07-07 10:27:55.598 | INFO     | __main__:ping_device:72 - GOOGLE: status=1, sent=4, recv=4, rtt_avg=157 ms
2025-07-07 10:27:55.604 | INFO     | __main__:monitor_loop:126 - Persistidos 4 resultados de monitoramento.
2025-07-07 10:27:55.604 | INFO     | __main__:monitor_loop:134 - Tempo de execução do loop: 641.142 ms
==================================================
2025-07-07 10:28:24.979 | INFO     | __main__:ping_device:72 - FER_24G: status=1, sent=4, recv=4, rtt_avg=1 ms
2025-07-07 10:28:25.163 | INFO     | __main__:ping_device:72 - FACEBOOK: status=1, sent=4, recv=4, rtt_avg=47 ms
2025-07-07 10:28:25.236 | INFO     | __main__:ping_device:72 - SAMSUNG_S22: status=1, sent=4, recv=4, rtt_avg=65 ms
2025-07-07 10:28:25.391 | INFO     | __main__:ping_device:72 - WIKIPEDIA: status=1, sent=3, recv=3, rtt_avg=138 ms
2025-07-07 10:28:25.570 | INFO     | __main__:ping_device:72 - GITHUB: status=1, sent=4, recv=4, rtt_avg=149 ms
2025-07-07 10:28:25.597 | INFO     | __main__:ping_device:72 - GOOGLE: status=1, sent=4, recv=4, rtt_avg=156 ms
2025-07-07 10:28:25.614 | INFO     | __main__:monitor_loop:126 - Persistidos 6 resultados de monitoramento.
2025-07-07 10:28:25.615 | INFO     | __main__:monitor_loop:134 - Tempo de execução do loop: 650.629 ms
==================================================
2025-07-07 10:28:54.976 | INFO     | __main__:ping_device:72 - FER_24G: status=1, sent=4, recv=4, rtt_avg=1 ms
2025-07-07 10:28:55.029 | INFO     | __main__:ping_device:72 - CLOUDFLARE: status=1, sent=2, recv=2, rtt_avg=30 ms
2025-07-07 10:28:55.223 | INFO     | __main__:ping_device:72 - SAMSUNG_S22: status=1, sent=4, recv=4, rtt_avg=63 ms
2025-07-07 10:28:55.564 | INFO     | __main__:ping_device:72 - GITHUB: status=1, sent=4, recv=4, rtt_avg=148 ms
2025-07-07 10:28:55.599 | INFO     | __main__:ping_device:72 - GOOGLE: status=1, sent=4, recv=4, rtt_avg=157 ms
2025-07-07 10:28:55.605 | INFO     | __main__:monitor_loop:126 - Persistidos 5 resultados de monitoramento.
2025-07-07 10:28:55.605 | INFO     | __main__:monitor_loop:134 - Tempo de execução do loop: 639.367 ms
==================================================
2025-07-07 10:29:24.984 | INFO     | __main__:ping_device:72 - FER_24G: status=1, sent=4, recv=4, rtt_avg=2 ms
2025-07-07 10:29:25.162 | INFO     | __main__:ping_device:72 - SAMSUNG_S22: status=1, sent=4, recv=4, rtt_avg=46 ms
2025-07-07 10:29:25.165 | INFO     | __main__:ping_device:72 - FACEBOOK: status=1, sent=4, recv=4, rtt_avg=48 ms
2025-07-07 10:29:25.384 | INFO     | __main__:ping_device:72 - WIKIPEDIA: status=1, sent=3, recv=3, rtt_avg=136 ms
2025-07-07 10:29:25.570 | INFO     | __main__:ping_device:72 - GITHUB: status=1, sent=4, recv=4, rtt_avg=149 ms
2025-07-07 10:29:25.594 | INFO     | __main__:ping_device:72 - GOOGLE: status=1, sent=4, recv=4, rtt_avg=155 ms
2025-07-07 10:29:25.608 | INFO     | __main__:monitor_loop:126 - Persistidos 6 resultados de monitoramento.
2025-07-07 10:29:25.609 | INFO     | __main__:monitor_loop:134 - Tempo de execução do loop: 642.882 ms
==================================================
2025-07-07 10:29:54.977 | INFO     | __main__:ping_device:72 - FER_24G: status=1, sent=4, recv=4, rtt_avg=1 ms
2025-07-07 10:29:55.537 | INFO     | __main__:ping_device:72 - SAMSUNG_S22: status=1, sent=4, recv=4, rtt_avg=141 ms
2025-07-07 10:29:55.566 | INFO     | __main__:ping_device:72 - GITHUB: status=1, sent=4, recv=4, rtt_avg=148 ms
2025-07-07 10:29:55.592 | INFO     | __main__:ping_device:72 - GOOGLE: status=1, sent=4, recv=4, rtt_avg=155 ms
2025-07-07 10:29:55.609 | INFO     | __main__:monitor_loop:126 - Persistidos 4 resultados de monitoramento.
2025-07-07 10:29:55.610 | INFO     | __main__:monitor_loop:134 - Tempo de execução do loop: 643.354 ms
==================================================
2025-07-07 10:30:24.994 | INFO     | __main__:ping_device:72 - FER_24G: status=1, sent=4, recv=4, rtt_avg=2 ms
2025-07-07 10:30:25.029 | INFO     | __main__:ping_device:72 - SAMSUNG_S22: status=1, sent=4, recv=4, rtt_avg=11 ms
2025-07-07 10:30:25.031 | INFO     | __main__:ping_device:72 - CLOUDFLARE: status=1, sent=2, recv=2, rtt_avg=28 ms
2025-07-07 10:30:25.168 | INFO     | __main__:ping_device:72 - FACEBOOK: status=1, sent=4, recv=4, rtt_avg=48 ms
2025-07-07 10:30:25.393 | INFO     | __main__:ping_device:72 - WIKIPEDIA: status=1, sent=3, recv=3, rtt_avg=138 ms
2025-07-07 10:30:25.577 | INFO     | __main__:ping_device:72 - GITHUB: status=1, sent=4, recv=4, rtt_avg=149 ms
2025-07-07 10:30:25.600 | INFO     | __main__:ping_device:72 - GOOGLE: status=1, sent=4, recv=4, rtt_avg=156 ms
2025-07-07 10:30:25.628 | INFO     | __main__:monitor_loop:126 - Persistidos 7 resultados de monitoramento.
2025-07-07 10:30:25.629 | INFO     | __main__:monitor_loop:134 - Tempo de execução do loop: 660.915 ms
==================================================
2025-07-07 10:30:54.985 | INFO     | __main__:ping_device:72 - FER_24G: status=1, sent=4, recv=4, rtt_avg=1 ms
2025-07-07 10:30:55.028 | INFO     | __main__:ping_device:72 - SAMSUNG_S22: status=1, sent=4, recv=4, rtt_avg=12 ms
2025-07-07 10:30:55.572 | INFO     | __main__:ping_device:72 - GITHUB: status=1, sent=4, recv=4, rtt_avg=149 ms
2025-07-07 10:30:55.598 | INFO     | __main__:ping_device:72 - GOOGLE: status=1, sent=4, recv=4, rtt_avg=156 ms
2025-07-07 10:30:55.615 | INFO     | __main__:monitor_loop:126 - Persistidos 4 resultados de monitoramento.
2025-07-07 10:30:55.616 | INFO     | __main__:monitor_loop:134 - Tempo de execução do loop: 646.739 ms
==================================================
2025-07-07 10:31:24.979 | INFO     | __main__:ping_device:72 - FER_24G: status=1, sent=4, recv=4, rtt_avg=1 ms
2025-07-07 10:31:25.040 | INFO     | __main__:ping_device:72 - SAMSUNG_S22: status=1, sent=4, recv=4, rtt_avg=15 ms
2025-07-07 10:31:25.166 | INFO     | __main__:ping_device:72 - FACEBOOK: status=1, sent=4, recv=4, rtt_avg=48 ms
2025-07-07 10:31:25.393 | INFO     | __main__:ping_device:72 - WIKIPEDIA: status=1, sent=3, recv=3, rtt_avg=139 ms
2025-07-07 10:31:25.579 | INFO     | __main__:ping_device:72 - GITHUB: status=1, sent=4, recv=4, rtt_avg=150 ms
2025-07-07 10:31:25.603 | INFO     | __main__:ping_device:72 - GOOGLE: status=1, sent=4, recv=4, rtt_avg=157 ms
2025-07-07 10:31:25.609 | INFO     | __main__:monitor_loop:126 - Persistidos 6 resultados de monitoramento.
2025-07-07 10:31:25.609 | INFO     | __main__:monitor_loop:134 - Tempo de execução do loop: 639.176 ms
==================================================
2025-07-07 10:31:54.986 | INFO     | __main__:ping_device:72 - FER_24G: status=1, sent=4, recv=4, rtt_avg=2 ms
2025-07-07 10:31:55.032 | INFO     | __main__:ping_device:72 - CLOUDFLARE: status=1, sent=2, recv=2, rtt_avg=29 ms
2025-07-07 10:31:55.579 | INFO     | __main__:ping_device:72 - GITHUB: status=1, sent=4, recv=4, rtt_avg=150 ms
2025-07-07 10:31:55.597 | INFO     | __main__:ping_device:72 - GOOGLE: status=1, sent=4, recv=4, rtt_avg=155 ms
2025-07-07 10:31:59.014 | INFO     | __main__:ping_device:72 - SAMSUNG_S22: status=0, sent=4, recv=0, rtt_avg=None ms
2025-07-07 10:31:59.026 | INFO     | __main__:monitor_loop:126 - Persistidos 5 resultados de monitoramento.
2025-07-07 10:31:59.027 | INFO     | __main__:monitor_loop:134 - Tempo de execução do loop: 4055.866 ms
==================================================
2025-07-07 10:32:24.983 | INFO     | __main__:monitor_loop:103 - Dispositivos carregados: 7
==================================================
2025-07-07 10:32:25.008 | INFO     | __main__:ping_device:72 - FER_24G: status=1, sent=4, recv=4, rtt_avg=2 ms
2025-07-07 10:32:25.180 | INFO     | __main__:ping_device:72 - FACEBOOK: status=1, sent=4, recv=4, rtt_avg=47 ms
2025-07-07 10:32:25.409 | INFO     | __main__:ping_device:72 - WIKIPEDIA: status=1, sent=3, recv=3, rtt_avg=138 ms
2025-07-07 10:32:25.591 | INFO     | __main__:ping_device:72 - GITHUB: status=1, sent=4, recv=4, rtt_avg=149 ms
2025-07-07 10:32:25.617 | INFO     | __main__:ping_device:72 - GOOGLE: status=1, sent=4, recv=4, rtt_avg=156 ms
2025-07-07 10:32:28.960 | INFO     | __main__:ping_device:72 - SAMSUNG_S22: status=0, sent=4, recv=0, rtt_avg=None ms
2025-07-07 10:32:28.990 | INFO     | __main__:monitor_loop:126 - Persistidos 6 resultados de monitoramento.
2025-07-07 10:32:28.991 | INFO     | __main__:monitor_loop:134 - Tempo de execução do loop: 4018.901 ms
==================================================
2025-07-07 10:32:54.981 | INFO     | __main__:ping_device:72 - FER_24G: status=1, sent=4, recv=4, rtt_avg=1 ms
2025-07-07 10:32:55.602 | INFO     | __main__:ping_device:72 - GOOGLE: status=1, sent=4, recv=4, rtt_avg=156 ms
2025-07-07 10:32:55.620 | INFO     | __main__:ping_device:72 - GITHUB: status=1, sent=4, recv=4, rtt_avg=161 ms
2025-07-07 10:32:58.970 | INFO     | __main__:ping_device:72 - SAMSUNG_S22: status=0, sent=4, recv=0, rtt_avg=None ms
2025-07-07 10:32:59.004 | INFO     | __main__:monitor_loop:126 - Persistidos 4 resultados de monitoramento.
2025-07-07 10:32:59.005 | INFO     | __main__:monitor_loop:134 - Tempo de execução do loop: 4032.849 ms
==================================================
2025-07-07 10:33:24.997 | INFO     | __main__:ping_device:72 - FER_24G: status=1, sent=4, recv=4, rtt_avg=2 ms
2025-07-07 10:33:25.037 | INFO     | __main__:ping_device:72 - CLOUDFLARE: status=1, sent=2, recv=2, rtt_avg=28 ms
2025-07-07 10:33:25.160 | INFO     | __main__:ping_device:72 - FACEBOOK: status=1, sent=4, recv=4, rtt_avg=45 ms
2025-07-07 10:33:25.398 | INFO     | __main__:ping_device:72 - WIKIPEDIA: status=1, sent=3, recv=3, rtt_avg=137 ms
2025-07-07 10:33:25.613 | INFO     | __main__:ping_device:72 - GOOGLE: status=1, sent=4, recv=4, rtt_avg=159 ms
2025-07-07 10:33:25.618 | INFO     | __main__:ping_device:72 - GITHUB: status=1, sent=4, recv=4, rtt_avg=158 ms
2025-07-07 10:33:28.947 | INFO     | __main__:ping_device:72 - SAMSUNG_S22: status=0, sent=4, recv=0, rtt_avg=None ms
2025-07-07 10:33:28.971 | INFO     | __main__:monitor_loop:126 - Persistidos 7 resultados de monitoramento.
2025-07-07 10:33:28.971 | INFO     | __main__:monitor_loop:134 - Tempo de execução do loop: 3997.939 ms
==================================================
2025-07-07 10:33:54.988 | INFO     | __main__:ping_device:72 - FER_24G: status=1, sent=4, recv=4, rtt_avg=2 ms
2025-07-07 10:33:55.600 | INFO     | __main__:ping_device:72 - GOOGLE: status=1, sent=4, recv=4, rtt_avg=155 ms
2025-07-07 10:33:55.629 | INFO     | __main__:ping_device:72 - GITHUB: status=1, sent=4, recv=4, rtt_avg=162 ms
2025-07-07 10:33:58.948 | INFO     | __main__:ping_device:72 - SAMSUNG_S22: status=0, sent=4, recv=0, rtt_avg=None ms
2025-07-07 10:33:58.954 | INFO     | __main__:monitor_loop:126 - Persistidos 4 resultados de monitoramento.
2025-07-07 10:33:58.954 | INFO     | __main__:monitor_loop:134 - Tempo de execução do loop: 3980.167 ms
==================================================
2025-07-07 10:34:24.985 | INFO     | __main__:ping_device:72 - FER_24G: status=1, sent=4, recv=4, rtt_avg=1 ms
2025-07-07 10:34:25.162 | INFO     | __main__:ping_device:72 - FACEBOOK: status=1, sent=4, recv=4, rtt_avg=46 ms
2025-07-07 10:34:25.399 | INFO     | __main__:ping_device:72 - WIKIPEDIA: status=1, sent=3, recv=3, rtt_avg=140 ms
2025-07-07 10:34:25.600 | INFO     | __main__:ping_device:72 - GOOGLE: status=1, sent=4, recv=4, rtt_avg=155 ms
2025-07-07 10:34:25.626 | INFO     | __main__:ping_device:72 - GITHUB: status=1, sent=4, recv=4, rtt_avg=161 ms
2025-07-07 10:34:28.956 | INFO     | __main__:ping_device:72 - SAMSUNG_S22: status=0, sent=4, recv=0, rtt_avg=None ms
2025-07-07 10:34:28.972 | INFO     | __main__:monitor_loop:126 - Persistidos 6 resultados de monitoramento.
2025-07-07 10:34:28.973 | INFO     | __main__:monitor_loop:134 - Tempo de execução do loop: 3998.009 ms
==================================================
2025-07-07 10:34:54.986 | INFO     | __main__:ping_device:72 - FER_24G: status=1, sent=4, recv=4, rtt_avg=1 ms
2025-07-07 10:34:55.040 | INFO     | __main__:ping_device:72 - CLOUDFLARE: status=1, sent=2, recv=2, rtt_avg=31 ms
2025-07-07 10:34:55.609 | INFO     | __main__:ping_device:72 - GOOGLE: status=1, sent=4, recv=4, rtt_avg=157 ms
2025-07-07 10:34:55.624 | INFO     | __main__:ping_device:72 - GITHUB: status=1, sent=4, recv=4, rtt_avg=161 ms
2025-07-07 10:34:58.962 | INFO     | __main__:ping_device:72 - SAMSUNG_S22: status=0, sent=4, recv=0, rtt_avg=None ms
2025-07-07 10:34:58.979 | INFO     | __main__:monitor_loop:126 - Persistidos 5 resultados de monitoramento.
2025-07-07 10:34:58.979 | INFO     | __main__:monitor_loop:134 - Tempo de execução do loop: 4003.873 ms
==================================================
2025-07-07 10:35:24.990 | INFO     | __main__:ping_device:72 - FER_24G: status=1, sent=4, recv=4, rtt_avg=2 ms
2025-07-07 10:35:25.169 | INFO     | __main__:ping_device:72 - FACEBOOK: status=1, sent=4, recv=4, rtt_avg=47 ms
2025-07-07 10:35:25.403 | INFO     | __main__:ping_device:72 - WIKIPEDIA: status=1, sent=3, recv=3, rtt_avg=141 ms
2025-07-07 10:35:25.577 | INFO     | __main__:ping_device:72 - GITHUB: status=1, sent=4, recv=4, rtt_avg=149 ms
2025-07-07 10:35:25.608 | INFO     | __main__:ping_device:72 - GOOGLE: status=1, sent=4, recv=4, rtt_avg=156 ms
2025-07-07 10:35:28.947 | INFO     | __main__:ping_device:72 - SAMSUNG_S22: status=0, sent=4, recv=0, rtt_avg=None ms
2025-07-07 10:35:28.980 | INFO     | __main__:monitor_loop:126 - Persistidos 6 resultados de monitoramento.
2025-07-07 10:35:28.981 | INFO     | __main__:monitor_loop:134 - Tempo de execução do loop: 4005.259 ms
==================================================
2025-07-07 10:35:55.003 | INFO     | __main__:ping_device:72 - FER_24G: status=1, sent=4, recv=4, rtt_avg=4 ms
2025-07-07 10:35:55.599 | INFO     | __main__:ping_device:72 - GITHUB: status=1, sent=4, recv=4, rtt_avg=154 ms
2025-07-07 10:35:55.618 | INFO     | __main__:ping_device:72 - GOOGLE: status=1, sent=4, recv=4, rtt_avg=159 ms
2025-07-07 10:35:58.961 | INFO     | __main__:ping_device:72 - SAMSUNG_S22: status=0, sent=4, recv=0, rtt_avg=None ms
2025-07-07 10:35:58.977 | INFO     | __main__:monitor_loop:126 - Persistidos 4 resultados de monitoramento.
2025-07-07 10:35:58.977 | INFO     | __main__:monitor_loop:134 - Tempo de execução do loop: 3999.785 ms
==================================================
2025-07-07 10:36:24.987 | INFO     | __main__:ping_device:72 - FER_24G: status=1, sent=4, recv=4, rtt_avg=1 ms
2025-07-07 10:36:25.039 | INFO     | __main__:ping_device:72 - CLOUDFLARE: status=1, sent=2, recv=2, rtt_avg=28 ms
2025-07-07 10:36:25.162 | INFO     | __main__:ping_device:72 - FACEBOOK: status=1, sent=4, recv=4, rtt_avg=45 ms
2025-07-07 10:36:25.396 | INFO     | __main__:ping_device:72 - WIKIPEDIA: status=1, sent=3, recv=3, rtt_avg=137 ms
2025-07-07 10:36:25.572 | INFO     | __main__:ping_device:72 - GITHUB: status=1, sent=4, recv=4, rtt_avg=147 ms
2025-07-07 10:36:25.599 | INFO     | __main__:ping_device:72 - GOOGLE: status=1, sent=4, recv=4, rtt_avg=154 ms
2025-07-07 10:36:28.962 | INFO     | __main__:ping_device:72 - SAMSUNG_S22: status=0, sent=4, recv=0, rtt_avg=None ms
2025-07-07 10:36:28.990 | INFO     | __main__:monitor_loop:126 - Persistidos 7 resultados de monitoramento.
2025-07-07 10:36:28.991 | INFO     | __main__:monitor_loop:134 - Tempo de execução do loop: 4012.490 ms
==================================================
2025-07-07 10:36:54.993 | INFO     | __main__:ping_device:72 - FER_24G: status=1, sent=4, recv=4, rtt_avg=2 ms
2025-07-07 10:36:55.580 | INFO     | __main__:ping_device:72 - GITHUB: status=1, sent=4, recv=4, rtt_avg=149 ms
2025-07-07 10:36:55.601 | INFO     | __main__:ping_device:72 - GOOGLE: status=1, sent=4, recv=4, rtt_avg=154 ms
2025-07-07 10:36:58.955 | INFO     | __main__:ping_device:72 - SAMSUNG_S22: status=0, sent=4, recv=0, rtt_avg=None ms
2025-07-07 10:36:58.975 | INFO     | __main__:monitor_loop:126 - Persistidos 4 resultados de monitoramento.
2025-07-07 10:36:58.975 | INFO     | __main__:monitor_loop:134 - Tempo de execução do loop: 3996.415 ms
==================================================
2025-07-07 10:37:24.991 | INFO     | __main__:monitor_loop:103 - Dispositivos carregados: 7
==================================================
2025-07-07 10:37:25.014 | INFO     | __main__:ping_device:72 - FER_24G: status=1, sent=4, recv=4, rtt_avg=2 ms
2025-07-07 10:37:25.193 | INFO     | __main__:ping_device:72 - FACEBOOK: status=1, sent=4, recv=4, rtt_avg=48 ms
2025-07-07 10:37:25.422 | INFO     | __main__:ping_device:72 - WIKIPEDIA: status=1, sent=3, recv=3, rtt_avg=140 ms
2025-07-07 10:37:25.596 | INFO     | __main__:ping_device:72 - GITHUB: status=1, sent=4, recv=4, rtt_avg=149 ms
2025-07-07 10:37:25.622 | INFO     | __main__:ping_device:72 - GOOGLE: status=1, sent=4, recv=4, rtt_avg=156 ms
2025-07-07 10:37:28.956 | INFO     | __main__:ping_device:72 - SAMSUNG_S22: status=0, sent=4, recv=0, rtt_avg=None ms
2025-07-07 10:37:28.971 | INFO     | __main__:monitor_loop:126 - Persistidos 6 resultados de monitoramento.
2025-07-07 10:37:28.972 | INFO     | __main__:monitor_loop:134 - Tempo de execução do loop: 3992.071 ms
==================================================
2025-07-07 10:37:54.997 | INFO     | __main__:ping_device:72 - FER_24G: status=1, sent=4, recv=4, rtt_avg=2 ms
2025-07-07 10:37:55.044 | INFO     | __main__:ping_device:72 - CLOUDFLARE: status=1, sent=2, recv=2, rtt_avg=30 ms
2025-07-07 10:37:55.585 | INFO     | __main__:ping_device:72 - GITHUB: status=1, sent=4, recv=4, rtt_avg=149 ms
2025-07-07 10:37:55.609 | INFO     | __main__:ping_device:72 - GOOGLE: status=1, sent=4, recv=4, rtt_avg=155 ms
2025-07-07 10:37:58.943 | INFO     | __main__:ping_device:72 - SAMSUNG_S22: status=0, sent=4, recv=0, rtt_avg=None ms
2025-07-07 10:37:58.970 | INFO     | __main__:monitor_loop:126 - Persistidos 5 resultados de monitoramento.
2025-07-07 10:37:58.970 | INFO     | __main__:monitor_loop:134 - Tempo de execução do loop: 3989.654 ms
==================================================
2025-07-07 10:38:24.993 | INFO     | __main__:ping_device:72 - FER_24G: status=1, sent=4, recv=4, rtt_avg=1 ms
2025-07-07 10:38:25.177 | INFO     | __main__:ping_device:72 - FACEBOOK: status=1, sent=4, recv=4, rtt_avg=47 ms
2025-07-07 10:38:25.403 | INFO     | __main__:ping_device:72 - WIKIPEDIA: status=1, sent=3, recv=3, rtt_avg=139 ms
2025-07-07 10:38:25.592 | INFO     | __main__:ping_device:72 - GITHUB: status=1, sent=4, recv=4, rtt_avg=151 ms
2025-07-07 10:38:25.613 | INFO     | __main__:ping_device:72 - GOOGLE: status=1, sent=4, recv=4, rtt_avg=156 ms
2025-07-07 10:38:28.949 | INFO     | __main__:ping_device:72 - SAMSUNG_S22: status=0, sent=4, recv=0, rtt_avg=None ms
2025-07-07 10:38:28.964 | INFO     | __main__:monitor_loop:126 - Persistidos 6 resultados de monitoramento.
2025-07-07 10:38:28.964 | INFO     | __main__:monitor_loop:134 - Tempo de execução do loop: 3982.812 ms
==================================================
2025-07-07 10:38:55.003 | INFO     | __main__:ping_device:72 - FER_24G: status=1, sent=4, recv=4, rtt_avg=3 ms
2025-07-07 10:38:55.582 | INFO     | __main__:ping_device:72 - GITHUB: status=1, sent=4, recv=4, rtt_avg=148 ms
2025-07-07 10:38:55.608 | INFO     | __main__:ping_device:72 - GOOGLE: status=1, sent=4, recv=4, rtt_avg=155 ms
2025-07-07 10:38:58.954 | INFO     | __main__:ping_device:72 - SAMSUNG_S22: status=0, sent=4, recv=0, rtt_avg=None ms
2025-07-07 10:38:58.975 | INFO     | __main__:monitor_loop:126 - Persistidos 4 resultados de monitoramento.
2025-07-07 10:38:58.976 | INFO     | __main__:monitor_loop:134 - Tempo de execução do loop: 3993.562 ms
==================================================
2025-07-07 10:39:24.992 | INFO     | __main__:ping_device:72 - FER_24G: status=1, sent=4, recv=4, rtt_avg=1 ms
2025-07-07 10:39:25.046 | INFO     | __main__:ping_device:72 - CLOUDFLARE: status=1, sent=2, recv=2, rtt_avg=29 ms
2025-07-07 10:39:25.173 | INFO     | __main__:ping_device:72 - FACEBOOK: status=1, sent=4, recv=4, rtt_avg=46 ms
2025-07-07 10:39:25.411 | INFO     | __main__:ping_device:72 - WIKIPEDIA: status=1, sent=3, recv=3, rtt_avg=141 ms
2025-07-07 10:39:25.588 | INFO     | __main__:ping_device:72 - GITHUB: status=1, sent=4, recv=4, rtt_avg=150 ms
2025-07-07 10:39:25.617 | INFO     | __main__:ping_device:72 - GOOGLE: status=1, sent=4, recv=4, rtt_avg=157 ms
2025-07-07 10:39:28.956 | INFO     | __main__:ping_device:72 - SAMSUNG_S22: status=0, sent=4, recv=0, rtt_avg=None ms
2025-07-07 10:39:28.963 | INFO     | __main__:monitor_loop:126 - Persistidos 7 resultados de monitoramento.
2025-07-07 10:39:28.964 | INFO     | __main__:monitor_loop:134 - Tempo de execução do loop: 3979.768 ms
==================================================
2025-07-07 10:39:54.998 | INFO     | __main__:ping_device:72 - FER_24G: status=1, sent=4, recv=4, rtt_avg=2 ms
2025-07-07 10:39:55.585 | INFO     | __main__:ping_device:72 - GITHUB: status=1, sent=4, recv=4, rtt_avg=149 ms
2025-07-07 10:39:55.613 | INFO     | __main__:ping_device:72 - GOOGLE: status=1, sent=4, recv=4, rtt_avg=156 ms
2025-07-07 10:39:58.964 | INFO     | __main__:ping_device:72 - SAMSUNG_S22: status=0, sent=4, recv=0, rtt_avg=None ms
2025-07-07 10:39:58.985 | INFO     | __main__:monitor_loop:126 - Persistidos 4 resultados de monitoramento.
2025-07-07 10:39:58.986 | INFO     | __main__:monitor_loop:134 - Tempo de execução do loop: 4001.199 ms
==================================================
2025-07-07 10:40:25.006 | INFO     | __main__:ping_device:72 - FER_24G: status=1, sent=4, recv=4, rtt_avg=2 ms
2025-07-07 10:40:25.184 | INFO     | __main__:ping_device:72 - FACEBOOK: status=1, sent=4, recv=4, rtt_avg=48 ms
2025-07-07 10:40:25.415 | INFO     | __main__:ping_device:72 - WIKIPEDIA: status=1, sent=3, recv=3, rtt_avg=140 ms
2025-07-07 10:40:25.600 | INFO     | __main__:ping_device:72 - GITHUB: status=1, sent=4, recv=4, rtt_avg=151 ms
2025-07-07 10:40:25.621 | INFO     | __main__:ping_device:72 - GOOGLE: status=1, sent=4, recv=4, rtt_avg=157 ms
2025-07-07 10:40:28.957 | INFO     | __main__:ping_device:72 - SAMSUNG_S22: status=0, sent=4, recv=0, rtt_avg=None ms
2025-07-07 10:40:28.987 | INFO     | __main__:monitor_loop:126 - Persistidos 6 resultados de monitoramento.
2025-07-07 10:40:28.987 | INFO     | __main__:monitor_loop:134 - Tempo de execução do loop: 4001.598 ms
==================================================
2025-07-07 10:40:54.999 | INFO     | __main__:ping_device:72 - FER_24G: status=1, sent=4, recv=4, rtt_avg=2 ms
2025-07-07 10:40:55.053 | INFO     | __main__:ping_device:72 - CLOUDFLARE: status=1, sent=2, recv=2, rtt_avg=32 ms
2025-07-07 10:40:55.593 | INFO     | __main__:ping_device:72 - GITHUB: status=1, sent=4, recv=4, rtt_avg=150 ms
2025-07-07 10:40:55.613 | INFO     | __main__:ping_device:72 - GOOGLE: status=1, sent=4, recv=4, rtt_avg=155 ms
2025-07-07 10:40:58.951 | INFO     | __main__:ping_device:72 - SAMSUNG_S22: status=0, sent=4, recv=0, rtt_avg=None ms
2025-07-07 10:40:58.970 | INFO     | __main__:monitor_loop:126 - Persistidos 5 resultados de monitoramento.
2025-07-07 10:40:58.970 | INFO     | __main__:monitor_loop:134 - Tempo de execução do loop: 3984.160 ms
==================================================
2025-07-07 10:41:25.011 | INFO     | __main__:ping_device:72 - FER_24G: status=1, sent=4, recv=4, rtt_avg=2 ms
2025-07-07 10:41:25.181 | INFO     | __main__:ping_device:72 - FACEBOOK: status=1, sent=4, recv=4, rtt_avg=46 ms
2025-07-07 10:41:25.411 | INFO     | __main__:ping_device:72 - WIKIPEDIA: status=1, sent=3, recv=3, rtt_avg=137 ms
2025-07-07 10:41:25.593 | INFO     | __main__:ping_device:72 - GITHUB: status=1, sent=4, recv=4, rtt_avg=149 ms
2025-07-07 10:41:25.627 | INFO     | __main__:ping_device:72 - GOOGLE: status=1, sent=4, recv=4, rtt_avg=158 ms
2025-07-07 10:41:28.948 | INFO     | __main__:ping_device:72 - SAMSUNG_S22: status=0, sent=4, recv=0, rtt_avg=None ms
2025-07-07 10:41:28.964 | INFO     | __main__:monitor_loop:126 - Persistidos 6 resultados de monitoramento.
2025-07-07 10:41:28.964 | INFO     | __main__:monitor_loop:134 - Tempo de execução do loop: 3976.704 ms
==================================================
2025-07-07 10:41:55.001 | INFO     | __main__:ping_device:72 - FER_24G: status=1, sent=4, recv=4, rtt_avg=2 ms
2025-07-07 10:41:55.586 | INFO     | __main__:ping_device:72 - GITHUB: status=1, sent=4, recv=4, rtt_avg=148 ms
2025-07-07 10:41:55.615 | INFO     | __main__:ping_device:72 - GOOGLE: status=1, sent=4, recv=4, rtt_avg=155 ms
2025-07-07 10:41:58.958 | INFO     | __main__:ping_device:72 - SAMSUNG_S22: status=0, sent=4, recv=0, rtt_avg=None ms
2025-07-07 10:41:58.975 | INFO     | __main__:monitor_loop:126 - Persistidos 4 resultados de monitoramento.
2025-07-07 10:41:58.975 | INFO     | __main__:monitor_loop:134 - Tempo de execução do loop: 3987.579 ms
==================================================
2025-07-07 10:42:24.998 | INFO     | __main__:monitor_loop:103 - Dispositivos carregados: 7
==================================================
2025-07-07 10:42:25.025 | INFO     | __main__:ping_device:72 - FER_24G: status=1, sent=4, recv=4, rtt_avg=3 ms
2025-07-07 10:42:25.070 | INFO     | __main__:ping_device:72 - CLOUDFLARE: status=1, sent=2, recv=2, rtt_avg=31 ms
2025-07-07 10:42:25.186 | INFO     | __main__:ping_device:72 - FACEBOOK: status=1, sent=4, recv=4, rtt_avg=45 ms
2025-07-07 10:42:25.426 | INFO     | __main__:ping_device:72 - WIKIPEDIA: status=1, sent=3, recv=3, rtt_avg=138 ms
2025-07-07 10:42:25.610 | INFO     | __main__:ping_device:72 - GITHUB: status=1, sent=4, recv=4, rtt_avg=150 ms
2025-07-07 10:42:25.638 | INFO     | __main__:ping_device:72 - GOOGLE: status=1, sent=4, recv=4, rtt_avg=158 ms
2025-07-07 10:42:28.966 | INFO     | __main__:ping_device:72 - SAMSUNG_S22: status=0, sent=4, recv=0, rtt_avg=None ms
2025-07-07 10:42:28.997 | INFO     | __main__:monitor_loop:126 - Persistidos 7 resultados de monitoramento.
2025-07-07 10:42:28.997 | INFO     | __main__:monitor_loop:134 - Tempo de execução do loop: 4007.752 ms
==================================================
2025-07-07 10:42:55.014 | INFO     | __main__:ping_device:72 - FER_24G: status=1, sent=4, recv=4, rtt_avg=4 ms
2025-07-07 10:42:55.590 | INFO     | __main__:ping_device:72 - GITHUB: status=1, sent=4, recv=4, rtt_avg=148 ms
2025-07-07 10:42:55.613 | INFO     | __main__:ping_device:72 - GOOGLE: status=1, sent=4, recv=4, rtt_avg=154 ms
2025-07-07 10:42:58.961 | INFO     | __main__:ping_device:72 - SAMSUNG_S22: status=0, sent=4, recv=0, rtt_avg=None ms
2025-07-07 10:42:58.977 | INFO     | __main__:monitor_loop:126 - Persistidos 4 resultados de monitoramento.
2025-07-07 10:42:58.978 | INFO     | __main__:monitor_loop:134 - Tempo de execução do loop: 3988.070 ms
==================================================
2025-07-07 10:43:25.010 | INFO     | __main__:ping_device:72 - FER_24G: status=1, sent=4, recv=4, rtt_avg=3 ms
2025-07-07 10:43:25.177 | INFO     | __main__:ping_device:72 - FACEBOOK: status=1, sent=4, recv=4, rtt_avg=45 ms
2025-07-07 10:43:25.416 | INFO     | __main__:ping_device:72 - WIKIPEDIA: status=1, sent=3, recv=3, rtt_avg=139 ms
2025-07-07 10:43:25.621 | INFO     | __main__:ping_device:72 - GOOGLE: status=1, sent=4, recv=4, rtt_avg=156 ms
2025-07-07 10:43:25.645 | INFO     | __main__:ping_device:72 - GITHUB: status=1, sent=4, recv=4, rtt_avg=162 ms
2025-07-07 10:43:28.965 | INFO     | __main__:ping_device:72 - SAMSUNG_S22: status=0, sent=4, recv=0, rtt_avg=None ms
2025-07-07 10:43:28.988 | INFO     | __main__:monitor_loop:126 - Persistidos 6 resultados de monitoramento.
2025-07-07 10:43:28.989 | INFO     | __main__:monitor_loop:134 - Tempo de execução do loop: 3997.789 ms
==================================================
2025-07-07 10:43:55.000 | INFO     | __main__:ping_device:72 - FER_24G: status=1, sent=4, recv=4, rtt_avg=1 ms
2025-07-07 10:43:55.047 | INFO     | __main__:ping_device:72 - CLOUDFLARE: status=1, sent=2, recv=2, rtt_avg=26 ms
2025-07-07 10:43:55.596 | INFO     | __main__:ping_device:72 - GITHUB: status=1, sent=4, recv=4, rtt_avg=149 ms
2025-07-07 10:43:55.627 | INFO     | __main__:ping_device:72 - GOOGLE: status=1, sent=4, recv=4, rtt_avg=157 ms
2025-07-07 10:43:58.950 | INFO     | __main__:ping_device:72 - SAMSUNG_S22: status=0, sent=4, recv=0, rtt_avg=None ms
2025-07-07 10:43:58.971 | INFO     | __main__:monitor_loop:126 - Persistidos 5 resultados de monitoramento.
2025-07-07 10:43:58.972 | INFO     | __main__:monitor_loop:134 - Tempo de execução do loop: 3979.551 ms
==================================================
2025-07-07 10:44:25.024 | INFO     | __main__:ping_device:72 - FER_24G: status=1, sent=4, recv=4, rtt_avg=4 ms
2025-07-07 10:44:25.191 | INFO     | __main__:ping_device:72 - FACEBOOK: status=1, sent=4, recv=4, rtt_avg=47 ms
2025-07-07 10:44:25.414 | INFO     | __main__:ping_device:72 - WIKIPEDIA: status=1, sent=3, recv=3, rtt_avg=136 ms
2025-07-07 10:44:25.629 | INFO     | __main__:ping_device:72 - GITHUB: status=1, sent=4, recv=4, rtt_avg=156 ms
2025-07-07 10:44:25.639 | INFO     | __main__:ping_device:72 - GOOGLE: status=1, sent=4, recv=4, rtt_avg=160 ms
2025-07-07 10:44:28.947 | INFO     | __main__:ping_device:72 - SAMSUNG_S22: status=0, sent=4, recv=0, rtt_avg=None ms
2025-07-07 10:44:28.954 | INFO     | __main__:monitor_loop:126 - Persistidos 6 resultados de monitoramento.
2025-07-07 10:44:28.954 | INFO     | __main__:monitor_loop:134 - Tempo de execução do loop: 3960.419 ms
==================================================
2025-07-07 10:44:55.011 | INFO     | __main__:ping_device:72 - FER_24G: status=1, sent=4, recv=4, rtt_avg=2 ms
2025-07-07 10:44:55.596 | INFO     | __main__:ping_device:72 - GITHUB: status=1, sent=4, recv=4, rtt_avg=148 ms
2025-07-07 10:44:55.622 | INFO     | __main__:ping_device:72 - GOOGLE: status=1, sent=4, recv=4, rtt_avg=155 ms
2025-07-07 10:44:58.948 | INFO     | __main__:ping_device:72 - SAMSUNG_S22: status=0, sent=4, recv=0, rtt_avg=None ms
2025-07-07 10:44:58.964 | INFO     | __main__:monitor_loop:126 - Persistidos 4 resultados de monitoramento.
2025-07-07 10:44:58.964 | INFO     | __main__:monitor_loop:134 - Tempo de execução do loop: 3970.211 ms
==================================================
2025-07-07 10:45:25.014 | INFO     | __main__:ping_device:72 - FER_24G: status=1, sent=4, recv=4, rtt_avg=1 ms
2025-07-07 10:45:25.061 | INFO     | __main__:ping_device:72 - CLOUDFLARE: status=1, sent=2, recv=2, rtt_avg=29 ms
2025-07-07 10:45:25.178 | INFO     | __main__:ping_device:72 - FACEBOOK: status=1, sent=4, recv=4, rtt_avg=44 ms
2025-07-07 10:45:25.421 | INFO     | __main__:ping_device:72 - WIKIPEDIA: status=1, sent=3, recv=3, rtt_avg=138 ms
2025-07-07 10:45:25.597 | INFO     | __main__:ping_device:72 - GITHUB: status=1, sent=4, recv=4, rtt_avg=148 ms
2025-07-07 10:45:25.624 | INFO     | __main__:ping_device:72 - GOOGLE: status=1, sent=4, recv=4, rtt_avg=155 ms
2025-07-07 10:45:28.961 | INFO     | __main__:ping_device:72 - SAMSUNG_S22: status=0, sent=4, recv=0, rtt_avg=None ms
2025-07-07 10:45:28.993 | INFO     | __main__:monitor_loop:126 - Persistidos 7 resultados de monitoramento.
2025-07-07 10:45:28.994 | INFO     | __main__:monitor_loop:134 - Tempo de execução do loop: 4000.185 ms
==================================================
2025-07-07 10:45:55.016 | INFO     | __main__:ping_device:72 - FER_24G: status=1, sent=4, recv=4, rtt_avg=2 ms
2025-07-07 10:45:55.602 | INFO     | __main__:ping_device:72 - GITHUB: status=1, sent=4, recv=4, rtt_avg=150 ms
2025-07-07 10:45:55.623 | INFO     | __main__:ping_device:72 - GOOGLE: status=1, sent=4, recv=4, rtt_avg=155 ms
2025-07-07 10:45:58.959 | INFO     | __main__:ping_device:72 - SAMSUNG_S22: status=0, sent=4, recv=0, rtt_avg=None ms
2025-07-07 10:45:58.990 | INFO     | __main__:monitor_loop:126 - Persistidos 4 resultados de monitoramento.
2025-07-07 10:45:58.991 | INFO     | __main__:monitor_loop:134 - Tempo de execução do loop: 3995.467 ms
==================================================
2025-07-07 10:46:25.009 | INFO     | __main__:ping_device:72 - FER_24G: status=1, sent=4, recv=4, rtt_avg=2 ms
2025-07-07 10:46:25.199 | INFO     | __main__:ping_device:72 - FACEBOOK: status=1, sent=4, recv=4, rtt_avg=49 ms
2025-07-07 10:46:25.419 | INFO     | __main__:ping_device:72 - WIKIPEDIA: status=1, sent=3, recv=3, rtt_avg=139 ms
2025-07-07 10:46:25.603 | INFO     | __main__:ping_device:72 - GITHUB: status=1, sent=4, recv=4, rtt_avg=150 ms
2025-07-07 10:46:25.627 | INFO     | __main__:ping_device:72 - GOOGLE: status=1, sent=4, recv=4, rtt_avg=156 ms
2025-07-07 10:46:28.959 | INFO     | __main__:ping_device:72 - SAMSUNG_S22: status=0, sent=4, recv=0, rtt_avg=None ms
2025-07-07 10:46:28.988 | INFO     | __main__:monitor_loop:126 - Persistidos 6 resultados de monitoramento.
2025-07-07 10:46:28.989 | INFO     | __main__:monitor_loop:134 - Tempo de execução do loop: 3991.863 ms
==================================================
2025-07-07 10:46:55.015 | INFO     | __main__:ping_device:72 - FER_24G: status=1, sent=4, recv=4, rtt_avg=2 ms
2025-07-07 10:46:55.056 | INFO     | __main__:ping_device:72 - CLOUDFLARE: status=1, sent=2, recv=2, rtt_avg=27 ms
2025-07-07 10:46:55.617 | INFO     | __main__:ping_device:72 - GITHUB: status=1, sent=4, recv=4, rtt_avg=152 ms
2025-07-07 10:46:55.634 | INFO     | __main__:ping_device:72 - GOOGLE: status=1, sent=4, recv=4, rtt_avg=157 ms
2025-07-07 10:46:58.949 | INFO     | __main__:ping_device:72 - SAMSUNG_S22: status=0, sent=4, recv=0, rtt_avg=None ms
2025-07-07 10:46:58.968 | INFO     | __main__:monitor_loop:126 - Persistidos 5 resultados de monitoramento.
2025-07-07 10:46:58.968 | INFO     | __main__:monitor_loop:134 - Tempo de execução do loop: 3970.110 ms
==================================================
2025-07-07 10:47:25.011 | INFO     | __main__:monitor_loop:103 - Dispositivos carregados: 7
==================================================
2025-07-07 10:47:25.024 | INFO     | __main__:ping_device:72 - FER_24G: status=1, sent=4, recv=4, rtt_avg=2 ms
2025-07-07 10:47:25.199 | INFO     | __main__:ping_device:72 - FACEBOOK: status=1, sent=4, recv=4, rtt_avg=45 ms
2025-07-07 10:47:25.431 | INFO     | __main__:ping_device:72 - WIKIPEDIA: status=1, sent=3, recv=3, rtt_avg=138 ms
2025-07-07 10:47:25.611 | INFO     | __main__:ping_device:72 - GITHUB: status=1, sent=4, recv=4, rtt_avg=148 ms
2025-07-07 10:47:25.639 | INFO     | __main__:ping_device:72 - GOOGLE: status=1, sent=4, recv=4, rtt_avg=155 ms
2025-07-07 10:47:28.958 | INFO     | __main__:ping_device:72 - SAMSUNG_S22: status=0, sent=4, recv=0, rtt_avg=None ms
2025-07-07 10:47:28.975 | INFO     | __main__:monitor_loop:126 - Persistidos 6 resultados de monitoramento.
2025-07-07 10:47:28.975 | INFO     | __main__:monitor_loop:134 - Tempo de execução do loop: 3976.215 ms
==================================================
2025-07-07 10:47:55.015 | INFO     | __main__:ping_device:72 - FER_24G: status=1, sent=4, recv=4, rtt_avg=3 ms
2025-07-07 10:47:55.589 | INFO     | __main__:ping_device:72 - GITHUB: status=1, sent=4, recv=4, rtt_avg=146 ms
2025-07-07 10:47:55.638 | INFO     | __main__:ping_device:72 - GOOGLE: status=1, sent=4, recv=4, rtt_avg=159 ms
2025-07-07 10:47:58.946 | INFO     | __main__:ping_device:72 - SAMSUNG_S22: status=0, sent=4, recv=0, rtt_avg=None ms
2025-07-07 10:47:58.963 | INFO     | __main__:monitor_loop:126 - Persistidos 4 resultados de monitoramento.
2025-07-07 10:47:58.963 | INFO     | __main__:monitor_loop:134 - Tempo de execução do loop: 3963.835 ms
==================================================
2025-07-07 10:48:25.009 | INFO     | __main__:ping_device:72 - FER_24G: status=1, sent=4, recv=4, rtt_avg=1 ms
2025-07-07 10:48:25.068 | INFO     | __main__:ping_device:72 - CLOUDFLARE: status=1, sent=2, recv=2, rtt_avg=32 ms
2025-07-07 10:48:25.193 | INFO     | __main__:ping_device:72 - FACEBOOK: status=1, sent=4, recv=4, rtt_avg=47 ms
2025-07-07 10:48:25.415 | INFO     | __main__:ping_device:72 - WIKIPEDIA: status=1, sent=3, recv=3, rtt_avg=137 ms
2025-07-07 10:48:25.600 | INFO     | __main__:ping_device:72 - GITHUB: status=1, sent=4, recv=4, rtt_avg=148 ms
2025-07-07 10:48:25.625 | INFO     | __main__:ping_device:72 - GOOGLE: status=1, sent=4, recv=4, rtt_avg=155 ms
2025-07-07 10:48:28.954 | INFO     | __main__:ping_device:72 - SAMSUNG_S22: status=0, sent=4, recv=0, rtt_avg=None ms
2025-07-07 10:48:28.971 | INFO     | __main__:monitor_loop:126 - Persistidos 7 resultados de monitoramento.
2025-07-07 10:48:28.971 | INFO     | __main__:monitor_loop:134 - Tempo de execução do loop: 3970.916 ms
==================================================
2025-07-07 10:48:55.007 | INFO     | __main__:ping_device:72 - FER_24G: status=1, sent=4, recv=4, rtt_avg=1 ms
2025-07-07 10:48:55.597 | INFO     | __main__:ping_device:72 - GITHUB: status=1, sent=4, recv=4, rtt_avg=148 ms
2025-07-07 10:48:55.630 | INFO     | __main__:ping_device:72 - GOOGLE: status=1, sent=4, recv=4, rtt_avg=156 ms
2025-07-07 10:48:58.948 | INFO     | __main__:ping_device:72 - SAMSUNG_S22: status=0, sent=4, recv=0, rtt_avg=None ms
2025-07-07 10:48:58.969 | INFO     | __main__:monitor_loop:126 - Persistidos 4 resultados de monitoramento.
2025-07-07 10:48:58.970 | INFO     | __main__:monitor_loop:134 - Tempo de execução do loop: 3969.572 ms
==================================================
2025-07-07 10:49:25.015 | INFO     | __main__:ping_device:72 - FER_24G: status=1, sent=4, recv=4, rtt_avg=1 ms
2025-07-07 10:49:25.187 | INFO     | __main__:ping_device:72 - FACEBOOK: status=1, sent=4, recv=4, rtt_avg=45 ms
2025-07-07 10:49:25.420 | INFO     | __main__:ping_device:72 - WIKIPEDIA: status=1, sent=3, recv=3, rtt_avg=137 ms
2025-07-07 10:49:25.604 | INFO     | __main__:ping_device:72 - GITHUB: status=1, sent=4, recv=4, rtt_avg=149 ms
2025-07-07 10:49:25.639 | INFO     | __main__:ping_device:72 - GOOGLE: status=1, sent=4, recv=4, rtt_avg=158 ms
2025-07-07 10:49:28.960 | INFO     | __main__:ping_device:72 - SAMSUNG_S22: status=0, sent=4, recv=0, rtt_avg=None ms
2025-07-07 10:49:28.992 | INFO     | __main__:monitor_loop:126 - Persistidos 6 resultados de monitoramento.
2025-07-07 10:49:28.993 | INFO     | __main__:monitor_loop:134 - Tempo de execução do loop: 3991.423 ms
==================================================
2025-07-07 10:49:55.013 | INFO     | __main__:ping_device:72 - FER_24G: status=1, sent=4, recv=4, rtt_avg=1 ms
2025-07-07 10:49:55.065 | INFO     | __main__:ping_device:72 - CLOUDFLARE: status=1, sent=2, recv=2, rtt_avg=30 ms
2025-07-07 10:49:55.604 | INFO     | __main__:ping_device:72 - GITHUB: status=1, sent=4, recv=4, rtt_avg=149 ms
2025-07-07 10:49:55.631 | INFO     | __main__:ping_device:72 - GOOGLE: status=1, sent=4, recv=4, rtt_avg=156 ms
2025-07-07 10:49:58.947 | INFO     | __main__:ping_device:72 - SAMSUNG_S22: status=0, sent=4, recv=0, rtt_avg=None ms
2025-07-07 10:49:58.963 | INFO     | __main__:monitor_loop:126 - Persistidos 5 resultados de monitoramento.
2025-07-07 10:49:58.964 | INFO     | __main__:monitor_loop:134 - Tempo de execução do loop: 3960.350 ms
==================================================
2025-07-07 10:50:25.018 | INFO     | __main__:ping_device:72 - FER_24G: status=1, sent=4, recv=4, rtt_avg=1 ms
2025-07-07 10:50:25.205 | INFO     | __main__:ping_device:72 - FACEBOOK: status=1, sent=4, recv=4, rtt_avg=48 ms
2025-07-07 10:50:25.425 | INFO     | __main__:ping_device:72 - WIKIPEDIA: status=1, sent=3, recv=3, rtt_avg=137 ms
2025-07-07 10:50:25.616 | INFO     | __main__:ping_device:72 - GITHUB: status=1, sent=4, recv=4, rtt_avg=151 ms
2025-07-07 10:50:25.633 | INFO     | __main__:ping_device:72 - GOOGLE: status=1, sent=4, recv=4, rtt_avg=156 ms
2025-07-07 10:50:28.960 | INFO     | __main__:ping_device:72 - SAMSUNG_S22: status=0, sent=4, recv=0, rtt_avg=None ms
2025-07-07 10:50:28.992 | INFO     | __main__:monitor_loop:126 - Persistidos 6 resultados de monitoramento.
2025-07-07 10:50:28.993 | INFO     | __main__:monitor_loop:134 - Tempo de execução do loop: 3988.537 ms
==================================================
2025-07-07 10:50:55.023 | INFO     | __main__:ping_device:72 - FER_24G: status=1, sent=4, recv=4, rtt_avg=2 ms
2025-07-07 10:50:55.607 | INFO     | __main__:ping_device:72 - GITHUB: status=1, sent=4, recv=4, rtt_avg=148 ms
2025-07-07 10:50:55.635 | INFO     | __main__:ping_device:72 - GOOGLE: status=1, sent=4, recv=4, rtt_avg=156 ms
2025-07-07 10:50:58.958 | INFO     | __main__:ping_device:72 - SAMSUNG_S22: status=0, sent=4, recv=0, rtt_avg=None ms
2025-07-07 10:50:58.988 | INFO     | __main__:monitor_loop:126 - Persistidos 4 resultados de monitoramento.
2025-07-07 10:50:58.990 | INFO     | __main__:monitor_loop:134 - Tempo de execução do loop: 3983.986 ms
==================================================
2025-07-07 10:51:25.027 | INFO     | __main__:ping_device:72 - FER_24G: status=1, sent=4, recv=4, rtt_avg=2 ms
2025-07-07 10:51:25.071 | INFO     | __main__:ping_device:72 - CLOUDFLARE: status=1, sent=2, recv=2, rtt_avg=29 ms
2025-07-07 10:51:25.201 | INFO     | __main__:ping_device:72 - FACEBOOK: status=1, sent=4, recv=4, rtt_avg=47 ms
2025-07-07 10:51:25.435 | INFO     | __main__:ping_device:72 - WIKIPEDIA: status=1, sent=3, recv=3, rtt_avg=140 ms
2025-07-07 10:51:25.610 | INFO     | __main__:ping_device:72 - GITHUB: status=1, sent=4, recv=4, rtt_avg=148 ms
2025-07-07 10:51:25.644 | INFO     | __main__:ping_device:72 - GOOGLE: status=1, sent=4, recv=4, rtt_avg=158 ms
2025-07-07 10:51:28.962 | INFO     | __main__:ping_device:72 - SAMSUNG_S22: status=0, sent=4, recv=0, rtt_avg=None ms
2025-07-07 10:51:28.996 | INFO     | __main__:monitor_loop:126 - Persistidos 7 resultados de monitoramento.
2025-07-07 10:51:28.997 | INFO     | __main__:monitor_loop:134 - Tempo de execução do loop: 3990.168 ms
==================================================
2025-07-07 10:51:55.029 | INFO     | __main__:ping_device:72 - FER_24G: status=1, sent=4, recv=4, rtt_avg=3 ms
2025-07-07 10:51:55.620 | INFO     | __main__:ping_device:72 - GITHUB: status=1, sent=4, recv=4, rtt_avg=151 ms
2025-07-07 10:51:55.642 | INFO     | __main__:ping_device:72 - GOOGLE: status=1, sent=4, recv=4, rtt_avg=157 ms
2025-07-07 10:51:58.951 | INFO     | __main__:ping_device:72 - SAMSUNG_S22: status=0, sent=4, recv=0, rtt_avg=None ms
2025-07-07 10:51:58.983 | INFO     | __main__:monitor_loop:126 - Persistidos 4 resultados de monitoramento.
2025-07-07 10:51:58.984 | INFO     | __main__:monitor_loop:134 - Tempo de execução do loop: 3974.521 ms
==================================================
2025-07-07 10:52:25.022 | INFO     | __main__:monitor_loop:103 - Dispositivos carregados: 7
==================================================
2025-07-07 10:52:25.049 | INFO     | __main__:ping_device:72 - FER_24G: status=1, sent=4, recv=4, rtt_avg=3 ms
2025-07-07 10:52:25.221 | INFO     | __main__:ping_device:72 - FACEBOOK: status=1, sent=4, recv=4, rtt_avg=48 ms
2025-07-07 10:52:25.457 | INFO     | __main__:ping_device:72 - WIKIPEDIA: status=1, sent=3, recv=3, rtt_avg=141 ms
2025-07-07 10:52:25.627 | INFO     | __main__:ping_device:72 - GITHUB: status=1, sent=4, recv=4, rtt_avg=148 ms
2025-07-07 10:52:25.656 | INFO     | __main__:ping_device:72 - GOOGLE: status=1, sent=4, recv=4, rtt_avg=157 ms
2025-07-07 10:52:28.963 | INFO     | __main__:ping_device:72 - SAMSUNG_S22: status=0, sent=4, recv=0, rtt_avg=None ms
2025-07-07 10:52:28.984 | INFO     | __main__:monitor_loop:126 - Persistidos 6 resultados de monitoramento.
2025-07-07 10:52:28.984 | INFO     | __main__:monitor_loop:134 - Tempo de execução do loop: 3973.243 ms
==================================================
2025-07-07 10:52:55.029 | INFO     | __main__:ping_device:72 - FER_24G: status=1, sent=4, recv=4, rtt_avg=1 ms
2025-07-07 10:52:55.081 | INFO     | __main__:ping_device:72 - CLOUDFLARE: status=1, sent=2, recv=2, rtt_avg=32 ms
2025-07-07 10:52:55.607 | INFO     | __main__:ping_device:72 - GITHUB: status=1, sent=4, recv=4, rtt_avg=146 ms
2025-07-07 10:52:55.646 | INFO     | __main__:ping_device:72 - GOOGLE: status=1, sent=4, recv=4, rtt_avg=157 ms
2025-07-07 10:52:58.965 | INFO     | __main__:ping_device:72 - SAMSUNG_S22: status=0, sent=4, recv=0, rtt_avg=None ms
2025-07-07 10:52:58.981 | INFO     | __main__:monitor_loop:126 - Persistidos 5 resultados de monitoramento.
2025-07-07 10:52:58.982 | INFO     | __main__:monitor_loop:134 - Tempo de execução do loop: 3970.713 ms
==================================================
2025-07-07 10:53:25.034 | INFO     | __main__:ping_device:72 - FER_24G: status=1, sent=4, recv=4, rtt_avg=2 ms
2025-07-07 10:53:25.215 | INFO     | __main__:ping_device:72 - FACEBOOK: status=1, sent=4, recv=4, rtt_avg=49 ms
2025-07-07 10:53:25.440 | INFO     | __main__:ping_device:72 - WIKIPEDIA: status=1, sent=3, recv=3, rtt_avg=139 ms
2025-07-07 10:53:25.618 | INFO     | __main__:ping_device:72 - GITHUB: status=1, sent=4, recv=4, rtt_avg=148 ms
2025-07-07 10:53:25.638 | INFO     | __main__:ping_device:72 - GOOGLE: status=1, sent=4, recv=4, rtt_avg=155 ms
2025-07-07 10:53:28.948 | INFO     | __main__:ping_device:72 - SAMSUNG_S22: status=0, sent=4, recv=0, rtt_avg=None ms
2025-07-07 10:53:28.965 | INFO     | __main__:monitor_loop:126 - Persistidos 6 resultados de monitoramento.
2025-07-07 10:53:28.965 | INFO     | __main__:monitor_loop:134 - Tempo de execução do loop: 3952.960 ms
==================================================
2025-07-07 10:53:55.019 | INFO     | __main__:ping_device:72 - FER_24G: status=1, sent=4, recv=4, rtt_avg=1 ms
2025-07-07 10:53:55.626 | INFO     | __main__:ping_device:72 - GITHUB: status=1, sent=4, recv=4, rtt_avg=152 ms
2025-07-07 10:53:55.649 | INFO     | __main__:ping_device:72 - GOOGLE: status=1, sent=4, recv=4, rtt_avg=158 ms
2025-07-07 10:53:58.970 | INFO     | __main__:ping_device:72 - SAMSUNG_S22: status=0, sent=4, recv=0, rtt_avg=None ms
2025-07-07 10:53:58.987 | INFO     | __main__:monitor_loop:126 - Persistidos 4 resultados de monitoramento.
2025-07-07 10:53:58.987 | INFO     | __main__:monitor_loop:134 - Tempo de execução do loop: 3974.392 ms
==================================================
2025-07-07 10:54:25.041 | INFO     | __main__:ping_device:72 - FER_24G: status=1, sent=4, recv=4, rtt_avg=3 ms
2025-07-07 10:54:25.079 | INFO     | __main__:ping_device:72 - CLOUDFLARE: status=1, sent=2, recv=2, rtt_avg=29 ms
2025-07-07 10:54:25.212 | INFO     | __main__:ping_device:72 - FACEBOOK: status=1, sent=4, recv=4, rtt_avg=48 ms
2025-07-07 10:54:25.443 | INFO     | __main__:ping_device:72 - WIKIPEDIA: status=1, sent=3, recv=3, rtt_avg=139 ms
2025-07-07 10:54:25.621 | INFO     | __main__:ping_device:72 - GITHUB: status=1, sent=4, recv=4, rtt_avg=149 ms
2025-07-07 10:54:25.632 | INFO     | __main__:ping_device:72 - GOOGLE: status=1, sent=4, recv=4, rtt_avg=153 ms
2025-07-07 10:54:28.972 | INFO     | __main__:ping_device:72 - SAMSUNG_S22: status=0, sent=4, recv=0, rtt_avg=None ms
2025-07-07 10:54:29.005 | INFO     | __main__:monitor_loop:126 - Persistidos 7 resultados de monitoramento.
2025-07-07 10:54:29.006 | INFO     | __main__:monitor_loop:134 - Tempo de execução do loop: 3992.981 ms
==================================================
2025-07-07 10:54:55.030 | INFO     | __main__:ping_device:72 - FER_24G: status=1, sent=4, recv=4, rtt_avg=1 ms
2025-07-07 10:54:55.620 | INFO     | __main__:ping_device:72 - GITHUB: status=1, sent=4, recv=4, rtt_avg=149 ms
2025-07-07 10:54:55.639 | INFO     | __main__:ping_device:72 - GOOGLE: status=1, sent=4, recv=4, rtt_avg=154 ms
2025-07-07 10:54:58.953 | INFO     | __main__:ping_device:72 - SAMSUNG_S22: status=0, sent=4, recv=0, rtt_avg=None ms
2025-07-07 10:54:58.983 | INFO     | __main__:monitor_loop:126 - Persistidos 4 resultados de monitoramento.
2025-07-07 10:54:58.984 | INFO     | __main__:monitor_loop:134 - Tempo de execução do loop: 3968.665 ms
==================================================
2025-07-07 10:55:25.031 | INFO     | __main__:ping_device:72 - FER_24G: status=1, sent=4, recv=4, rtt_avg=2 ms
2025-07-07 10:55:25.212 | INFO     | __main__:ping_device:72 - FACEBOOK: status=1, sent=4, recv=4, rtt_avg=47 ms
2025-07-07 10:55:25.437 | INFO     | __main__:ping_device:72 - WIKIPEDIA: status=1, sent=3, recv=3, rtt_avg=138 ms
2025-07-07 10:55:25.617 | INFO     | __main__:ping_device:72 - GITHUB: status=1, sent=4, recv=4, rtt_avg=148 ms
2025-07-07 10:55:25.648 | INFO     | __main__:ping_device:72 - GOOGLE: status=1, sent=4, recv=4, rtt_avg=156 ms
2025-07-07 10:55:28.974 | INFO     | __main__:ping_device:72 - SAMSUNG_S22: status=0, sent=4, recv=0, rtt_avg=None ms
2025-07-07 10:55:29.006 | INFO     | __main__:monitor_loop:126 - Persistidos 6 resultados de monitoramento.
2025-07-07 10:55:29.007 | INFO     | __main__:monitor_loop:134 - Tempo de execução do loop: 3990.061 ms
==================================================
2025-07-07 10:55:55.031 | INFO     | __main__:ping_device:72 - FER_24G: status=1, sent=4, recv=4, rtt_avg=1 ms
2025-07-07 10:55:55.076 | INFO     | __main__:ping_device:72 - CLOUDFLARE: status=1, sent=2, recv=2, rtt_avg=27 ms
2025-07-07 10:55:55.616 | INFO     | __main__:ping_device:72 - GITHUB: status=1, sent=4, recv=4, rtt_avg=148 ms
2025-07-07 10:55:55.653 | INFO     | __main__:ping_device:72 - GOOGLE: status=1, sent=4, recv=4, rtt_avg=157 ms
2025-07-07 10:55:58.958 | INFO     | __main__:ping_device:72 - SAMSUNG_S22: status=0, sent=4, recv=0, rtt_avg=None ms
2025-07-07 10:55:58.990 | INFO     | __main__:monitor_loop:126 - Persistidos 5 resultados de monitoramento.
2025-07-07 10:55:58.991 | INFO     | __main__:monitor_loop:134 - Tempo de execução do loop: 3973.138 ms
==================================================
2025-07-07 10:56:25.031 | INFO     | __main__:ping_device:72 - FER_24G: status=1, sent=4, recv=4, rtt_avg=2 ms
2025-07-07 10:56:25.213 | INFO     | __main__:ping_device:72 - FACEBOOK: status=1, sent=4, recv=4, rtt_avg=47 ms
2025-07-07 10:56:25.436 | INFO     | __main__:ping_device:72 - WIKIPEDIA: status=1, sent=3, recv=3, rtt_avg=137 ms
2025-07-07 10:56:25.619 | INFO     | __main__:ping_device:72 - GITHUB: status=1, sent=4, recv=4, rtt_avg=148 ms
2025-07-07 10:56:25.648 | INFO     | __main__:ping_device:72 - GOOGLE: status=1, sent=4, recv=4, rtt_avg=156 ms
2025-07-07 10:56:28.951 | INFO     | __main__:ping_device:72 - SAMSUNG_S22: status=0, sent=4, recv=0, rtt_avg=None ms
2025-07-07 10:56:28.969 | INFO     | __main__:monitor_loop:126 - Persistidos 6 resultados de monitoramento.
2025-07-07 10:56:28.970 | INFO     | __main__:monitor_loop:134 - Tempo de execução do loop: 3950.143 ms
==================================================
2025-07-07 10:56:55.052 | INFO     | __main__:ping_device:72 - FER_24G: status=1, sent=4, recv=4, rtt_avg=5 ms
2025-07-07 10:56:55.677 | INFO     | __main__:ping_device:72 - GITHUB: status=1, sent=4, recv=4, rtt_avg=162 ms
2025-07-07 10:56:55.685 | INFO     | __main__:ping_device:72 - GOOGLE: status=1, sent=4, recv=4, rtt_avg=165 ms
2025-07-07 10:56:58.959 | INFO     | __main__:ping_device:72 - SAMSUNG_S22: status=0, sent=4, recv=0, rtt_avg=None ms
2025-07-07 10:56:58.975 | INFO     | __main__:monitor_loop:126 - Persistidos 4 resultados de monitoramento.
2025-07-07 10:56:58.975 | INFO     | __main__:monitor_loop:134 - Tempo de execução do loop: 3955.292 ms
==================================================
2025-07-07 10:57:25.031 | INFO     | __main__:monitor_loop:103 - Dispositivos carregados: 7
==================================================
2025-07-07 10:57:25.056 | INFO     | __main__:ping_device:72 - FER_24G: status=1, sent=4, recv=4, rtt_avg=2 ms
2025-07-07 10:57:25.094 | INFO     | __main__:ping_device:72 - CLOUDFLARE: status=1, sent=2, recv=2, rtt_avg=28 ms
2025-07-07 10:57:25.224 | INFO     | __main__:ping_device:72 - FACEBOOK: status=1, sent=4, recv=4, rtt_avg=46 ms
2025-07-07 10:57:25.455 | INFO     | __main__:ping_device:72 - WIKIPEDIA: status=1, sent=3, recv=3, rtt_avg=137 ms
2025-07-07 10:57:25.642 | INFO     | __main__:ping_device:72 - GITHUB: status=1, sent=4, recv=4, rtt_avg=150 ms
2025-07-07 10:57:25.664 | INFO     | __main__:ping_device:72 - GOOGLE: status=1, sent=4, recv=4, rtt_avg=156 ms
2025-07-07 10:57:28.957 | INFO     | __main__:ping_device:72 - SAMSUNG_S22: status=0, sent=4, recv=0, rtt_avg=None ms
2025-07-07 10:57:28.989 | INFO     | __main__:monitor_loop:126 - Persistidos 7 resultados de monitoramento.
2025-07-07 10:57:28.990 | INFO     | __main__:monitor_loop:134 - Tempo de execução do loop: 3969.185 ms
==================================================
2025-07-07 10:57:55.041 | INFO     | __main__:ping_device:72 - FER_24G: status=1, sent=4, recv=4, rtt_avg=2 ms
2025-07-07 10:57:55.622 | INFO     | __main__:ping_device:72 - GITHUB: status=1, sent=4, recv=4, rtt_avg=148 ms
2025-07-07 10:57:55.656 | INFO     | __main__:ping_device:72 - GOOGLE: status=1, sent=4, recv=4, rtt_avg=157 ms
2025-07-07 10:57:58.950 | INFO     | __main__:ping_device:72 - SAMSUNG_S22: status=0, sent=4, recv=0, rtt_avg=None ms
2025-07-07 10:57:58.980 | INFO     | __main__:monitor_loop:126 - Persistidos 4 resultados de monitoramento.
2025-07-07 10:57:58.981 | INFO     | __main__:monitor_loop:134 - Tempo de execução do loop: 3958.618 ms
==================================================
2025-07-07 10:58:25.052 | INFO     | __main__:ping_device:72 - FER_24G: status=1, sent=4, recv=4, rtt_avg=3 ms
2025-07-07 10:58:25.225 | INFO     | __main__:ping_device:72 - FACEBOOK: status=1, sent=4, recv=4, rtt_avg=48 ms
2025-07-07 10:58:25.453 | INFO     | __main__:ping_device:72 - WIKIPEDIA: status=1, sent=3, recv=3, rtt_avg=140 ms
2025-07-07 10:58:25.637 | INFO     | __main__:ping_device:72 - GITHUB: status=1, sent=4, recv=4, rtt_avg=150 ms
2025-07-07 10:58:25.657 | INFO     | __main__:ping_device:72 - GOOGLE: status=1, sent=4, recv=4, rtt_avg=156 ms
2025-07-07 10:58:28.950 | INFO     | __main__:ping_device:72 - SAMSUNG_S22: status=0, sent=4, recv=0, rtt_avg=None ms
2025-07-07 10:58:28.968 | INFO     | __main__:monitor_loop:126 - Persistidos 6 resultados de monitoramento.
2025-07-07 10:58:28.969 | INFO     | __main__:monitor_loop:134 - Tempo de execução do loop: 3944.744 ms
==================================================
2025-07-07 10:58:55.041 | INFO     | __main__:ping_device:72 - FER_24G: status=1, sent=4, recv=4, rtt_avg=3 ms
2025-07-07 10:58:55.083 | INFO     | __main__:ping_device:72 - CLOUDFLARE: status=1, sent=2, recv=2, rtt_avg=28 ms
2025-07-07 10:58:55.643 | INFO     | __main__:ping_device:72 - GITHUB: status=1, sent=4, recv=4, rtt_avg=153 ms
2025-07-07 10:58:55.655 | INFO     | __main__:ping_device:72 - GOOGLE: status=1, sent=4, recv=4, rtt_avg=156 ms
2025-07-07 10:58:58.953 | INFO     | __main__:ping_device:72 - SAMSUNG_S22: status=0, sent=4, recv=0, rtt_avg=None ms
2025-07-07 10:58:58.971 | INFO     | __main__:monitor_loop:126 - Persistidos 5 resultados de monitoramento.
2025-07-07 10:58:58.971 | INFO     | __main__:monitor_loop:134 - Tempo de execução do loop: 3946.608 ms
==================================================
2025-07-07 10:59:25.051 | INFO     | __main__:ping_device:72 - FER_24G: status=1, sent=4, recv=4, rtt_avg=3 ms
2025-07-07 10:59:25.214 | INFO     | __main__:ping_device:72 - FACEBOOK: status=1, sent=4, recv=4, rtt_avg=45 ms
2025-07-07 10:59:25.449 | INFO     | __main__:ping_device:72 - WIKIPEDIA: status=1, sent=3, recv=3, rtt_avg=137 ms
2025-07-07 10:59:25.638 | INFO     | __main__:ping_device:72 - GITHUB: status=1, sent=4, recv=4, rtt_avg=150 ms
2025-07-07 10:59:25.658 | INFO     | __main__:ping_device:72 - GOOGLE: status=1, sent=4, recv=4, rtt_avg=156 ms
2025-07-07 10:59:28.948 | INFO     | __main__:ping_device:72 - SAMSUNG_S22: status=0, sent=4, recv=0, rtt_avg=None ms
2025-07-07 10:59:28.954 | INFO     | __main__:monitor_loop:126 - Persistidos 6 resultados de monitoramento.
2025-07-07 10:59:28.955 | INFO     | __main__:monitor_loop:134 - Tempo de execução do loop: 3929.317 ms
==================================================
2025-07-07 10:59:55.043 | INFO     | __main__:ping_device:72 - FER_24G: status=1, sent=4, recv=4, rtt_avg=2 ms
2025-07-07 10:59:55.631 | INFO     | __main__:ping_device:72 - GITHUB: status=1, sent=4, recv=4, rtt_avg=149 ms
2025-07-07 10:59:55.649 | INFO     | __main__:ping_device:72 - GOOGLE: status=1, sent=4, recv=4, rtt_avg=154 ms
2025-07-07 10:59:58.952 | INFO     | __main__:ping_device:72 - SAMSUNG_S22: status=0, sent=4, recv=0, rtt_avg=None ms
2025-07-07 10:59:58.973 | INFO     | __main__:monitor_loop:126 - Persistidos 4 resultados de monitoramento.
2025-07-07 10:59:58.974 | INFO     | __main__:monitor_loop:134 - Tempo de execução do loop: 3947.594 ms
==================================================
2025-07-07 11:00:25.034 | INFO     | __main__:ping_device:72 - FER_24G: status=1, sent=4, recv=4, rtt_avg=0 ms
2025-07-07 11:00:25.085 | INFO     | __main__:ping_device:72 - CLOUDFLARE: status=1, sent=2, recv=2, rtt_avg=28 ms
2025-07-07 11:00:25.218 | INFO     | __main__:ping_device:72 - FACEBOOK: status=1, sent=4, recv=4, rtt_avg=47 ms
2025-07-07 11:00:25.444 | INFO     | __main__:ping_device:72 - WIKIPEDIA: status=1, sent=3, recv=3, rtt_avg=137 ms
2025-07-07 11:00:25.619 | INFO     | __main__:ping_device:72 - GITHUB: status=1, sent=4, recv=4, rtt_avg=147 ms
2025-07-07 11:00:25.647 | INFO     | __main__:ping_device:72 - GOOGLE: status=1, sent=4, recv=4, rtt_avg=154 ms
2025-07-07 11:00:28.955 | INFO     | __main__:ping_device:72 - SAMSUNG_S22: status=0, sent=4, recv=0, rtt_avg=None ms
2025-07-07 11:00:28.975 | INFO     | __main__:monitor_loop:126 - Persistidos 7 resultados de monitoramento.
2025-07-07 11:00:28.975 | INFO     | __main__:monitor_loop:134 - Tempo de execução do loop: 3948.114 ms
==================================================
2025-07-07 11:00:55.047 | INFO     | __main__:ping_device:72 - FER_24G: status=1, sent=4, recv=4, rtt_avg=4 ms
2025-07-07 11:00:55.639 | INFO     | __main__:ping_device:72 - GITHUB: status=1, sent=4, recv=4, rtt_avg=152 ms
2025-07-07 11:00:55.662 | INFO     | __main__:ping_device:72 - GOOGLE: status=1, sent=4, recv=4, rtt_avg=157 ms
2025-07-07 11:00:58.961 | INFO     | __main__:ping_device:72 - SAMSUNG_S22: status=0, sent=4, recv=0, rtt_avg=None ms
2025-07-07 11:00:58.979 | INFO     | __main__:monitor_loop:126 - Persistidos 4 resultados de monitoramento.
2025-07-07 11:00:58.980 | INFO     | __main__:monitor_loop:134 - Tempo de execução do loop: 3952.165 ms
==================================================
2025-07-07 11:01:25.053 | INFO     | __main__:ping_device:72 - FER_24G: status=1, sent=4, recv=4, rtt_avg=3 ms
2025-07-07 11:01:25.215 | INFO     | __main__:ping_device:72 - FACEBOOK: status=1, sent=4, recv=4, rtt_avg=45 ms
2025-07-07 11:01:25.455 | INFO     | __main__:ping_device:72 - WIKIPEDIA: status=1, sent=3, recv=3, rtt_avg=139 ms
2025-07-07 11:01:25.644 | INFO     | __main__:ping_device:72 - GITHUB: status=1, sent=4, recv=4, rtt_avg=151 ms
2025-07-07 11:01:25.661 | INFO     | __main__:ping_device:72 - GOOGLE: status=1, sent=4, recv=4, rtt_avg=156 ms
2025-07-07 11:01:28.956 | INFO     | __main__:ping_device:72 - SAMSUNG_S22: status=0, sent=4, recv=0, rtt_avg=None ms
2025-07-07 11:01:28.972 | INFO     | __main__:monitor_loop:126 - Persistidos 6 resultados de monitoramento.
2025-07-07 11:01:28.972 | INFO     | __main__:monitor_loop:134 - Tempo de execução do loop: 3944.156 ms
==================================================
2025-07-07 11:01:55.054 | INFO     | __main__:ping_device:72 - FER_24G: status=1, sent=4, recv=4, rtt_avg=3 ms
2025-07-07 11:01:55.095 | INFO     | __main__:ping_device:72 - CLOUDFLARE: status=1, sent=2, recv=2, rtt_avg=30 ms
2025-07-07 11:01:55.639 | INFO     | __main__:ping_device:72 - GITHUB: status=1, sent=4, recv=4, rtt_avg=150 ms
2025-07-07 11:01:55.655 | INFO     | __main__:ping_device:72 - GOOGLE: status=1, sent=4, recv=4, rtt_avg=155 ms
2025-07-07 11:01:58.961 | INFO     | __main__:ping_device:72 - SAMSUNG_S22: status=0, sent=4, recv=0, rtt_avg=None ms
2025-07-07 11:01:58.980 | INFO     | __main__:monitor_loop:126 - Persistidos 5 resultados de monitoramento.
2025-07-07 11:01:58.981 | INFO     | __main__:monitor_loop:134 - Tempo de execução do loop: 3951.703 ms
==================================================
2025-07-07 11:02:25.042 | INFO     | __main__:monitor_loop:103 - Dispositivos carregados: 7
==================================================
2025-07-07 11:02:25.059 | INFO     | __main__:ping_device:72 - FER_24G: status=1, sent=4, recv=4, rtt_avg=2 ms
2025-07-07 11:02:25.244 | INFO     | __main__:ping_device:72 - FACEBOOK: status=1, sent=4, recv=4, rtt_avg=48 ms
2025-07-07 11:02:25.470 | INFO     | __main__:ping_device:72 - WIKIPEDIA: status=1, sent=3, recv=3, rtt_avg=139 ms
2025-07-07 11:02:25.644 | INFO     | __main__:ping_device:72 - GITHUB: status=1, sent=4, recv=4, rtt_avg=148 ms
2025-07-07 11:02:25.673 | INFO     | __main__:ping_device:72 - GOOGLE: status=1, sent=4, recv=4, rtt_avg=156 ms
2025-07-07 11:02:28.957 | INFO     | __main__:ping_device:72 - SAMSUNG_S22: status=0, sent=4, recv=0, rtt_avg=None ms
2025-07-07 11:02:28.989 | INFO     | __main__:monitor_loop:126 - Persistidos 6 resultados de monitoramento.
2025-07-07 11:02:28.990 | INFO     | __main__:monitor_loop:134 - Tempo de execução do loop: 3959.863 ms
==================================================
2025-07-07 11:02:55.051 | INFO     | __main__:ping_device:72 - FER_24G: status=1, sent=4, recv=4, rtt_avg=2 ms
2025-07-07 11:02:55.643 | INFO     | __main__:ping_device:72 - GITHUB: status=1, sent=4, recv=4, rtt_avg=151 ms
2025-07-07 11:02:56.518 | INFO     | __main__:ping_device:72 - GOOGLE: status=1, sent=4, recv=3, rtt_avg=156 ms
2025-07-07 11:02:58.956 | INFO     | __main__:ping_device:72 - SAMSUNG_S22: status=0, sent=4, recv=0, rtt_avg=None ms
2025-07-07 11:02:58.973 | INFO     | __main__:monitor_loop:126 - Persistidos 4 resultados de monitoramento.
2025-07-07 11:02:58.973 | INFO     | __main__:monitor_loop:134 - Tempo de execução do loop: 3941.891 ms
==================================================
2025-07-07 11:03:25.069 | INFO     | __main__:ping_device:72 - FER_24G: status=1, sent=4, recv=4, rtt_avg=5 ms
2025-07-07 11:03:25.099 | INFO     | __main__:ping_device:72 - CLOUDFLARE: status=1, sent=2, recv=2, rtt_avg=30 ms
2025-07-07 11:03:25.225 | INFO     | __main__:ping_device:72 - FACEBOOK: status=1, sent=4, recv=4, rtt_avg=47 ms
2025-07-07 11:03:25.456 | INFO     | __main__:ping_device:72 - WIKIPEDIA: status=1, sent=3, recv=3, rtt_avg=137 ms
2025-07-07 11:03:25.635 | INFO     | __main__:ping_device:72 - GITHUB: status=1, sent=4, recv=4, rtt_avg=148 ms
2025-07-07 11:03:25.655 | INFO     | __main__:ping_device:72 - GOOGLE: status=1, sent=4, recv=4, rtt_avg=154 ms
2025-07-07 11:03:28.962 | INFO     | __main__:ping_device:72 - SAMSUNG_S22: status=0, sent=4, recv=0, rtt_avg=None ms
2025-07-07 11:03:28.968 | INFO     | __main__:monitor_loop:126 - Persistidos 7 resultados de monitoramento.
2025-07-07 11:03:28.968 | INFO     | __main__:monitor_loop:134 - Tempo de execução do loop: 3936.109 ms
==================================================
2025-07-07 11:03:55.044 | INFO     | __main__:ping_device:72 - FER_24G: status=1, sent=4, recv=4, rtt_avg=1 ms
2025-07-07 11:03:55.630 | INFO     | __main__:ping_device:72 - GITHUB: status=1, sent=4, recv=4, rtt_avg=148 ms
2025-07-07 11:03:55.678 | INFO     | __main__:ping_device:72 - GOOGLE: status=1, sent=4, recv=4, rtt_avg=160 ms
2025-07-07 11:03:58.954 | INFO     | __main__:ping_device:72 - SAMSUNG_S22: status=0, sent=4, recv=0, rtt_avg=None ms
2025-07-07 11:03:58.972 | INFO     | __main__:monitor_loop:126 - Persistidos 4 resultados de monitoramento.
2025-07-07 11:03:58.973 | INFO     | __main__:monitor_loop:134 - Tempo de execução do loop: 3940.711 ms
==================================================
2025-07-07 11:04:25.044 | INFO     | __main__:ping_device:72 - FER_24G: status=1, sent=4, recv=4, rtt_avg=1 ms
2025-07-07 11:04:25.227 | INFO     | __main__:ping_device:72 - FACEBOOK: status=1, sent=4, recv=4, rtt_avg=47 ms
2025-07-07 11:04:25.452 | INFO     | __main__:ping_device:72 - WIKIPEDIA: status=1, sent=3, recv=3, rtt_avg=138 ms
2025-07-07 11:04:25.635 | INFO     | __main__:ping_device:72 - GITHUB: status=1, sent=4, recv=4, rtt_avg=149 ms
2025-07-07 11:04:25.665 | INFO     | __main__:ping_device:72 - GOOGLE: status=1, sent=4, recv=4, rtt_avg=157 ms
2025-07-07 11:04:28.950 | INFO     | __main__:ping_device:72 - SAMSUNG_S22: status=0, sent=4, recv=0, rtt_avg=None ms
2025-07-07 11:04:28.981 | INFO     | __main__:monitor_loop:126 - Persistidos 6 resultados de monitoramento.
2025-07-07 11:04:28.982 | INFO     | __main__:monitor_loop:134 - Tempo de execução do loop: 3948.323 ms
==================================================
2025-07-07 11:04:55.044 | INFO     | __main__:ping_device:72 - FER_24G: status=1, sent=4, recv=4, rtt_avg=1 ms
2025-07-07 11:04:55.092 | INFO     | __main__:ping_device:72 - CLOUDFLARE: status=1, sent=2, recv=2, rtt_avg=27 ms
2025-07-07 11:04:55.641 | INFO     | __main__:ping_device:72 - GITHUB: status=1, sent=4, recv=4, rtt_avg=150 ms
2025-07-07 11:04:55.658 | INFO     | __main__:ping_device:72 - GOOGLE: status=1, sent=4, recv=4, rtt_avg=154 ms
2025-07-07 11:04:58.957 | INFO     | __main__:ping_device:72 - SAMSUNG_S22: status=0, sent=4, recv=0, rtt_avg=None ms
2025-07-07 11:04:58.989 | INFO     | __main__:monitor_loop:126 - Persistidos 5 resultados de monitoramento.
2025-07-07 11:04:58.990 | INFO     | __main__:monitor_loop:134 - Tempo de execução do loop: 3955.185 ms
==================================================
2025-07-07 11:05:25.048 | INFO     | __main__:ping_device:72 - FER_24G: status=1, sent=4, recv=4, rtt_avg=2 ms
2025-07-07 11:05:25.219 | INFO     | __main__:ping_device:72 - FACEBOOK: status=1, sent=4, recv=4, rtt_avg=44 ms
2025-07-07 11:05:25.451 | INFO     | __main__:ping_device:72 - WIKIPEDIA: status=1, sent=3, recv=3, rtt_avg=136 ms
2025-07-07 11:05:25.634 | INFO     | __main__:ping_device:72 - GITHUB: status=1, sent=4, recv=4, rtt_avg=148 ms
2025-07-07 11:05:25.667 | INFO     | __main__:ping_device:72 - GOOGLE: status=1, sent=4, recv=4, rtt_avg=156 ms
2025-07-07 11:05:28.946 | INFO     | __main__:ping_device:72 - SAMSUNG_S22: status=0, sent=4, recv=0, rtt_avg=None ms
2025-07-07 11:05:28.962 | INFO     | __main__:monitor_loop:126 - Persistidos 6 resultados de monitoramento.
2025-07-07 11:05:28.963 | INFO     | __main__:monitor_loop:134 - Tempo de execução do loop: 3926.520 ms
==================================================
2025-07-07 11:05:55.055 | INFO     | __main__:ping_device:72 - FER_24G: status=1, sent=4, recv=4, rtt_avg=2 ms
2025-07-07 11:05:55.643 | INFO     | __main__:ping_device:72 - GITHUB: status=1, sent=4, recv=4, rtt_avg=150 ms
2025-07-07 11:05:55.680 | INFO     | __main__:ping_device:72 - GOOGLE: status=1, sent=4, recv=4, rtt_avg=159 ms
2025-07-07 11:05:58.952 | INFO     | __main__:ping_device:72 - SAMSUNG_S22: status=0, sent=4, recv=0, rtt_avg=None ms
2025-07-07 11:05:58.968 | INFO     | __main__:monitor_loop:126 - Persistidos 4 resultados de monitoramento.
2025-07-07 11:05:58.969 | INFO     | __main__:monitor_loop:134 - Tempo de execução do loop: 3931.634 ms
==================================================
2025-07-07 11:06:25.052 | INFO     | __main__:ping_device:72 - FER_24G: status=1, sent=4, recv=4, rtt_avg=2 ms
2025-07-07 11:06:25.097 | INFO     | __main__:ping_device:72 - CLOUDFLARE: status=1, sent=2, recv=2, rtt_avg=28 ms
2025-07-07 11:06:25.213 | INFO     | __main__:ping_device:72 - FACEBOOK: status=1, sent=4, recv=4, rtt_avg=43 ms
2025-07-07 11:06:25.455 | INFO     | __main__:ping_device:72 - WIKIPEDIA: status=1, sent=3, recv=3, rtt_avg=137 ms
2025-07-07 11:06:25.634 | INFO     | __main__:ping_device:72 - GITHUB: status=1, sent=4, recv=4, rtt_avg=148 ms
2025-07-07 11:06:25.660 | INFO     | __main__:ping_device:72 - GOOGLE: status=1, sent=4, recv=4, rtt_avg=154 ms
2025-07-07 11:06:28.962 | INFO     | __main__:ping_device:72 - SAMSUNG_S22: status=0, sent=4, recv=0, rtt_avg=None ms
2025-07-07 11:06:28.994 | INFO     | __main__:monitor_loop:126 - Persistidos 7 resultados de monitoramento.
2025-07-07 11:06:28.995 | INFO     | __main__:monitor_loop:134 - Tempo de execução do loop: 3957.176 ms
==================================================
2025-07-07 11:06:55.047 | INFO     | __main__:ping_device:72 - FER_24G: status=1, sent=4, recv=4, rtt_avg=1 ms
2025-07-07 11:06:55.637 | INFO     | __main__:ping_device:72 - GITHUB: status=1, sent=4, recv=4, rtt_avg=148 ms
2025-07-07 11:06:55.658 | INFO     | __main__:ping_device:72 - GOOGLE: status=1, sent=4, recv=4, rtt_avg=154 ms
2025-07-07 11:06:58.962 | INFO     | __main__:ping_device:72 - SAMSUNG_S22: status=0, sent=4, recv=0, rtt_avg=None ms
2025-07-07 11:06:58.994 | INFO     | __main__:monitor_loop:126 - Persistidos 4 resultados de monitoramento.
2025-07-07 11:06:58.995 | INFO     | __main__:monitor_loop:134 - Tempo de execução do loop: 3956.139 ms
==================================================
2025-07-07 11:07:25.045 | INFO     | __main__:monitor_loop:103 - Dispositivos carregados: 7
==================================================
2025-07-07 11:07:25.062 | INFO     | __main__:ping_device:72 - FER_24G: status=1, sent=4, recv=4, rtt_avg=3 ms
2025-07-07 11:07:25.223 | INFO     | __main__:ping_device:72 - FACEBOOK: status=1, sent=4, recv=4, rtt_avg=43 ms
2025-07-07 11:07:25.470 | INFO     | __main__:ping_device:72 - WIKIPEDIA: status=1, sent=3, recv=3, rtt_avg=140 ms
2025-07-07 11:07:25.633 | INFO     | __main__:ping_device:72 - GITHUB: status=1, sent=4, recv=4, rtt_avg=146 ms
2025-07-07 11:07:25.688 | INFO     | __main__:ping_device:72 - GOOGLE: status=1, sent=4, recv=4, rtt_avg=160 ms
2025-07-07 11:07:28.956 | INFO     | __main__:ping_device:72 - SAMSUNG_S22: status=0, sent=4, recv=0, rtt_avg=None ms
2025-07-07 11:07:28.972 | INFO     | __main__:monitor_loop:126 - Persistidos 6 resultados de monitoramento.
2025-07-07 11:07:28.972 | INFO     | __main__:monitor_loop:134 - Tempo de execução do loop: 3931.683 ms
==================================================
2025-07-07 11:07:55.063 | INFO     | __main__:ping_device:72 - FER_24G: status=1, sent=4, recv=4, rtt_avg=2 ms
2025-07-07 11:07:55.114 | INFO     | __main__:ping_device:72 - CLOUDFLARE: status=1, sent=2, recv=2, rtt_avg=33 ms
2025-07-07 11:07:55.644 | INFO     | __main__:ping_device:72 - GITHUB: status=1, sent=4, recv=4, rtt_avg=148 ms
2025-07-07 11:07:55.670 | INFO     | __main__:ping_device:72 - GOOGLE: status=1, sent=4, recv=4, rtt_avg=155 ms
2025-07-07 11:07:58.952 | INFO     | __main__:ping_device:72 - SAMSUNG_S22: status=0, sent=4, recv=0, rtt_avg=None ms
2025-07-07 11:07:58.982 | INFO     | __main__:monitor_loop:126 - Persistidos 5 resultados de monitoramento.
2025-07-07 11:07:58.983 | INFO     | __main__:monitor_loop:134 - Tempo de execução do loop: 3941.708 ms
==================================================
2025-07-07 11:08:25.071 | INFO     | __main__:ping_device:72 - FER_24G: status=1, sent=4, recv=4, rtt_avg=3 ms
2025-07-07 11:08:25.227 | INFO     | __main__:ping_device:72 - FACEBOOK: status=1, sent=4, recv=4, rtt_avg=44 ms
2025-07-07 11:08:25.469 | INFO     | __main__:ping_device:72 - WIKIPEDIA: status=1, sent=3, recv=3, rtt_avg=138 ms
2025-07-07 11:08:25.639 | INFO     | __main__:ping_device:72 - GITHUB: status=1, sent=4, recv=4, rtt_avg=146 ms
2025-07-07 11:08:25.664 | INFO     | __main__:ping_device:72 - GOOGLE: status=1, sent=4, recv=4, rtt_avg=153 ms
2025-07-07 11:08:28.959 | INFO     | __main__:ping_device:72 - SAMSUNG_S22: status=0, sent=4, recv=0, rtt_avg=None ms
2025-07-07 11:08:28.992 | INFO     | __main__:monitor_loop:126 - Persistidos 6 resultados de monitoramento.
2025-07-07 11:08:28.992 | INFO     | __main__:monitor_loop:134 - Tempo de execução do loop: 3949.066 ms
==================================================
2025-07-07 11:08:55.061 | INFO     | __main__:ping_device:72 - FER_24G: status=1, sent=4, recv=4, rtt_avg=2 ms
2025-07-07 11:08:55.634 | INFO     | __main__:ping_device:72 - GITHUB: status=1, sent=4, recv=4, rtt_avg=146 ms
2025-07-07 11:08:55.670 | INFO     | __main__:ping_device:72 - GOOGLE: status=1, sent=4, recv=4, rtt_avg=155 ms
2025-07-07 11:08:58.947 | INFO     | __main__:ping_device:72 - SAMSUNG_S22: status=0, sent=4, recv=0, rtt_avg=None ms
2025-07-07 11:08:58.979 | INFO     | __main__:monitor_loop:126 - Persistidos 4 resultados de monitoramento.
2025-07-07 11:08:58.980 | INFO     | __main__:monitor_loop:134 - Tempo de execução do loop: 3935.835 ms
==================================================
2025-07-07 11:09:25.070 | INFO     | __main__:ping_device:72 - FER_24G: status=1, sent=4, recv=4, rtt_avg=2 ms
2025-07-07 11:09:25.162 | INFO     | __main__:ping_device:72 - CLOUDFLARE: status=1, sent=2, recv=2, rtt_avg=54 ms
2025-07-07 11:09:25.272 | INFO     | __main__:ping_device:72 - FACEBOOK: status=1, sent=4, recv=4, rtt_avg=55 ms
2025-07-07 11:09:25.467 | INFO     | __main__:ping_device:72 - WIKIPEDIA: status=1, sent=3, recv=3, rtt_avg=136 ms
2025-07-07 11:09:25.649 | INFO     | __main__:ping_device:72 - GITHUB: status=1, sent=4, recv=4, rtt_avg=148 ms
2025-07-07 11:09:25.686 | INFO     | __main__:ping_device:72 - GOOGLE: status=1, sent=4, recv=4, rtt_avg=158 ms
2025-07-07 11:09:28.956 | INFO     | __main__:ping_device:72 - SAMSUNG_S22: status=0, sent=4, recv=0, rtt_avg=None ms
2025-07-07 11:09:28.973 | INFO     | __main__:monitor_loop:126 - Persistidos 7 resultados de monitoramento.
2025-07-07 11:09:28.973 | INFO     | __main__:monitor_loop:134 - Tempo de execução do loop: 3926.782 ms
==================================================
2025-07-07 11:09:55.060 | INFO     | __main__:ping_device:72 - FER_24G: status=1, sent=4, recv=4, rtt_avg=2 ms
2025-07-07 11:09:55.643 | INFO     | __main__:ping_device:72 - GITHUB: status=1, sent=4, recv=4, rtt_avg=148 ms
2025-07-07 11:09:55.676 | INFO     | __main__:ping_device:72 - GOOGLE: status=1, sent=4, recv=4, rtt_avg=156 ms
2025-07-07 11:09:58.960 | INFO     | __main__:ping_device:72 - SAMSUNG_S22: status=0, sent=4, recv=0, rtt_avg=None ms
2025-07-07 11:09:58.990 | INFO     | __main__:monitor_loop:126 - Persistidos 4 resultados de monitoramento.
2025-07-07 11:09:58.990 | INFO     | __main__:monitor_loop:134 - Tempo de execução do loop: 3943.446 ms
==================================================
2025-07-07 11:10:25.061 | INFO     | __main__:ping_device:72 - FER_24G: status=1, sent=4, recv=4, rtt_avg=2 ms
2025-07-07 11:10:25.241 | INFO     | __main__:ping_device:72 - FACEBOOK: status=1, sent=4, recv=4, rtt_avg=47 ms
2025-07-07 11:10:25.470 | INFO     | __main__:ping_device:72 - WIKIPEDIA: status=1, sent=3, recv=3, rtt_avg=139 ms
2025-07-07 11:10:25.656 | INFO     | __main__:ping_device:72 - GITHUB: status=1, sent=4, recv=4, rtt_avg=151 ms
2025-07-07 11:10:25.681 | INFO     | __main__:ping_device:72 - GOOGLE: status=1, sent=4, recv=4, rtt_avg=157 ms
2025-07-07 11:10:28.947 | INFO     | __main__:ping_device:72 - SAMSUNG_S22: status=0, sent=4, recv=0, rtt_avg=None ms
2025-07-07 11:10:28.975 | INFO     | __main__:monitor_loop:126 - Persistidos 6 resultados de monitoramento.
2025-07-07 11:10:28.976 | INFO     | __main__:monitor_loop:134 - Tempo de execução do loop: 3927.599 ms
==================================================
2025-07-07 11:10:55.071 | INFO     | __main__:ping_device:72 - FER_24G: status=1, sent=4, recv=4, rtt_avg=2 ms
2025-07-07 11:10:55.111 | INFO     | __main__:ping_device:72 - CLOUDFLARE: status=1, sent=2, recv=2, rtt_avg=28 ms
2025-07-07 11:10:55.665 | INFO     | __main__:ping_device:72 - GITHUB: status=1, sent=4, recv=4, rtt_avg=152 ms
2025-07-07 11:10:55.690 | INFO     | __main__:ping_device:72 - GOOGLE: status=1, sent=4, recv=4, rtt_avg=159 ms
2025-07-07 11:10:58.970 | INFO     | __main__:ping_device:72 - SAMSUNG_S22: status=0, sent=4, recv=0, rtt_avg=None ms
2025-07-07 11:10:59.002 | INFO     | __main__:monitor_loop:126 - Persistidos 5 resultados de monitoramento.
2025-07-07 11:10:59.003 | INFO     | __main__:monitor_loop:134 - Tempo de execução do loop: 3954.317 ms
==================================================
2025-07-07 11:11:25.082 | INFO     | __main__:ping_device:72 - FER_24G: status=1, sent=4, recv=4, rtt_avg=4 ms
2025-07-07 11:11:25.237 | INFO     | __main__:ping_device:72 - FACEBOOK: status=1, sent=4, recv=4, rtt_avg=45 ms
2025-07-07 11:11:25.470 | INFO     | __main__:ping_device:72 - WIKIPEDIA: status=1, sent=3, recv=3, rtt_avg=136 ms
2025-07-07 11:11:25.649 | INFO     | __main__:ping_device:72 - GITHUB: status=1, sent=4, recv=4, rtt_avg=147 ms
2025-07-07 11:11:25.679 | INFO     | __main__:ping_device:72 - GOOGLE: status=1, sent=4, recv=4, rtt_avg=155 ms
2025-07-07 11:11:28.964 | INFO     | __main__:ping_device:72 - SAMSUNG_S22: status=0, sent=4, recv=0, rtt_avg=None ms
2025-07-07 11:11:28.995 | INFO     | __main__:monitor_loop:126 - Persistidos 6 resultados de monitoramento.
2025-07-07 11:11:28.996 | INFO     | __main__:monitor_loop:134 - Tempo de execução do loop: 3944.691 ms
==================================================
2025-07-07 11:11:55.075 | INFO     | __main__:ping_device:72 - FER_24G: status=1, sent=4, recv=4, rtt_avg=3 ms
2025-07-07 11:11:55.660 | INFO     | __main__:ping_device:72 - GITHUB: status=1, sent=4, recv=4, rtt_avg=150 ms
2025-07-07 11:11:55.717 | INFO     | __main__:ping_device:72 - GOOGLE: status=1, sent=4, recv=4, rtt_avg=165 ms
2025-07-07 11:11:58.954 | INFO     | __main__:ping_device:72 - SAMSUNG_S22: status=0, sent=4, recv=0, rtt_avg=None ms
2025-07-07 11:11:58.986 | INFO     | __main__:monitor_loop:126 - Persistidos 4 resultados de monitoramento.
2025-07-07 11:11:58.987 | INFO     | __main__:monitor_loop:134 - Tempo de execução do loop: 3934.860 ms
==================================================
2025-07-07 11:12:25.058 | INFO     | __main__:monitor_loop:103 - Dispositivos carregados: 7
==================================================
2025-07-07 11:12:25.065 | INFO     | __main__:ping_device:72 - FER_24G: status=1, sent=4, recv=4, rtt_avg=0 ms
2025-07-07 11:12:25.131 | INFO     | __main__:ping_device:72 - CLOUDFLARE: status=1, sent=2, recv=2, rtt_avg=35 ms
2025-07-07 11:12:25.259 | INFO     | __main__:ping_device:72 - FACEBOOK: status=1, sent=4, recv=4, rtt_avg=48 ms
2025-07-07 11:12:25.484 | INFO     | __main__:ping_device:72 - WIKIPEDIA: status=1, sent=3, recv=3, rtt_avg=140 ms
2025-07-07 11:12:25.664 | INFO     | __main__:ping_device:72 - GITHUB: status=1, sent=4, recv=4, rtt_avg=150 ms
2025-07-07 11:12:25.697 | INFO     | __main__:ping_device:72 - GOOGLE: status=1, sent=4, recv=4, rtt_avg=158 ms
2025-07-07 11:12:28.951 | INFO     | __main__:ping_device:72 - SAMSUNG_S22: status=0, sent=4, recv=0, rtt_avg=None ms
2025-07-07 11:12:28.984 | INFO     | __main__:monitor_loop:126 - Persistidos 7 resultados de monitoramento.
2025-07-07 11:12:28.985 | INFO     | __main__:monitor_loop:134 - Tempo de execução do loop: 3931.234 ms
==================================================
2025-07-07 11:12:55.082 | INFO     | __main__:ping_device:72 - FER_24G: status=1, sent=4, recv=4, rtt_avg=4 ms
2025-07-07 11:12:55.673 | INFO     | __main__:ping_device:72 - GITHUB: status=1, sent=4, recv=4, rtt_avg=152 ms
2025-07-07 11:12:55.691 | INFO     | __main__:ping_device:72 - GOOGLE: status=1, sent=4, recv=4, rtt_avg=157 ms
2025-07-07 11:12:58.963 | INFO     | __main__:ping_device:72 - SAMSUNG_S22: status=0, sent=4, recv=0, rtt_avg=None ms
2025-07-07 11:12:58.995 | INFO     | __main__:monitor_loop:126 - Persistidos 4 resultados de monitoramento.
2025-07-07 11:12:58.997 | INFO     | __main__:monitor_loop:134 - Tempo de execução do loop: 3941.324 ms
==================================================
2025-07-07 11:13:25.068 | INFO     | __main__:ping_device:72 - FER_24G: status=1, sent=4, recv=4, rtt_avg=1 ms
2025-07-07 11:13:25.237 | INFO     | __main__:ping_device:72 - FACEBOOK: status=1, sent=4, recv=4, rtt_avg=44 ms
2025-07-07 11:13:25.480 | INFO     | __main__:ping_device:72 - WIKIPEDIA: status=1, sent=3, recv=3, rtt_avg=139 ms
2025-07-07 11:13:25.654 | INFO     | __main__:ping_device:72 - GITHUB: status=1, sent=4, recv=4, rtt_avg=148 ms
2025-07-07 11:13:25.675 | INFO     | __main__:ping_device:72 - GOOGLE: status=1, sent=4, recv=4, rtt_avg=154 ms
2025-07-07 11:13:28.964 | INFO     | __main__:ping_device:72 - SAMSUNG_S22: status=0, sent=4, recv=0, rtt_avg=None ms
2025-07-07 11:13:28.996 | INFO     | __main__:monitor_loop:126 - Persistidos 6 resultados de monitoramento.
2025-07-07 11:13:28.997 | INFO     | __main__:monitor_loop:134 - Tempo de execução do loop: 3940.514 ms
==================================================
2025-07-07 11:13:55.068 | INFO     | __main__:ping_device:72 - FER_24G: status=1, sent=4, recv=4, rtt_avg=1 ms
2025-07-07 11:13:55.118 | INFO     | __main__:ping_device:72 - CLOUDFLARE: status=1, sent=2, recv=2, rtt_avg=28 ms
2025-07-07 11:13:55.655 | INFO     | __main__:ping_device:72 - GITHUB: status=1, sent=4, recv=4, rtt_avg=148 ms
2025-07-07 11:13:55.684 | INFO     | __main__:ping_device:72 - GOOGLE: status=1, sent=4, recv=4, rtt_avg=155 ms
2025-07-07 11:13:58.947 | INFO     | __main__:ping_device:72 - SAMSUNG_S22: status=0, sent=4, recv=0, rtt_avg=None ms
2025-07-07 11:13:58.978 | INFO     | __main__:monitor_loop:126 - Persistidos 5 resultados de monitoramento.
2025-07-07 11:13:58.979 | INFO     | __main__:monitor_loop:134 - Tempo de execução do loop: 3921.623 ms
==================================================
2025-07-07 11:14:25.081 | INFO     | __main__:ping_device:72 - FER_24G: status=1, sent=4, recv=4, rtt_avg=2 ms
2025-07-07 11:14:25.258 | INFO     | __main__:ping_device:72 - FACEBOOK: status=1, sent=4, recv=4, rtt_avg=47 ms
2025-07-07 11:14:25.482 | INFO     | __main__:ping_device:72 - WIKIPEDIA: status=1, sent=3, recv=3, rtt_avg=137 ms
2025-07-07 11:14:25.670 | INFO     | __main__:ping_device:72 - GITHUB: status=1, sent=4, recv=4, rtt_avg=150 ms
2025-07-07 11:14:25.694 | INFO     | __main__:ping_device:72 - GOOGLE: status=1, sent=4, recv=4, rtt_avg=157 ms
2025-07-07 11:14:28.950 | INFO     | __main__:ping_device:72 - SAMSUNG_S22: status=0, sent=4, recv=0, rtt_avg=None ms
2025-07-07 11:14:28.981 | INFO     | __main__:monitor_loop:126 - Persistidos 6 resultados de monitoramento.
2025-07-07 11:14:28.982 | INFO     | __main__:monitor_loop:134 - Tempo de execução do loop: 3923.268 ms
==================================================
2025-07-07 11:14:55.073 | INFO     | __main__:ping_device:72 - FER_24G: status=1, sent=4, recv=4, rtt_avg=2 ms
2025-07-07 11:14:55.664 | INFO     | __main__:ping_device:72 - GITHUB: status=1, sent=4, recv=4, rtt_avg=149 ms
2025-07-07 11:14:55.689 | INFO     | __main__:ping_device:72 - GOOGLE: status=1, sent=4, recv=4, rtt_avg=156 ms
2025-07-07 11:14:58.964 | INFO     | __main__:ping_device:72 - SAMSUNG_S22: status=0, sent=4, recv=0, rtt_avg=None ms
2025-07-07 11:14:58.995 | INFO     | __main__:monitor_loop:126 - Persistidos 4 resultados de monitoramento.
2025-07-07 11:14:58.996 | INFO     | __main__:monitor_loop:134 - Tempo de execução do loop: 3936.107 ms
==================================================
2025-07-07 11:15:25.074 | INFO     | __main__:ping_device:72 - FER_24G: status=1, sent=4, recv=4, rtt_avg=2 ms
2025-07-07 11:15:25.133 | INFO     | __main__:ping_device:72 - CLOUDFLARE: status=1, sent=2, recv=2, rtt_avg=34 ms
2025-07-07 11:15:25.254 | INFO     | __main__:ping_device:72 - FACEBOOK: status=1, sent=4, recv=4, rtt_avg=47 ms
2025-07-07 11:15:25.485 | INFO     | __main__:ping_device:72 - WIKIPEDIA: status=1, sent=3, recv=3, rtt_avg=140 ms
2025-07-07 11:15:25.662 | INFO     | __main__:ping_device:72 - GITHUB: status=1, sent=4, recv=4, rtt_avg=149 ms
2025-07-07 11:15:25.685 | INFO     | __main__:ping_device:72 - GOOGLE: status=1, sent=4, recv=4, rtt_avg=155 ms
2025-07-07 11:15:28.950 | INFO     | __main__:ping_device:72 - SAMSUNG_S22: status=0, sent=4, recv=0, rtt_avg=None ms
2025-07-07 11:15:28.966 | INFO     | __main__:monitor_loop:126 - Persistidos 7 resultados de monitoramento.
2025-07-07 11:15:28.966 | INFO     | __main__:monitor_loop:134 - Tempo de execução do loop: 3904.773 ms
==================================================
2025-07-07 11:15:55.075 | INFO     | __main__:ping_device:72 - FER_24G: status=1, sent=4, recv=4, rtt_avg=2 ms
2025-07-07 11:15:55.660 | INFO     | __main__:ping_device:72 - GITHUB: status=1, sent=4, recv=4, rtt_avg=148 ms
2025-07-07 11:15:55.692 | INFO     | __main__:ping_device:72 - GOOGLE: status=1, sent=4, recv=4, rtt_avg=156 ms
2025-07-07 11:15:58.957 | INFO     | __main__:ping_device:72 - SAMSUNG_S22: status=0, sent=4, recv=0, rtt_avg=None ms
2025-07-07 11:15:58.973 | INFO     | __main__:monitor_loop:126 - Persistidos 4 resultados de monitoramento.
2025-07-07 11:15:58.973 | INFO     | __main__:monitor_loop:134 - Tempo de execução do loop: 3911.581 ms
==================================================
2025-07-07 11:16:25.084 | INFO     | __main__:ping_device:72 - FER_24G: status=1, sent=4, recv=4, rtt_avg=2 ms
2025-07-07 11:16:25.250 | INFO     | __main__:ping_device:72 - FACEBOOK: status=1, sent=4, recv=4, rtt_avg=45 ms
2025-07-07 11:16:25.483 | INFO     | __main__:ping_device:72 - WIKIPEDIA: status=1, sent=3, recv=3, rtt_avg=137 ms
2025-07-07 11:16:25.668 | INFO     | __main__:ping_device:72 - GITHUB: status=1, sent=4, recv=4, rtt_avg=149 ms
2025-07-07 11:16:25.688 | INFO     | __main__:ping_device:72 - GOOGLE: status=1, sent=4, recv=4, rtt_avg=155 ms
2025-07-07 11:16:28.948 | INFO     | __main__:ping_device:72 - SAMSUNG_S22: status=0, sent=4, recv=0, rtt_avg=None ms
2025-07-07 11:16:28.954 | INFO     | __main__:monitor_loop:126 - Persistidos 6 resultados de monitoramento.
2025-07-07 11:16:28.954 | INFO     | __main__:monitor_loop:134 - Tempo de execução do loop: 3891.528 ms
==================================================
2025-07-07 11:16:55.070 | INFO     | __main__:ping_device:72 - FER_24G: status=1, sent=4, recv=4, rtt_avg=1 ms
2025-07-07 11:16:55.122 | INFO     | __main__:ping_device:72 - CLOUDFLARE: status=1, sent=2, recv=2, rtt_avg=28 ms
2025-07-07 11:16:55.662 | INFO     | __main__:ping_device:72 - GITHUB: status=1, sent=4, recv=4, rtt_avg=148 ms
2025-07-07 11:16:55.690 | INFO     | __main__:ping_device:72 - GOOGLE: status=1, sent=4, recv=4, rtt_avg=155 ms
2025-07-07 11:16:58.958 | INFO     | __main__:ping_device:72 - SAMSUNG_S22: status=0, sent=4, recv=0, rtt_avg=None ms
2025-07-07 11:16:58.979 | INFO     | __main__:monitor_loop:126 - Persistidos 5 resultados de monitoramento.
2025-07-07 11:16:58.979 | INFO     | __main__:monitor_loop:134 - Tempo de execução do loop: 3916.064 ms
==================================================
2025-07-07 11:17:25.068 | INFO     | __main__:monitor_loop:103 - Dispositivos carregados: 7
==================================================
2025-07-07 11:17:25.090 | INFO     | __main__:ping_device:72 - FER_24G: status=1, sent=4, recv=4, rtt_avg=4 ms
2025-07-07 11:17:25.259 | INFO     | __main__:ping_device:72 - FACEBOOK: status=1, sent=4, recv=4, rtt_avg=46 ms
2025-07-07 11:17:25.490 | INFO     | __main__:ping_device:72 - WIKIPEDIA: status=1, sent=3, recv=3, rtt_avg=138 ms
2025-07-07 11:17:25.670 | INFO     | __main__:ping_device:72 - GITHUB: status=1, sent=4, recv=4, rtt_avg=149 ms
2025-07-07 11:17:25.691 | INFO     | __main__:ping_device:72 - GOOGLE: status=1, sent=4, recv=4, rtt_avg=154 ms
2025-07-07 11:17:28.961 | INFO     | __main__:ping_device:72 - SAMSUNG_S22: status=0, sent=4, recv=0, rtt_avg=None ms
2025-07-07 11:17:28.977 | INFO     | __main__:monitor_loop:126 - Persistidos 6 resultados de monitoramento.
2025-07-07 11:17:28.977 | INFO     | __main__:monitor_loop:134 - Tempo de execução do loop: 3913.439 ms
==================================================
2025-07-07 11:17:55.080 | INFO     | __main__:ping_device:72 - FER_24G: status=1, sent=4, recv=4, rtt_avg=2 ms
2025-07-07 11:17:55.661 | INFO     | __main__:ping_device:72 - GITHUB: status=1, sent=4, recv=4, rtt_avg=147 ms
2025-07-07 11:17:55.689 | INFO     | __main__:ping_device:72 - GOOGLE: status=1, sent=4, recv=4, rtt_avg=154 ms
2025-07-07 11:17:58.968 | INFO     | __main__:ping_device:72 - SAMSUNG_S22: status=0, sent=4, recv=0, rtt_avg=None ms
2025-07-07 11:17:58.984 | INFO     | __main__:monitor_loop:126 - Persistidos 4 resultados de monitoramento.
2025-07-07 11:17:58.984 | INFO     | __main__:monitor_loop:134 - Tempo de execução do loop: 3920.092 ms
==================================================
2025-07-07 11:18:25.077 | INFO     | __main__:ping_device:72 - FER_24G: status=1, sent=4, recv=4, rtt_avg=1 ms
2025-07-07 11:18:25.127 | INFO     | __main__:ping_device:72 - CLOUDFLARE: status=1, sent=2, recv=2, rtt_avg=29 ms
2025-07-07 11:18:25.255 | INFO     | __main__:ping_device:72 - FACEBOOK: status=1, sent=4, recv=4, rtt_avg=47 ms
2025-07-07 11:18:25.490 | INFO     | __main__:ping_device:72 - WIKIPEDIA: status=1, sent=3, recv=3, rtt_avg=140 ms
2025-07-07 11:18:25.672 | INFO     | __main__:ping_device:72 - GITHUB: status=1, sent=4, recv=4, rtt_avg=150 ms
2025-07-07 11:18:25.688 | INFO     | __main__:ping_device:72 - GOOGLE: status=1, sent=4, recv=4, rtt_avg=155 ms
2025-07-07 11:18:28.962 | INFO     | __main__:ping_device:72 - SAMSUNG_S22: status=0, sent=4, recv=0, rtt_avg=None ms
2025-07-07 11:18:28.968 | INFO     | __main__:monitor_loop:126 - Persistidos 7 resultados de monitoramento.
2025-07-07 11:18:28.968 | INFO     | __main__:monitor_loop:134 - Tempo de execução do loop: 3903.084 ms
==================================================
2025-07-07 11:18:55.087 | INFO     | __main__:ping_device:72 - FER_24G: status=1, sent=4, recv=4, rtt_avg=3 ms
2025-07-07 11:18:55.674 | INFO     | __main__:ping_device:72 - GITHUB: status=1, sent=4, recv=4, rtt_avg=150 ms
2025-07-07 11:18:55.700 | INFO     | __main__:ping_device:72 - GOOGLE: status=1, sent=4, recv=4, rtt_avg=157 ms
2025-07-07 11:18:58.946 | INFO     | __main__:ping_device:72 - SAMSUNG_S22: status=0, sent=4, recv=0, rtt_avg=None ms
2025-07-07 11:18:58.952 | INFO     | __main__:monitor_loop:126 - Persistidos 4 resultados de monitoramento.
2025-07-07 11:18:58.953 | INFO     | __main__:monitor_loop:134 - Tempo de execução do loop: 3886.966 ms
==================================================
2025-07-07 11:19:25.089 | INFO     | __main__:ping_device:72 - FER_24G: status=1, sent=4, recv=4, rtt_avg=2 ms
2025-07-07 11:19:25.274 | INFO     | __main__:ping_device:72 - FACEBOOK: status=1, sent=4, recv=4, rtt_avg=50 ms
2025-07-07 11:19:25.489 | INFO     | __main__:ping_device:72 - WIKIPEDIA: status=1, sent=3, recv=3, rtt_avg=137 ms
2025-07-07 11:19:25.678 | INFO     | __main__:ping_device:72 - GITHUB: status=1, sent=4, recv=4, rtt_avg=150 ms
2025-07-07 11:19:25.700 | INFO     | __main__:ping_device:72 - GOOGLE: status=1, sent=4, recv=4, rtt_avg=156 ms
2025-07-07 11:19:28.951 | INFO     | __main__:ping_device:72 - SAMSUNG_S22: status=0, sent=4, recv=0, rtt_avg=None ms
2025-07-07 11:19:28.982 | INFO     | __main__:monitor_loop:126 - Persistidos 6 resultados de monitoramento.
2025-07-07 11:19:28.983 | INFO     | __main__:monitor_loop:134 - Tempo de execução do loop: 3916.651 ms
==================================================
2025-07-07 11:19:55.090 | INFO     | __main__:ping_device:72 - FER_24G: status=1, sent=4, recv=4, rtt_avg=3 ms
2025-07-07 11:19:55.135 | INFO     | __main__:ping_device:72 - CLOUDFLARE: status=1, sent=2, recv=2, rtt_avg=31 ms
2025-07-07 11:19:55.672 | INFO     | __main__:ping_device:72 - GITHUB: status=1, sent=4, recv=4, rtt_avg=149 ms
2025-07-07 11:19:55.706 | INFO     | __main__:ping_device:72 - GOOGLE: status=1, sent=4, recv=4, rtt_avg=158 ms
2025-07-07 11:19:58.959 | INFO     | __main__:ping_device:72 - SAMSUNG_S22: status=0, sent=4, recv=0, rtt_avg=None ms
2025-07-07 11:19:58.987 | INFO     | __main__:monitor_loop:126 - Persistidos 5 resultados de monitoramento.
2025-07-07 11:19:58.988 | INFO     | __main__:monitor_loop:134 - Tempo de execução do loop: 3920.174 ms
==================================================
2025-07-07 11:20:25.080 | INFO     | __main__:ping_device:72 - FER_24G: status=1, sent=4, recv=4, rtt_avg=2 ms
2025-07-07 11:20:25.252 | INFO     | __main__:ping_device:72 - FACEBOOK: status=1, sent=4, recv=4, rtt_avg=45 ms
2025-07-07 11:20:25.486 | INFO     | __main__:ping_device:72 - WIKIPEDIA: status=1, sent=3, recv=3, rtt_avg=137 ms
2025-07-07 11:20:25.682 | INFO     | __main__:ping_device:72 - GITHUB: status=1, sent=4, recv=4, rtt_avg=152 ms
2025-07-07 11:20:25.700 | INFO     | __main__:ping_device:72 - GOOGLE: status=1, sent=4, recv=4, rtt_avg=157 ms
2025-07-07 11:20:28.959 | INFO     | __main__:ping_device:72 - SAMSUNG_S22: status=0, sent=4, recv=0, rtt_avg=None ms
2025-07-07 11:20:28.983 | INFO     | __main__:monitor_loop:126 - Persistidos 6 resultados de monitoramento.
2025-07-07 11:20:28.984 | INFO     | __main__:monitor_loop:134 - Tempo de execução do loop: 3915.557 ms
==================================================
2025-07-07 11:20:55.086 | INFO     | __main__:ping_device:72 - FER_24G: status=1, sent=4, recv=4, rtt_avg=1 ms
2025-07-07 11:20:55.683 | INFO     | __main__:ping_device:72 - GITHUB: status=1, sent=4, recv=4, rtt_avg=151 ms
2025-07-07 11:20:55.720 | INFO     | __main__:ping_device:72 - GOOGLE: status=1, sent=4, recv=4, rtt_avg=161 ms
2025-07-07 11:20:58.947 | INFO     | __main__:ping_device:72 - SAMSUNG_S22: status=0, sent=4, recv=0, rtt_avg=None ms
2025-07-07 11:20:58.954 | INFO     | __main__:monitor_loop:126 - Persistidos 4 resultados de monitoramento.
2025-07-07 11:20:58.954 | INFO     | __main__:monitor_loop:134 - Tempo de execução do loop: 3885.485 ms
==================================================
2025-07-07 11:21:25.097 | INFO     | __main__:ping_device:72 - FER_24G: status=1, sent=4, recv=4, rtt_avg=3 ms
2025-07-07 11:21:25.155 | INFO     | __main__:ping_device:72 - CLOUDFLARE: status=1, sent=2, recv=2, rtt_avg=37 ms
2025-07-07 11:21:25.270 | INFO     | __main__:ping_device:72 - FACEBOOK: status=1, sent=4, recv=4, rtt_avg=48 ms
2025-07-07 11:21:25.504 | INFO     | __main__:ping_device:72 - WIKIPEDIA: status=1, sent=3, recv=3, rtt_avg=141 ms
2025-07-07 11:21:25.677 | INFO     | __main__:ping_device:72 - GITHUB: status=1, sent=4, recv=4, rtt_avg=149 ms
2025-07-07 11:21:25.700 | INFO     | __main__:ping_device:72 - GOOGLE: status=1, sent=4, recv=4, rtt_avg=156 ms
2025-07-07 11:21:28.946 | INFO     | __main__:ping_device:72 - SAMSUNG_S22: status=0, sent=4, recv=0, rtt_avg=None ms
2025-07-07 11:21:28.967 | INFO     | __main__:monitor_loop:126 - Persistidos 7 resultados de monitoramento.
2025-07-07 11:21:28.967 | INFO     | __main__:monitor_loop:134 - Tempo de execução do loop: 3897.534 ms
==================================================
2025-07-07 11:21:55.090 | INFO     | __main__:ping_device:72 - FER_24G: status=1, sent=4, recv=4, rtt_avg=2 ms
2025-07-07 11:21:55.673 | INFO     | __main__:ping_device:72 - GITHUB: status=1, sent=4, recv=4, rtt_avg=149 ms
2025-07-07 11:21:55.701 | INFO     | __main__:ping_device:72 - GOOGLE: status=1, sent=4, recv=4, rtt_avg=156 ms
2025-07-07 11:21:58.954 | INFO     | __main__:ping_device:72 - SAMSUNG_S22: status=0, sent=4, recv=0, rtt_avg=None ms
2025-07-07 11:21:58.977 | INFO     | __main__:monitor_loop:126 - Persistidos 4 resultados de monitoramento.
2025-07-07 11:21:58.978 | INFO     | __main__:monitor_loop:134 - Tempo de execução do loop: 3907.154 ms
==================================================
2025-07-07 11:22:25.083 | INFO     | __main__:monitor_loop:103 - Dispositivos carregados: 7
==================================================
2025-07-07 11:22:25.109 | INFO     | __main__:ping_device:72 - FER_24G: status=1, sent=4, recv=4, rtt_avg=3 ms
2025-07-07 11:22:25.269 | INFO     | __main__:ping_device:72 - FACEBOOK: status=1, sent=4, recv=4, rtt_avg=44 ms
2025-07-07 11:22:25.505 | INFO     | __main__:ping_device:72 - WIKIPEDIA: status=1, sent=3, recv=3, rtt_avg=137 ms
2025-07-07 11:22:25.688 | INFO     | __main__:ping_device:72 - GITHUB: status=1, sent=4, recv=4, rtt_avg=149 ms
2025-07-07 11:22:25.713 | INFO     | __main__:ping_device:72 - GOOGLE: status=1, sent=4, recv=4, rtt_avg=156 ms
2025-07-07 11:22:28.947 | INFO     | __main__:ping_device:72 - SAMSUNG_S22: status=0, sent=4, recv=0, rtt_avg=None ms
2025-07-07 11:22:28.971 | INFO     | __main__:monitor_loop:126 - Persistidos 6 resultados de monitoramento.
2025-07-07 11:22:28.972 | INFO     | __main__:monitor_loop:134 - Tempo de execução do loop: 3900.093 ms
==================================================
2025-07-07 11:22:55.099 | INFO     | __main__:ping_device:72 - FER_24G: status=1, sent=4, recv=4, rtt_avg=3 ms
2025-07-07 11:22:55.139 | INFO     | __main__:ping_device:72 - CLOUDFLARE: status=1, sent=2, recv=2, rtt_avg=30 ms
2025-07-07 11:22:55.671 | INFO     | __main__:ping_device:72 - GITHUB: status=1, sent=4, recv=4, rtt_avg=147 ms
2025-07-07 11:22:55.704 | INFO     | __main__:ping_device:72 - GOOGLE: status=1, sent=4, recv=4, rtt_avg=156 ms
2025-07-07 11:22:58.947 | INFO     | __main__:ping_device:72 - SAMSUNG_S22: status=0, sent=4, recv=0, rtt_avg=None ms
2025-07-07 11:22:58.973 | INFO     | __main__:monitor_loop:126 - Persistidos 5 resultados de monitoramento.
2025-07-07 11:22:58.974 | INFO     | __main__:monitor_loop:134 - Tempo de execução do loop: 3900.648 ms
==================================================
2025-07-07 11:23:25.082 | INFO     | __main__:ping_device:72 - FER_24G: status=1, sent=4, recv=4, rtt_avg=1 ms
2025-07-07 11:23:25.256 | INFO     | __main__:ping_device:72 - FACEBOOK: status=1, sent=4, recv=4, rtt_avg=44 ms
2025-07-07 11:23:25.497 | INFO     | __main__:ping_device:72 - WIKIPEDIA: status=1, sent=3, recv=3, rtt_avg=139 ms
2025-07-07 11:23:25.671 | INFO     | __main__:ping_device:72 - GITHUB: status=1, sent=4, recv=4, rtt_avg=148 ms
2025-07-07 11:23:25.694 | INFO     | __main__:ping_device:72 - GOOGLE: status=1, sent=4, recv=4, rtt_avg=154 ms
2025-07-07 11:23:28.950 | INFO     | __main__:ping_device:72 - SAMSUNG_S22: status=0, sent=4, recv=0, rtt_avg=None ms
2025-07-07 11:23:28.983 | INFO     | __main__:monitor_loop:126 - Persistidos 6 resultados de monitoramento.
2025-07-07 11:23:28.984 | INFO     | __main__:monitor_loop:134 - Tempo de execução do loop: 3910.222 ms
==================================================
2025-07-07 11:23:55.095 | INFO     | __main__:ping_device:72 - FER_24G: status=1, sent=4, recv=4, rtt_avg=2 ms
2025-07-07 11:23:55.674 | INFO     | __main__:ping_device:72 - GITHUB: status=1, sent=4, recv=4, rtt_avg=148 ms
2025-07-07 11:23:55.700 | INFO     | __main__:ping_device:72 - GOOGLE: status=1, sent=4, recv=4, rtt_avg=154 ms
2025-07-07 11:23:58.955 | INFO     | __main__:ping_device:72 - SAMSUNG_S22: status=0, sent=4, recv=0, rtt_avg=None ms
2025-07-07 11:23:58.960 | INFO     | __main__:monitor_loop:126 - Persistidos 4 resultados de monitoramento.
2025-07-07 11:23:58.960 | INFO     | __main__:monitor_loop:134 - Tempo de execução do loop: 3884.809 ms
==================================================
2025-07-07 11:24:25.092 | INFO     | __main__:ping_device:72 - FER_24G: status=1, sent=4, recv=4, rtt_avg=2 ms
2025-07-07 11:24:25.140 | INFO     | __main__:ping_device:72 - CLOUDFLARE: status=1, sent=2, recv=2, rtt_avg=30 ms
2025-07-07 11:24:25.263 | INFO     | __main__:ping_device:72 - FACEBOOK: status=1, sent=4, recv=4, rtt_avg=45 ms
2025-07-07 11:24:25.499 | INFO     | __main__:ping_device:72 - WIKIPEDIA: status=1, sent=3, recv=3, rtt_avg=139 ms
2025-07-07 11:24:25.671 | INFO     | __main__:ping_device:72 - GITHUB: status=1, sent=4, recv=4, rtt_avg=147 ms
2025-07-07 11:24:25.694 | INFO     | __main__:ping_device:72 - GOOGLE: status=1, sent=4, recv=4, rtt_avg=153 ms
2025-07-07 11:24:28.973 | INFO     | __main__:ping_device:72 - SAMSUNG_S22: status=0, sent=4, recv=0, rtt_avg=None ms
2025-07-07 11:24:28.996 | INFO     | __main__:monitor_loop:126 - Persistidos 7 resultados de monitoramento.
2025-07-07 11:24:28.997 | INFO     | __main__:monitor_loop:134 - Tempo de execução do loop: 3920.930 ms
==================================================
2025-07-07 11:24:55.092 | INFO     | __main__:ping_device:72 - FER_24G: status=1, sent=4, recv=4, rtt_avg=2 ms
2025-07-07 11:24:55.683 | INFO     | __main__:ping_device:72 - GITHUB: status=1, sent=4, recv=4, rtt_avg=150 ms
2025-07-07 11:24:55.712 | INFO     | __main__:ping_device:72 - GOOGLE: status=1, sent=4, recv=4, rtt_avg=157 ms
2025-07-07 11:24:58.959 | INFO     | __main__:ping_device:72 - SAMSUNG_S22: status=0, sent=4, recv=0, rtt_avg=None ms
2025-07-07 11:24:58.982 | INFO     | __main__:monitor_loop:126 - Persistidos 4 resultados de monitoramento.
2025-07-07 11:24:58.983 | INFO     | __main__:monitor_loop:134 - Tempo de execução do loop: 3905.182 ms
==================================================
2025-07-07 11:25:25.097 | INFO     | __main__:ping_device:72 - FER_24G: status=1, sent=4, recv=4, rtt_avg=2 ms
2025-07-07 11:25:25.276 | INFO     | __main__:ping_device:72 - FACEBOOK: status=1, sent=4, recv=4, rtt_avg=48 ms
2025-07-07 11:25:25.499 | INFO     | __main__:ping_device:72 - WIKIPEDIA: status=1, sent=3, recv=3, rtt_avg=138 ms
2025-07-07 11:25:25.679 | INFO     | __main__:ping_device:72 - GITHUB: status=1, sent=4, recv=4, rtt_avg=148 ms
2025-07-07 11:25:25.703 | INFO     | __main__:ping_device:72 - GOOGLE: status=1, sent=4, recv=4, rtt_avg=155 ms
2025-07-07 11:25:28.952 | INFO     | __main__:ping_device:72 - SAMSUNG_S22: status=0, sent=4, recv=0, rtt_avg=None ms
2025-07-07 11:25:28.983 | INFO     | __main__:monitor_loop:126 - Persistidos 6 resultados de monitoramento.
2025-07-07 11:25:28.984 | INFO     | __main__:monitor_loop:134 - Tempo de execução do loop: 3905.428 ms
==================================================
2025-07-07 11:25:55.107 | INFO     | __main__:ping_device:72 - FER_24G: status=1, sent=4, recv=4, rtt_avg=4 ms
2025-07-07 11:25:55.149 | INFO     | __main__:ping_device:72 - CLOUDFLARE: status=1, sent=2, recv=2, rtt_avg=31 ms
2025-07-07 11:25:55.686 | INFO     | __main__:ping_device:72 - GITHUB: status=1, sent=4, recv=4, rtt_avg=149 ms
2025-07-07 11:25:55.716 | INFO     | __main__:ping_device:72 - GOOGLE: status=1, sent=4, recv=4, rtt_avg=157 ms
2025-07-07 11:25:58.956 | INFO     | __main__:ping_device:72 - SAMSUNG_S22: status=0, sent=4, recv=0, rtt_avg=None ms
2025-07-07 11:25:58.984 | INFO     | __main__:monitor_loop:126 - Persistidos 5 resultados de monitoramento.
2025-07-07 11:25:58.984 | INFO     | __main__:monitor_loop:134 - Tempo de execução do loop: 3903.757 ms
==================================================
2025-07-07 11:26:25.107 | INFO     | __main__:ping_device:72 - FER_24G: status=1, sent=4, recv=4, rtt_avg=3 ms
2025-07-07 11:26:25.299 | INFO     | __main__:ping_device:72 - FACEBOOK: status=1, sent=4, recv=4, rtt_avg=52 ms
2025-07-07 11:26:25.513 | INFO     | __main__:ping_device:72 - WIKIPEDIA: status=1, sent=3, recv=3, rtt_avg=140 ms
2025-07-07 11:26:25.688 | INFO     | __main__:ping_device:72 - GITHUB: status=1, sent=4, recv=4, rtt_avg=149 ms
2025-07-07 11:26:25.714 | INFO     | __main__:ping_device:72 - GOOGLE: status=1, sent=4, recv=4, rtt_avg=157 ms
2025-07-07 11:26:28.956 | INFO     | __main__:ping_device:72 - SAMSUNG_S22: status=0, sent=4, recv=0, rtt_avg=None ms
2025-07-07 11:26:28.988 | INFO     | __main__:monitor_loop:126 - Persistidos 6 resultados de monitoramento.
2025-07-07 11:26:28.989 | INFO     | __main__:monitor_loop:134 - Tempo de execução do loop: 3908.295 ms
==================================================
2025-07-07 11:26:55.118 | INFO     | __main__:ping_device:72 - FER_24G: status=1, sent=4, recv=4, rtt_avg=7 ms
2025-07-07 11:26:55.692 | INFO     | __main__:ping_device:72 - GITHUB: status=1, sent=4, recv=4, rtt_avg=151 ms
2025-07-07 11:26:55.720 | INFO     | __main__:ping_device:72 - GOOGLE: status=1, sent=4, recv=4, rtt_avg=158 ms
2025-07-07 11:26:58.952 | INFO     | __main__:ping_device:72 - SAMSUNG_S22: status=0, sent=4, recv=0, rtt_avg=None ms
2025-07-07 11:26:58.969 | INFO     | __main__:monitor_loop:126 - Persistidos 4 resultados de monitoramento.
2025-07-07 11:26:58.970 | INFO     | __main__:monitor_loop:134 - Tempo de execução do loop: 3887.197 ms
==================================================
2025-07-07 11:27:25.095 | INFO     | __main__:monitor_loop:103 - Dispositivos carregados: 7
==================================================
2025-07-07 11:27:25.145 | INFO     | __main__:ping_device:72 - FER_24G: status=1, sent=4, recv=4, rtt_avg=8 ms
2025-07-07 11:27:25.179 | INFO     | __main__:ping_device:72 - CLOUDFLARE: status=1, sent=2, recv=2, rtt_avg=37 ms
2025-07-07 11:27:25.294 | INFO     | __main__:ping_device:72 - FACEBOOK: status=1, sent=4, recv=4, rtt_avg=47 ms
2025-07-07 11:27:25.536 | INFO     | __main__:ping_device:72 - WIKIPEDIA: status=1, sent=3, recv=3, rtt_avg=142 ms
2025-07-07 11:27:25.717 | INFO     | __main__:ping_device:72 - GITHUB: status=1, sent=4, recv=4, rtt_avg=152 ms
2025-07-07 11:27:25.767 | INFO     | __main__:ping_device:72 - GOOGLE: status=1, sent=4, recv=4, rtt_avg=166 ms
2025-07-07 11:27:28.961 | INFO     | __main__:ping_device:72 - SAMSUNG_S22: status=0, sent=4, recv=0, rtt_avg=None ms
2025-07-07 11:27:28.985 | INFO     | __main__:monitor_loop:126 - Persistidos 7 resultados de monitoramento.
2025-07-07 11:27:28.986 | INFO     | __main__:monitor_loop:134 - Tempo de execução do loop: 3902.663 ms
==================================================
2025-07-07 11:27:55.101 | INFO     | __main__:ping_device:72 - FER_24G: status=1, sent=4, recv=4, rtt_avg=2 ms
2025-07-07 11:27:55.701 | INFO     | __main__:ping_device:72 - GITHUB: status=1, sent=4, recv=4, rtt_avg=152 ms
2025-07-07 11:27:55.728 | INFO     | __main__:ping_device:72 - GOOGLE: status=1, sent=4, recv=4, rtt_avg=159 ms
2025-07-07 11:27:58.964 | INFO     | __main__:ping_device:72 - SAMSUNG_S22: status=0, sent=4, recv=0, rtt_avg=None ms
2025-07-07 11:27:58.982 | INFO     | __main__:monitor_loop:126 - Persistidos 4 resultados de monitoramento.
2025-07-07 11:27:58.982 | INFO     | __main__:monitor_loop:134 - Tempo de execução do loop: 3898.047 ms
==================================================
2025-07-07 11:28:25.106 | INFO     | __main__:ping_device:72 - FER_24G: status=1, sent=4, recv=4, rtt_avg=2 ms
2025-07-07 11:28:25.275 | INFO     | __main__:ping_device:72 - FACEBOOK: status=1, sent=4, recv=4, rtt_avg=45 ms
2025-07-07 11:28:25.505 | INFO     | __main__:ping_device:72 - WIKIPEDIA: status=1, sent=3, recv=3, rtt_avg=136 ms
2025-07-07 11:28:25.686 | INFO     | __main__:ping_device:72 - GITHUB: status=1, sent=4, recv=4, rtt_avg=148 ms
2025-07-07 11:28:25.711 | INFO     | __main__:ping_device:72 - GOOGLE: status=1, sent=4, recv=4, rtt_avg=155 ms
2025-07-07 11:28:28.963 | INFO     | __main__:ping_device:72 - SAMSUNG_S22: status=0, sent=4, recv=0, rtt_avg=None ms
2025-07-07 11:28:28.997 | INFO     | __main__:monitor_loop:126 - Persistidos 6 resultados de monitoramento.
2025-07-07 11:28:28.998 | INFO     | __main__:monitor_loop:134 - Tempo de execução do loop: 3913.287 ms
==================================================
2025-07-07 11:28:55.119 | INFO     | __main__:ping_device:72 - FER_24G: status=1, sent=4, recv=4, rtt_avg=5 ms
2025-07-07 11:28:55.154 | INFO     | __main__:ping_device:72 - CLOUDFLARE: status=1, sent=2, recv=2, rtt_avg=31 ms
2025-07-07 11:28:55.694 | INFO     | __main__:ping_device:72 - GITHUB: status=1, sent=4, recv=4, rtt_avg=149 ms
2025-07-07 11:28:55.716 | INFO     | __main__:ping_device:72 - GOOGLE: status=1, sent=4, recv=4, rtt_avg=155 ms
2025-07-07 11:28:58.954 | INFO     | __main__:ping_device:72 - SAMSUNG_S22: status=0, sent=4, recv=0, rtt_avg=None ms
2025-07-07 11:28:58.985 | INFO     | __main__:monitor_loop:126 - Persistidos 5 resultados de monitoramento.
2025-07-07 11:28:58.986 | INFO     | __main__:monitor_loop:134 - Tempo de execução do loop: 3900.018 ms
==================================================
2025-07-07 11:29:25.109 | INFO     | __main__:ping_device:72 - FER_24G: status=1, sent=4, recv=4, rtt_avg=2 ms
2025-07-07 11:29:25.290 | INFO     | __main__:ping_device:72 - FACEBOOK: status=1, sent=4, recv=4, rtt_avg=49 ms
2025-07-07 11:29:25.515 | INFO     | __main__:ping_device:72 - WIKIPEDIA: status=1, sent=3, recv=3, rtt_avg=139 ms
2025-07-07 11:29:25.699 | INFO     | __main__:ping_device:72 - GITHUB: status=1, sent=4, recv=4, rtt_avg=151 ms
2025-07-07 11:29:25.729 | INFO     | __main__:ping_device:72 - GOOGLE: status=1, sent=4, recv=4, rtt_avg=159 ms
2025-07-07 11:29:28.964 | INFO     | __main__:ping_device:72 - SAMSUNG_S22: status=0, sent=4, recv=0, rtt_avg=None ms
2025-07-07 11:29:28.979 | INFO     | __main__:monitor_loop:126 - Persistidos 6 resultados de monitoramento.
2025-07-07 11:29:28.979 | INFO     | __main__:monitor_loop:134 - Tempo de execução do loop: 3891.241 ms
==================================================
2025-07-07 11:29:55.111 | INFO     | __main__:ping_device:72 - FER_24G: status=1, sent=4, recv=4, rtt_avg=3 ms
2025-07-07 11:29:55.692 | INFO     | __main__:ping_device:72 - GITHUB: status=1, sent=4, recv=4, rtt_avg=149 ms
2025-07-07 11:29:55.717 | INFO     | __main__:ping_device:72 - GOOGLE: status=1, sent=4, recv=4, rtt_avg=155 ms
2025-07-07 11:29:58.954 | INFO     | __main__:ping_device:72 - SAMSUNG_S22: status=0, sent=4, recv=0, rtt_avg=None ms
2025-07-07 11:29:58.970 | INFO     | __main__:monitor_loop:126 - Persistidos 4 resultados de monitoramento.
2025-07-07 11:29:58.971 | INFO     | __main__:monitor_loop:134 - Tempo de execução do loop: 3882.480 ms
==================================================
2025-07-07 11:30:25.115 | INFO     | __main__:ping_device:72 - FER_24G: status=1, sent=4, recv=4, rtt_avg=3 ms
2025-07-07 11:30:25.158 | INFO     | __main__:ping_device:72 - CLOUDFLARE: status=1, sent=2, recv=2, rtt_avg=32 ms
2025-07-07 11:30:25.280 | INFO     | __main__:ping_device:72 - FACEBOOK: status=1, sent=4, recv=4, rtt_avg=46 ms
2025-07-07 11:30:25.514 | INFO     | __main__:ping_device:72 - WIKIPEDIA: status=1, sent=3, recv=3, rtt_avg=138 ms
2025-07-07 11:30:25.714 | INFO     | __main__:ping_device:72 - GITHUB: status=1, sent=4, recv=4, rtt_avg=154 ms
2025-07-07 11:30:25.727 | INFO     | __main__:ping_device:72 - GOOGLE: status=1, sent=4, recv=4, rtt_avg=158 ms
2025-07-07 11:30:28.952 | INFO     | __main__:ping_device:72 - SAMSUNG_S22: status=0, sent=4, recv=0, rtt_avg=None ms
2025-07-07 11:30:28.971 | INFO     | __main__:monitor_loop:126 - Persistidos 7 resultados de monitoramento.
2025-07-07 11:30:28.971 | INFO     | __main__:monitor_loop:134 - Tempo de execução do loop: 3881.843 ms
==================================================
2025-07-07 11:30:55.099 | INFO     | __main__:ping_device:72 - FER_24G: status=1, sent=4, recv=4, rtt_avg=1 ms
2025-07-07 11:30:55.691 | INFO     | __main__:ping_device:72 - GITHUB: status=1, sent=4, recv=4, rtt_avg=149 ms
2025-07-07 11:30:55.715 | INFO     | __main__:ping_device:72 - GOOGLE: status=1, sent=4, recv=4, rtt_avg=155 ms
2025-07-07 11:30:58.959 | INFO     | __main__:ping_device:72 - SAMSUNG_S22: status=0, sent=4, recv=0, rtt_avg=None ms
2025-07-07 11:30:58.979 | INFO     | __main__:monitor_loop:126 - Persistidos 4 resultados de monitoramento.
2025-07-07 11:30:58.980 | INFO     | __main__:monitor_loop:134 - Tempo de execução do loop: 3889.361 ms
==================================================
2025-07-07 11:31:25.101 | INFO     | __main__:ping_device:72 - FER_24G: status=1, sent=4, recv=4, rtt_avg=1 ms
2025-07-07 11:31:25.274 | INFO     | __main__:ping_device:72 - FACEBOOK: status=1, sent=4, recv=4, rtt_avg=44 ms
2025-07-07 11:31:25.510 | INFO     | __main__:ping_device:72 - WIKIPEDIA: status=1, sent=3, recv=3, rtt_avg=138 ms
2025-07-07 11:31:25.685 | INFO     | __main__:ping_device:72 - GITHUB: status=1, sent=4, recv=4, rtt_avg=147 ms
2025-07-07 11:31:25.721 | INFO     | __main__:ping_device:72 - GOOGLE: status=1, sent=4, recv=4, rtt_avg=156 ms
2025-07-07 11:31:28.947 | INFO     | __main__:ping_device:72 - SAMSUNG_S22: status=0, sent=4, recv=0, rtt_avg=None ms
2025-07-07 11:31:28.979 | INFO     | __main__:monitor_loop:126 - Persistidos 6 resultados de monitoramento.
2025-07-07 11:31:28.980 | INFO     | __main__:monitor_loop:134 - Tempo de execução do loop: 3889.568 ms
==================================================
2025-07-07 11:31:55.105 | INFO     | __main__:ping_device:72 - FER_24G: status=1, sent=4, recv=4, rtt_avg=2 ms
2025-07-07 11:31:55.148 | INFO     | __main__:ping_device:72 - CLOUDFLARE: status=1, sent=2, recv=2, rtt_avg=26 ms
2025-07-07 11:31:55.695 | INFO     | __main__:ping_device:72 - GITHUB: status=1, sent=4, recv=4, rtt_avg=149 ms
2025-07-07 11:31:55.713 | INFO     | __main__:ping_device:72 - GOOGLE: status=1, sent=4, recv=4, rtt_avg=154 ms
2025-07-07 11:31:58.952 | INFO     | __main__:ping_device:72 - SAMSUNG_S22: status=0, sent=4, recv=0, rtt_avg=None ms
2025-07-07 11:31:58.972 | INFO     | __main__:monitor_loop:126 - Persistidos 5 resultados de monitoramento.
2025-07-07 11:31:58.973 | INFO     | __main__:monitor_loop:134 - Tempo de execução do loop: 3880.473 ms
==================================================
2025-07-07 11:32:25.097 | INFO     | __main__:monitor_loop:103 - Dispositivos carregados: 7
==================================================
2025-07-07 11:32:25.107 | INFO     | __main__:ping_device:72 - FER_24G: status=1, sent=4, recv=4, rtt_avg=1 ms
2025-07-07 11:32:25.282 | INFO     | __main__:ping_device:72 - FACEBOOK: status=1, sent=4, recv=4, rtt_avg=45 ms
2025-07-07 11:32:25.524 | INFO     | __main__:ping_device:72 - WIKIPEDIA: status=1, sent=3, recv=3, rtt_avg=141 ms
2025-07-07 11:32:25.700 | INFO     | __main__:ping_device:72 - GITHUB: status=1, sent=4, recv=4, rtt_avg=149 ms
2025-07-07 11:32:25.717 | INFO     | __main__:ping_device:72 - GOOGLE: status=1, sent=4, recv=4, rtt_avg=154 ms
2025-07-07 11:32:28.956 | INFO     | __main__:ping_device:72 - SAMSUNG_S22: status=0, sent=4, recv=0, rtt_avg=None ms
2025-07-07 11:32:28.988 | INFO     | __main__:monitor_loop:126 - Persistidos 6 resultados de monitoramento.
2025-07-07 11:32:28.989 | INFO     | __main__:monitor_loop:134 - Tempo de execução do loop: 3896.519 ms
==================================================
2025-07-07 11:32:55.104 | INFO     | __main__:ping_device:72 - FER_24G: status=1, sent=4, recv=4, rtt_avg=1 ms
2025-07-07 11:32:55.699 | INFO     | __main__:ping_device:72 - GITHUB: status=1, sent=4, recv=4, rtt_avg=150 ms
2025-07-07 11:32:55.720 | INFO     | __main__:ping_device:72 - GOOGLE: status=1, sent=4, recv=4, rtt_avg=155 ms
2025-07-07 11:32:58.953 | INFO     | __main__:ping_device:72 - SAMSUNG_S22: status=0, sent=4, recv=0, rtt_avg=None ms
2025-07-07 11:32:58.959 | INFO     | __main__:monitor_loop:126 - Persistidos 4 resultados de monitoramento.
2025-07-07 11:32:58.959 | INFO     | __main__:monitor_loop:134 - Tempo de execução do loop: 3865.449 ms
==================================================
2025-07-07 11:33:25.119 | INFO     | __main__:ping_device:72 - FER_24G: status=1, sent=4, recv=4, rtt_avg=2 ms
2025-07-07 11:33:25.159 | INFO     | __main__:ping_device:72 - CLOUDFLARE: status=1, sent=2, recv=2, rtt_avg=28 ms
2025-07-07 11:33:25.281 | INFO     | __main__:ping_device:72 - FACEBOOK: status=1, sent=4, recv=4, rtt_avg=45 ms
2025-07-07 11:33:25.517 | INFO     | __main__:ping_device:72 - WIKIPEDIA: status=1, sent=3, recv=3, rtt_avg=137 ms
2025-07-07 11:33:25.696 | INFO     | __main__:ping_device:72 - GITHUB: status=1, sent=4, recv=4, rtt_avg=148 ms
2025-07-07 11:33:25.723 | INFO     | __main__:ping_device:72 - GOOGLE: status=1, sent=4, recv=4, rtt_avg=155 ms
2025-07-07 11:33:28.973 | INFO     | __main__:ping_device:72 - SAMSUNG_S22: status=0, sent=4, recv=0, rtt_avg=None ms
2025-07-07 11:33:28.994 | INFO     | __main__:monitor_loop:126 - Persistidos 7 resultados de monitoramento.
2025-07-07 11:33:28.994 | INFO     | __main__:monitor_loop:134 - Tempo de execução do loop: 3899.092 ms
==================================================
2025-07-07 11:33:55.109 | INFO     | __main__:ping_device:72 - FER_24G: status=1, sent=4, recv=4, rtt_avg=2 ms
2025-07-07 11:33:55.692 | INFO     | __main__:ping_device:72 - GITHUB: status=1, sent=4, recv=4, rtt_avg=148 ms
2025-07-07 11:33:55.723 | INFO     | __main__:ping_device:72 - GOOGLE: status=1, sent=4, recv=4, rtt_avg=156 ms
2025-07-07 11:33:58.957 | INFO     | __main__:ping_device:72 - SAMSUNG_S22: status=0, sent=4, recv=0, rtt_avg=None ms
2025-07-07 11:33:58.977 | INFO     | __main__:monitor_loop:126 - Persistidos 4 resultados de monitoramento.
2025-07-07 11:33:58.978 | INFO     | __main__:monitor_loop:134 - Tempo de execução do loop: 3882.294 ms
==================================================
2025-07-07 11:34:25.109 | INFO     | __main__:ping_device:72 - FER_24G: status=1, sent=4, recv=4, rtt_avg=2 ms
2025-07-07 11:34:25.287 | INFO     | __main__:ping_device:72 - FACEBOOK: status=1, sent=4, recv=4, rtt_avg=46 ms
2025-07-07 11:34:25.512 | INFO     | __main__:ping_device:72 - WIKIPEDIA: status=1, sent=3, recv=3, rtt_avg=137 ms
2025-07-07 11:34:25.692 | INFO     | __main__:ping_device:72 - GITHUB: status=1, sent=4, recv=4, rtt_avg=147 ms
2025-07-07 11:34:25.720 | INFO     | __main__:ping_device:72 - GOOGLE: status=1, sent=4, recv=4, rtt_avg=155 ms
2025-07-07 11:34:28.958 | INFO     | __main__:ping_device:72 - SAMSUNG_S22: status=0, sent=4, recv=0, rtt_avg=None ms
2025-07-07 11:34:28.974 | INFO     | __main__:monitor_loop:126 - Persistidos 6 resultados de monitoramento.
2025-07-07 11:34:28.974 | INFO     | __main__:monitor_loop:134 - Tempo de execução do loop: 3877.900 ms
==================================================
2025-07-07 11:34:55.118 | INFO     | __main__:ping_device:72 - FER_24G: status=1, sent=4, recv=4, rtt_avg=2 ms
2025-07-07 11:34:55.164 | INFO     | __main__:ping_device:72 - CLOUDFLARE: status=1, sent=2, recv=2, rtt_avg=30 ms
2025-07-07 11:34:55.711 | INFO     | __main__:ping_device:72 - GITHUB: status=1, sent=4, recv=4, rtt_avg=151 ms
2025-07-07 11:34:55.726 | INFO     | __main__:ping_device:72 - GOOGLE: status=1, sent=4, recv=4, rtt_avg=155 ms
2025-07-07 11:34:58.956 | INFO     | __main__:ping_device:72 - SAMSUNG_S22: status=0, sent=4, recv=0, rtt_avg=None ms
2025-07-07 11:34:58.974 | INFO     | __main__:monitor_loop:126 - Persistidos 5 resultados de monitoramento.
2025-07-07 11:34:58.974 | INFO     | __main__:monitor_loop:134 - Tempo de execução do loop: 3876.750 ms
==================================================
2025-07-07 11:35:25.116 | INFO     | __main__:ping_device:72 - FER_24G: status=1, sent=4, recv=4, rtt_avg=3 ms
2025-07-07 11:35:25.290 | INFO     | __main__:ping_device:72 - FACEBOOK: status=1, sent=4, recv=4, rtt_avg=47 ms
2025-07-07 11:35:25.512 | INFO     | __main__:ping_device:72 - WIKIPEDIA: status=1, sent=3, recv=3, rtt_avg=136 ms
2025-07-07 11:35:25.697 | INFO     | __main__:ping_device:72 - GITHUB: status=1, sent=4, recv=4, rtt_avg=148 ms
2025-07-07 11:35:25.719 | INFO     | __main__:ping_device:72 - GOOGLE: status=1, sent=4, recv=4, rtt_avg=154 ms
2025-07-07 11:35:28.961 | INFO     | __main__:ping_device:72 - SAMSUNG_S22: status=0, sent=4, recv=0, rtt_avg=None ms
2025-07-07 11:35:28.994 | INFO     | __main__:monitor_loop:126 - Persistidos 6 resultados de monitoramento.
2025-07-07 11:35:28.995 | INFO     | __main__:monitor_loop:134 - Tempo de execução do loop: 3896.840 ms
==================================================
2025-07-07 11:35:55.119 | INFO     | __main__:ping_device:72 - FER_24G: status=1, sent=4, recv=4, rtt_avg=2 ms
2025-07-07 11:35:55.693 | INFO     | __main__:ping_device:72 - GITHUB: status=1, sent=4, recv=4, rtt_avg=146 ms
2025-07-07 11:35:55.721 | INFO     | __main__:ping_device:72 - GOOGLE: status=1, sent=4, recv=4, rtt_avg=154 ms
2025-07-07 11:35:58.950 | INFO     | __main__:ping_device:72 - SAMSUNG_S22: status=0, sent=4, recv=0, rtt_avg=None ms
2025-07-07 11:35:58.973 | INFO     | __main__:monitor_loop:126 - Persistidos 4 resultados de monitoramento.
2025-07-07 11:35:58.974 | INFO     | __main__:monitor_loop:134 - Tempo de execução do loop: 3874.925 ms
==================================================
2025-07-07 11:36:25.108 | INFO     | __main__:ping_device:72 - FER_24G: status=1, sent=4, recv=4, rtt_avg=1 ms
2025-07-07 11:36:25.163 | INFO     | __main__:ping_device:72 - CLOUDFLARE: status=1, sent=2, recv=2, rtt_avg=30 ms
2025-07-07 11:36:25.279 | INFO     | __main__:ping_device:72 - FACEBOOK: status=1, sent=4, recv=4, rtt_avg=44 ms
2025-07-07 11:36:25.524 | INFO     | __main__:ping_device:72 - WIKIPEDIA: status=1, sent=3, recv=3, rtt_avg=140 ms
2025-07-07 11:36:25.697 | INFO     | __main__:ping_device:72 - GITHUB: status=1, sent=4, recv=4, rtt_avg=148 ms
2025-07-07 11:36:25.718 | INFO     | __main__:ping_device:72 - GOOGLE: status=1, sent=4, recv=4, rtt_avg=153 ms
2025-07-07 11:36:28.956 | INFO     | __main__:ping_device:72 - SAMSUNG_S22: status=0, sent=4, recv=0, rtt_avg=None ms
2025-07-07 11:36:28.978 | INFO     | __main__:monitor_loop:126 - Persistidos 7 resultados de monitoramento.
2025-07-07 11:36:28.978 | INFO     | __main__:monitor_loop:134 - Tempo de execução do loop: 3877.662 ms
==================================================
2025-07-07 11:36:55.120 | INFO     | __main__:ping_device:72 - FER_24G: status=1, sent=4, recv=4, rtt_avg=2 ms
2025-07-07 11:36:55.695 | INFO     | __main__:ping_device:72 - GITHUB: status=1, sent=4, recv=4, rtt_avg=147 ms
2025-07-07 11:36:55.729 | INFO     | __main__:ping_device:72 - GOOGLE: status=1, sent=4, recv=4, rtt_avg=155 ms
2025-07-07 11:36:58.948 | INFO     | __main__:ping_device:72 - SAMSUNG_S22: status=0, sent=4, recv=0, rtt_avg=None ms
2025-07-07 11:36:58.965 | INFO     | __main__:monitor_loop:126 - Persistidos 4 resultados de monitoramento.
2025-07-07 11:36:58.965 | INFO     | __main__:monitor_loop:134 - Tempo de execução do loop: 3864.071 ms
==================================================
2025-07-07 11:37:25.109 | INFO     | __main__:monitor_loop:103 - Dispositivos carregados: 7
==================================================
2025-07-07 11:37:25.122 | INFO     | __main__:ping_device:72 - FER_24G: status=1, sent=4, recv=4, rtt_avg=1 ms
2025-07-07 11:37:25.300 | INFO     | __main__:ping_device:72 - FACEBOOK: status=1, sent=4, recv=4, rtt_avg=46 ms
2025-07-07 11:37:25.537 | INFO     | __main__:ping_device:72 - WIKIPEDIA: status=1, sent=3, recv=3, rtt_avg=140 ms
2025-07-07 11:37:25.707 | INFO     | __main__:ping_device:72 - GITHUB: status=1, sent=4, recv=4, rtt_avg=148 ms
2025-07-07 11:37:25.735 | INFO     | __main__:ping_device:72 - GOOGLE: status=1, sent=4, recv=4, rtt_avg=155 ms
2025-07-07 11:37:28.957 | INFO     | __main__:ping_device:72 - SAMSUNG_S22: status=0, sent=4, recv=0, rtt_avg=None ms
2025-07-07 11:37:28.989 | INFO     | __main__:monitor_loop:126 - Persistidos 6 resultados de monitoramento.
2025-07-07 11:37:28.990 | INFO     | __main__:monitor_loop:134 - Tempo de execução do loop: 3889.135 ms
==================================================
2025-07-07 11:37:55.116 | INFO     | __main__:ping_device:72 - FER_24G: status=1, sent=4, recv=4, rtt_avg=2 ms
2025-07-07 11:37:55.162 | INFO     | __main__:ping_device:72 - CLOUDFLARE: status=1, sent=2, recv=2, rtt_avg=28 ms
2025-07-07 11:37:55.704 | INFO     | __main__:ping_device:72 - GITHUB: status=1, sent=4, recv=4, rtt_avg=149 ms
2025-07-07 11:37:55.731 | INFO     | __main__:ping_device:72 - GOOGLE: status=1, sent=4, recv=4, rtt_avg=156 ms
2025-07-07 11:37:58.953 | INFO     | __main__:ping_device:72 - SAMSUNG_S22: status=0, sent=4, recv=0, rtt_avg=None ms
2025-07-07 11:37:58.971 | INFO     | __main__:monitor_loop:126 - Persistidos 5 resultados de monitoramento.
2025-07-07 11:37:58.972 | INFO     | __main__:monitor_loop:134 - Tempo de execução do loop: 3869.098 ms
==================================================
2025-07-07 11:38:25.126 | INFO     | __main__:ping_device:72 - FER_24G: status=1, sent=4, recv=4, rtt_avg=2 ms
2025-07-07 11:38:25.295 | INFO     | __main__:ping_device:72 - FACEBOOK: status=1, sent=4, recv=4, rtt_avg=46 ms
2025-07-07 11:38:25.524 | INFO     | __main__:ping_device:72 - WIKIPEDIA: status=1, sent=3, recv=3, rtt_avg=137 ms
2025-07-07 11:38:25.702 | INFO     | __main__:ping_device:72 - GITHUB: status=1, sent=4, recv=4, rtt_avg=147 ms
2025-07-07 11:38:25.731 | INFO     | __main__:ping_device:72 - GOOGLE: status=1, sent=4, recv=4, rtt_avg=155 ms
2025-07-07 11:38:28.949 | INFO     | __main__:ping_device:72 - SAMSUNG_S22: status=0, sent=4, recv=0, rtt_avg=None ms
2025-07-07 11:38:28.979 | INFO     | __main__:monitor_loop:126 - Persistidos 6 resultados de monitoramento.
2025-07-07 11:38:28.981 | INFO     | __main__:monitor_loop:134 - Tempo de execução do loop: 3877.379 ms
==================================================
2025-07-07 11:38:55.126 | INFO     | __main__:ping_device:72 - FER_24G: status=1, sent=4, recv=4, rtt_avg=2 ms
2025-07-07 11:38:55.697 | INFO     | __main__:ping_device:72 - GITHUB: status=1, sent=4, recv=4, rtt_avg=146 ms
2025-07-07 11:38:55.725 | INFO     | __main__:ping_device:72 - GOOGLE: status=1, sent=4, recv=4, rtt_avg=153 ms
2025-07-07 11:38:58.948 | INFO     | __main__:ping_device:72 - SAMSUNG_S22: status=0, sent=4, recv=0, rtt_avg=None ms
2025-07-07 11:38:58.953 | INFO     | __main__:monitor_loop:126 - Persistidos 4 resultados de monitoramento.
2025-07-07 11:38:58.953 | INFO     | __main__:monitor_loop:134 - Tempo de execução do loop: 3849.055 ms
==================================================
2025-07-07 11:39:25.133 | INFO     | __main__:ping_device:72 - FER_24G: status=1, sent=4, recv=4, rtt_avg=3 ms
2025-07-07 11:39:25.166 | INFO     | __main__:ping_device:72 - CLOUDFLARE: status=1, sent=2, recv=2, rtt_avg=27 ms
2025-07-07 11:39:25.303 | INFO     | __main__:ping_device:72 - FACEBOOK: status=1, sent=4, recv=4, rtt_avg=48 ms
2025-07-07 11:39:25.524 | INFO     | __main__:ping_device:72 - WIKIPEDIA: status=1, sent=3, recv=3, rtt_avg=136 ms
2025-07-07 11:39:25.702 | INFO     | __main__:ping_device:72 - GITHUB: status=1, sent=4, recv=4, rtt_avg=146 ms
2025-07-07 11:39:25.723 | INFO     | __main__:ping_device:72 - GOOGLE: status=1, sent=4, recv=4, rtt_avg=153 ms
2025-07-07 11:39:28.947 | INFO     | __main__:ping_device:72 - SAMSUNG_S22: status=0, sent=4, recv=0, rtt_avg=None ms
2025-07-07 11:39:28.976 | INFO     | __main__:monitor_loop:126 - Persistidos 7 resultados de monitoramento.
2025-07-07 11:39:28.977 | INFO     | __main__:monitor_loop:134 - Tempo de execução do loop: 3871.923 ms
==================================================
2025-07-07 11:39:55.128 | INFO     | __main__:ping_device:72 - FER_24G: status=1, sent=4, recv=4, rtt_avg=3 ms
2025-07-07 11:39:55.704 | INFO     | __main__:ping_device:72 - GITHUB: status=1, sent=4, recv=4, rtt_avg=147 ms
2025-07-07 11:39:55.738 | INFO     | __main__:ping_device:72 - GOOGLE: status=1, sent=4, recv=4, rtt_avg=156 ms
2025-07-07 11:39:58.952 | INFO     | __main__:ping_device:72 - SAMSUNG_S22: status=0, sent=4, recv=0, rtt_avg=None ms
2025-07-07 11:39:58.971 | INFO     | __main__:monitor_loop:126 - Persistidos 4 resultados de monitoramento.
2025-07-07 11:39:58.972 | INFO     | __main__:monitor_loop:134 - Tempo de execução do loop: 3865.587 ms
==================================================
2025-07-07 11:40:25.130 | INFO     | __main__:ping_device:72 - FER_24G: status=1, sent=4, recv=4, rtt_avg=2 ms
2025-07-07 11:40:25.293 | INFO     | __main__:ping_device:72 - FACEBOOK: status=1, sent=4, recv=4, rtt_avg=44 ms
2025-07-07 11:40:25.529 | INFO     | __main__:ping_device:72 - WIKIPEDIA: status=1, sent=3, recv=3, rtt_avg=136 ms
2025-07-07 11:40:25.708 | INFO     | __main__:ping_device:72 - GITHUB: status=1, sent=4, recv=4, rtt_avg=147 ms
2025-07-07 11:40:25.732 | INFO     | __main__:ping_device:72 - GOOGLE: status=1, sent=4, recv=4, rtt_avg=154 ms
2025-07-07 11:40:28.952 | INFO     | __main__:ping_device:72 - SAMSUNG_S22: status=0, sent=4, recv=0, rtt_avg=None ms
2025-07-07 11:40:28.962 | INFO     | __main__:monitor_loop:126 - Persistidos 6 resultados de monitoramento.
2025-07-07 11:40:28.962 | INFO     | __main__:monitor_loop:134 - Tempo de execução do loop: 3854.245 ms
==================================================
2025-07-07 11:40:55.118 | INFO     | __main__:ping_device:72 - FER_24G: status=1, sent=4, recv=4, rtt_avg=1 ms
2025-07-07 11:40:55.164 | INFO     | __main__:ping_device:72 - CLOUDFLARE: status=1, sent=2, recv=2, rtt_avg=27 ms
2025-07-07 11:40:55.715 | INFO     | __main__:ping_device:72 - GITHUB: status=1, sent=4, recv=4, rtt_avg=150 ms
2025-07-07 11:40:55.731 | INFO     | __main__:ping_device:72 - GOOGLE: status=1, sent=4, recv=4, rtt_avg=155 ms
2025-07-07 11:40:58.955 | INFO     | __main__:ping_device:72 - SAMSUNG_S22: status=0, sent=4, recv=0, rtt_avg=None ms
2025-07-07 11:40:58.975 | INFO     | __main__:monitor_loop:126 - Persistidos 5 resultados de monitoramento.
2025-07-07 11:40:58.975 | INFO     | __main__:monitor_loop:134 - Tempo de execução do loop: 3866.796 ms
==================================================
2025-07-07 11:41:25.128 | INFO     | __main__:ping_device:72 - FER_24G: status=1, sent=4, recv=4, rtt_avg=3 ms
2025-07-07 11:41:25.311 | INFO     | __main__:ping_device:72 - FACEBOOK: status=1, sent=4, recv=4, rtt_avg=49 ms
2025-07-07 11:41:25.541 | INFO     | __main__:ping_device:72 - WIKIPEDIA: status=1, sent=3, recv=3, rtt_avg=142 ms
2025-07-07 11:41:25.720 | INFO     | __main__:ping_device:72 - GITHUB: status=1, sent=4, recv=4, rtt_avg=151 ms
2025-07-07 11:41:25.734 | INFO     | __main__:ping_device:72 - GOOGLE: status=1, sent=4, recv=4, rtt_avg=155 ms
2025-07-07 11:41:28.950 | INFO     | __main__:ping_device:72 - SAMSUNG_S22: status=0, sent=4, recv=0, rtt_avg=None ms
2025-07-07 11:41:28.983 | INFO     | __main__:monitor_loop:126 - Persistidos 6 resultados de monitoramento.
2025-07-07 11:41:28.984 | INFO     | __main__:monitor_loop:134 - Tempo de execução do loop: 3874.557 ms
==================================================
2025-07-07 11:41:55.133 | INFO     | __main__:ping_device:72 - FER_24G: status=1, sent=4, recv=4, rtt_avg=3 ms
2025-07-07 11:41:55.709 | INFO     | __main__:ping_device:72 - GITHUB: status=1, sent=4, recv=4, rtt_avg=148 ms
2025-07-07 11:41:55.739 | INFO     | __main__:ping_device:72 - GOOGLE: status=1, sent=4, recv=4, rtt_avg=156 ms
2025-07-07 11:41:58.946 | INFO     | __main__:ping_device:72 - SAMSUNG_S22: status=0, sent=4, recv=0, rtt_avg=None ms
2025-07-07 11:41:58.975 | INFO     | __main__:monitor_loop:126 - Persistidos 4 resultados de monitoramento.
2025-07-07 11:41:58.976 | INFO     | __main__:monitor_loop:134 - Tempo de execução do loop: 3865.507 ms
==================================================
2025-07-07 11:42:25.115 | INFO     | __main__:monitor_loop:103 - Dispositivos carregados: 7
==================================================
2025-07-07 11:42:25.126 | INFO     | __main__:ping_device:72 - FER_24G: status=1, sent=4, recv=4, rtt_avg=1 ms
2025-07-07 11:42:25.177 | INFO     | __main__:ping_device:72 - CLOUDFLARE: status=1, sent=2, recv=2, rtt_avg=29 ms
2025-07-07 11:42:25.297 | INFO     | __main__:ping_device:72 - FACEBOOK: status=1, sent=4, recv=4, rtt_avg=44 ms
2025-07-07 11:42:25.539 | INFO     | __main__:ping_device:72 - WIKIPEDIA: status=1, sent=3, recv=3, rtt_avg=139 ms
2025-07-07 11:42:25.716 | INFO     | __main__:ping_device:72 - GITHUB: status=1, sent=4, recv=4, rtt_avg=149 ms
2025-07-07 11:42:25.749 | INFO     | __main__:ping_device:72 - GOOGLE: status=1, sent=4, recv=4, rtt_avg=157 ms
2025-07-07 11:42:28.948 | INFO     | __main__:ping_device:72 - SAMSUNG_S22: status=0, sent=4, recv=0, rtt_avg=None ms
2025-07-07 11:42:28.980 | INFO     | __main__:monitor_loop:126 - Persistidos 7 resultados de monitoramento.
2025-07-07 11:42:28.981 | INFO     | __main__:monitor_loop:134 - Tempo de execução do loop: 3869.582 ms
==================================================
2025-07-07 11:42:55.136 | INFO     | __main__:ping_device:72 - FER_24G: status=1, sent=4, recv=4, rtt_avg=3 ms
2025-07-07 11:42:55.717 | INFO     | __main__:ping_device:72 - GITHUB: status=1, sent=4, recv=4, rtt_avg=149 ms
2025-07-07 11:42:55.751 | INFO     | __main__:ping_device:72 - GOOGLE: status=1, sent=4, recv=4, rtt_avg=158 ms
2025-07-07 11:42:58.963 | INFO     | __main__:ping_device:72 - SAMSUNG_S22: status=0, sent=4, recv=0, rtt_avg=None ms
2025-07-07 11:42:58.993 | INFO     | __main__:monitor_loop:126 - Persistidos 4 resultados de monitoramento.
2025-07-07 11:42:58.994 | INFO     | __main__:monitor_loop:134 - Tempo de execução do loop: 3881.238 ms
==================================================
2025-07-07 11:43:25.134 | INFO     | __main__:ping_device:72 - FER_24G: status=1, sent=4, recv=4, rtt_avg=2 ms
2025-07-07 11:43:25.301 | INFO     | __main__:ping_device:72 - FACEBOOK: status=1, sent=4, recv=4, rtt_avg=45 ms
2025-07-07 11:43:25.539 | INFO     | __main__:ping_device:72 - WIKIPEDIA: status=1, sent=3, recv=3, rtt_avg=138 ms
2025-07-07 11:43:25.722 | INFO     | __main__:ping_device:72 - GITHUB: status=1, sent=4, recv=4, rtt_avg=149 ms
2025-07-07 11:43:25.748 | INFO     | __main__:ping_device:72 - GOOGLE: status=1, sent=4, recv=4, rtt_avg=157 ms
2025-07-07 11:43:28.961 | INFO     | __main__:ping_device:72 - SAMSUNG_S22: status=0, sent=4, recv=0, rtt_avg=None ms
2025-07-07 11:43:28.979 | INFO     | __main__:monitor_loop:126 - Persistidos 6 resultados de monitoramento.
2025-07-07 11:43:28.979 | INFO     | __main__:monitor_loop:134 - Tempo de execução do loop: 3864.979 ms
==================================================
2025-07-07 11:43:55.122 | INFO     | __main__:ping_device:72 - FER_24G: status=1, sent=4, recv=4, rtt_avg=1 ms
2025-07-07 11:43:55.172 | INFO     | __main__:ping_device:72 - CLOUDFLARE: status=1, sent=2, recv=2, rtt_avg=28 ms
2025-07-07 11:43:55.718 | INFO     | __main__:ping_device:72 - GITHUB: status=1, sent=4, recv=4, rtt_avg=149 ms
2025-07-07 11:43:55.741 | INFO     | __main__:ping_device:72 - GOOGLE: status=1, sent=4, recv=4, rtt_avg=155 ms
2025-07-07 11:43:58.955 | INFO     | __main__:ping_device:72 - SAMSUNG_S22: status=0, sent=4, recv=0, rtt_avg=None ms
2025-07-07 11:43:58.960 | INFO     | __main__:monitor_loop:126 - Persistidos 5 resultados de monitoramento.
2025-07-07 11:43:58.961 | INFO     | __main__:monitor_loop:134 - Tempo de execução do loop: 3846.130 ms
==================================================
2025-07-07 11:44:25.139 | INFO     | __main__:ping_device:72 - FER_24G: status=1, sent=4, recv=4, rtt_avg=2 ms
2025-07-07 11:44:25.299 | INFO     | __main__:ping_device:72 - FACEBOOK: status=1, sent=4, recv=4, rtt_avg=44 ms
2025-07-07 11:44:25.528 | INFO     | __main__:ping_device:72 - WIKIPEDIA: status=1, sent=3, recv=3, rtt_avg=134 ms
2025-07-07 11:44:25.736 | INFO     | __main__:ping_device:72 - GITHUB: status=1, sent=4, recv=4, rtt_avg=152 ms
2025-07-07 11:44:25.748 | INFO     | __main__:ping_device:72 - GOOGLE: status=1, sent=4, recv=4, rtt_avg=156 ms
2025-07-07 11:44:28.973 | INFO     | __main__:ping_device:72 - SAMSUNG_S22: status=0, sent=4, recv=0, rtt_avg=None ms
2025-07-07 11:44:28.979 | INFO     | __main__:monitor_loop:126 - Persistidos 6 resultados de monitoramento.
2025-07-07 11:44:28.979 | INFO     | __main__:monitor_loop:134 - Tempo de execução do loop: 3863.697 ms
==================================================
2025-07-07 11:44:55.130 | INFO     | __main__:ping_device:72 - FER_24G: status=1, sent=4, recv=4, rtt_avg=2 ms
2025-07-07 11:44:55.721 | INFO     | __main__:ping_device:72 - GITHUB: status=1, sent=4, recv=4, rtt_avg=150 ms
2025-07-07 11:44:55.742 | INFO     | __main__:ping_device:72 - GOOGLE: status=1, sent=4, recv=4, rtt_avg=155 ms
2025-07-07 11:44:58.963 | INFO     | __main__:ping_device:72 - SAMSUNG_S22: status=0, sent=4, recv=0, rtt_avg=None ms
2025-07-07 11:44:58.982 | INFO     | __main__:monitor_loop:126 - Persistidos 4 resultados de monitoramento.
2025-07-07 11:44:58.982 | INFO     | __main__:monitor_loop:134 - Tempo de execução do loop: 3866.115 ms
==================================================
2025-07-07 11:45:25.142 | INFO     | __main__:ping_device:72 - FER_24G: status=1, sent=4, recv=4, rtt_avg=2 ms
2025-07-07 11:45:25.186 | INFO     | __main__:ping_device:72 - CLOUDFLARE: status=1, sent=2, recv=2, rtt_avg=31 ms
2025-07-07 11:45:25.303 | INFO     | __main__:ping_device:72 - FACEBOOK: status=1, sent=4, recv=4, rtt_avg=45 ms
2025-07-07 11:45:25.543 | INFO     | __main__:ping_device:72 - WIKIPEDIA: status=1, sent=3, recv=3, rtt_avg=138 ms
2025-07-07 11:45:25.727 | INFO     | __main__:ping_device:72 - GITHUB: status=1, sent=4, recv=4, rtt_avg=149 ms
2025-07-07 11:45:25.740 | INFO     | __main__:ping_device:72 - GOOGLE: status=1, sent=4, recv=4, rtt_avg=154 ms
2025-07-07 11:45:28.953 | INFO     | __main__:ping_device:72 - SAMSUNG_S22: status=0, sent=4, recv=0, rtt_avg=None ms
2025-07-07 11:45:28.971 | INFO     | __main__:monitor_loop:126 - Persistidos 7 resultados de monitoramento.
2025-07-07 11:45:28.971 | INFO     | __main__:monitor_loop:134 - Tempo de execução do loop: 3855.145 ms
==================================================
2025-07-07 11:45:55.130 | INFO     | __main__:ping_device:72 - FER_24G: status=1, sent=4, recv=4, rtt_avg=2 ms
2025-07-07 11:45:55.744 | INFO     | __main__:ping_device:72 - GITHUB: status=1, sent=4, recv=4, rtt_avg=155 ms
2025-07-07 11:45:55.762 | INFO     | __main__:ping_device:72 - GOOGLE: status=1, sent=4, recv=4, rtt_avg=160 ms
2025-07-07 11:45:58.974 | INFO     | __main__:ping_device:72 - SAMSUNG_S22: status=0, sent=4, recv=0, rtt_avg=None ms
2025-07-07 11:45:58.990 | INFO     | __main__:monitor_loop:126 - Persistidos 4 resultados de monitoramento.
2025-07-07 11:45:58.990 | INFO     | __main__:monitor_loop:134 - Tempo de execução do loop: 3873.070 ms
==================================================
2025-07-07 11:46:25.127 | INFO     | __main__:ping_device:72 - FER_24G: status=1, sent=4, recv=4, rtt_avg=1 ms
2025-07-07 11:46:25.296 | INFO     | __main__:ping_device:72 - FACEBOOK: status=1, sent=4, recv=4, rtt_avg=44 ms
2025-07-07 11:46:25.536 | INFO     | __main__:ping_device:72 - WIKIPEDIA: status=1, sent=3, recv=3, rtt_avg=138 ms
2025-07-07 11:46:25.706 | INFO     | __main__:ping_device:72 - GITHUB: status=1, sent=4, recv=4, rtt_avg=146 ms
2025-07-07 11:46:25.742 | INFO     | __main__:ping_device:72 - GOOGLE: status=1, sent=4, recv=4, rtt_avg=155 ms
2025-07-07 11:46:28.962 | INFO     | __main__:ping_device:72 - SAMSUNG_S22: status=0, sent=4, recv=0, rtt_avg=None ms
2025-07-07 11:46:28.978 | INFO     | __main__:monitor_loop:126 - Persistidos 6 resultados de monitoramento.
2025-07-07 11:46:28.978 | INFO     | __main__:monitor_loop:134 - Tempo de execução do loop: 3860.625 ms
==================================================
2025-07-07 11:46:55.135 | INFO     | __main__:ping_device:72 - FER_24G: status=1, sent=4, recv=4, rtt_avg=2 ms
2025-07-07 11:46:55.182 | INFO     | __main__:ping_device:72 - CLOUDFLARE: status=1, sent=2, recv=2, rtt_avg=29 ms
2025-07-07 11:46:55.720 | INFO     | __main__:ping_device:72 - GITHUB: status=1, sent=4, recv=4, rtt_avg=148 ms
2025-07-07 11:46:55.745 | INFO     | __main__:ping_device:72 - GOOGLE: status=1, sent=4, recv=4, rtt_avg=155 ms
2025-07-07 11:46:58.965 | INFO     | __main__:ping_device:72 - SAMSUNG_S22: status=0, sent=4, recv=0, rtt_avg=None ms
2025-07-07 11:46:58.986 | INFO     | __main__:monitor_loop:126 - Persistidos 5 resultados de monitoramento.
2025-07-07 11:46:58.987 | INFO     | __main__:monitor_loop:134 - Tempo de execução do loop: 3868.506 ms
==================================================
2025-07-07 11:47:25.123 | INFO     | __main__:monitor_loop:103 - Dispositivos carregados: 7
==================================================
2025-07-07 11:47:25.131 | INFO     | __main__:ping_device:72 - FER_24G: status=1, sent=4, recv=4, rtt_avg=1 ms
2025-07-07 11:47:25.321 | INFO     | __main__:ping_device:72 - FACEBOOK: status=1, sent=4, recv=4, rtt_avg=48 ms
2025-07-07 11:47:25.545 | INFO     | __main__:ping_device:72 - WIKIPEDIA: status=1, sent=3, recv=3, rtt_avg=138 ms
2025-07-07 11:47:25.729 | INFO     | __main__:ping_device:72 - GITHUB: status=1, sent=4, recv=4, rtt_avg=150 ms
2025-07-07 11:47:25.753 | INFO     | __main__:ping_device:72 - GOOGLE: status=1, sent=4, recv=4, rtt_avg=156 ms
2025-07-07 11:47:28.955 | INFO     | __main__:ping_device:72 - SAMSUNG_S22: status=0, sent=4, recv=0, rtt_avg=None ms
2025-07-07 11:47:28.965 | INFO     | __main__:monitor_loop:126 - Persistidos 6 resultados de monitoramento.
2025-07-07 11:47:28.965 | INFO     | __main__:monitor_loop:134 - Tempo de execução do loop: 3845.248 ms
==================================================
2025-07-07 11:47:55.135 | INFO     | __main__:ping_device:72 - FER_24G: status=1, sent=4, recv=4, rtt_avg=2 ms
2025-07-07 11:47:55.718 | INFO     | __main__:ping_device:72 - GITHUB: status=1, sent=4, recv=4, rtt_avg=148 ms
2025-07-07 11:47:55.740 | INFO     | __main__:ping_device:72 - GOOGLE: status=1, sent=4, recv=4, rtt_avg=154 ms
2025-07-07 11:47:58.955 | INFO     | __main__:ping_device:72 - SAMSUNG_S22: status=0, sent=4, recv=0, rtt_avg=None ms
2025-07-07 11:47:58.976 | INFO     | __main__:monitor_loop:126 - Persistidos 4 resultados de monitoramento.
2025-07-07 11:47:58.977 | INFO     | __main__:monitor_loop:134 - Tempo de execução do loop: 3856.984 ms
==================================================
2025-07-07 11:48:25.135 | INFO     | __main__:ping_device:72 - FER_24G: status=1, sent=4, recv=4, rtt_avg=2 ms
2025-07-07 11:48:25.184 | INFO     | __main__:ping_device:72 - CLOUDFLARE: status=1, sent=2, recv=2, rtt_avg=29 ms
2025-07-07 11:48:25.299 | INFO     | __main__:ping_device:72 - FACEBOOK: status=1, sent=4, recv=4, rtt_avg=43 ms
2025-07-07 11:48:25.540 | INFO     | __main__:ping_device:72 - WIKIPEDIA: status=1, sent=3, recv=3, rtt_avg=138 ms
2025-07-07 11:48:25.719 | INFO     | __main__:ping_device:72 - GITHUB: status=1, sent=4, recv=4, rtt_avg=148 ms
2025-07-07 11:48:25.739 | INFO     | __main__:ping_device:72 - GOOGLE: status=1, sent=4, recv=4, rtt_avg=153 ms
2025-07-07 11:48:28.955 | INFO     | __main__:ping_device:72 - SAMSUNG_S22: status=0, sent=4, recv=0, rtt_avg=None ms
2025-07-07 11:48:28.977 | INFO     | __main__:monitor_loop:126 - Persistidos 7 resultados de monitoramento.
2025-07-07 11:48:28.978 | INFO     | __main__:monitor_loop:134 - Tempo de execução do loop: 3856.437 ms
==================================================
2025-07-07 11:48:55.144 | INFO     | __main__:ping_device:72 - FER_24G: status=1, sent=4, recv=4, rtt_avg=3 ms
2025-07-07 11:48:55.736 | INFO     | __main__:ping_device:72 - GITHUB: status=1, sent=4, recv=4, rtt_avg=152 ms
2025-07-07 11:48:55.757 | INFO     | __main__:ping_device:72 - GOOGLE: status=1, sent=4, recv=4, rtt_avg=157 ms
2025-07-07 11:48:58.955 | INFO     | __main__:ping_device:72 - SAMSUNG_S22: status=0, sent=4, recv=0, rtt_avg=None ms
2025-07-07 11:48:58.986 | INFO     | __main__:monitor_loop:126 - Persistidos 4 resultados de monitoramento.
2025-07-07 11:48:58.987 | INFO     | __main__:monitor_loop:134 - Tempo de execução do loop: 3864.316 ms
==================================================
2025-07-07 11:49:25.138 | INFO     | __main__:ping_device:72 - FER_24G: status=1, sent=4, recv=4, rtt_avg=1 ms
2025-07-07 11:49:25.309 | INFO     | __main__:ping_device:72 - FACEBOOK: status=1, sent=4, recv=4, rtt_avg=44 ms
2025-07-07 11:49:25.557 | INFO     | __main__:ping_device:72 - WIKIPEDIA: status=1, sent=3, recv=3, rtt_avg=142 ms
2025-07-07 11:49:25.731 | INFO     | __main__:ping_device:72 - GITHUB: status=1, sent=4, recv=4, rtt_avg=150 ms
2025-07-07 11:49:25.756 | INFO     | __main__:ping_device:72 - GOOGLE: status=1, sent=4, recv=4, rtt_avg=156 ms
2025-07-07 11:49:28.955 | INFO     | __main__:ping_device:72 - SAMSUNG_S22: status=0, sent=4, recv=0, rtt_avg=None ms
2025-07-07 11:49:28.976 | INFO     | __main__:monitor_loop:126 - Persistidos 6 resultados de monitoramento.
2025-07-07 11:49:28.977 | INFO     | __main__:monitor_loop:134 - Tempo de execução do loop: 3852.202 ms
==================================================
2025-07-07 11:49:55.148 | INFO     | __main__:ping_device:72 - FER_24G: status=1, sent=4, recv=4, rtt_avg=2 ms
2025-07-07 11:49:55.184 | INFO     | __main__:ping_device:72 - CLOUDFLARE: status=1, sent=2, recv=2, rtt_avg=26 ms
2025-07-07 11:49:55.730 | INFO     | __main__:ping_device:72 - GITHUB: status=1, sent=4, recv=4, rtt_avg=149 ms
2025-07-07 11:49:55.745 | INFO     | __main__:ping_device:72 - GOOGLE: status=1, sent=4, recv=4, rtt_avg=153 ms
2025-07-07 11:49:58.962 | INFO     | __main__:ping_device:72 - SAMSUNG_S22: status=0, sent=4, recv=0, rtt_avg=None ms
2025-07-07 11:49:58.978 | INFO     | __main__:monitor_loop:126 - Persistidos 5 resultados de monitoramento.
2025-07-07 11:49:58.978 | INFO     | __main__:monitor_loop:134 - Tempo de execução do loop: 3853.169 ms
==================================================
2025-07-07 11:50:25.136 | INFO     | __main__:ping_device:72 - FER_24G: status=1, sent=4, recv=4, rtt_avg=1 ms
2025-07-07 11:50:25.308 | INFO     | __main__:ping_device:72 - FACEBOOK: status=1, sent=4, recv=4, rtt_avg=44 ms
2025-07-07 11:50:25.544 | INFO     | __main__:ping_device:72 - WIKIPEDIA: status=1, sent=3, recv=3, rtt_avg=138 ms
2025-07-07 11:50:25.720 | INFO     | __main__:ping_device:72 - GITHUB: status=1, sent=4, recv=4, rtt_avg=147 ms
2025-07-07 11:50:25.766 | INFO     | __main__:ping_device:72 - GOOGLE: status=1, sent=4, recv=4, rtt_avg=159 ms
2025-07-07 11:50:28.954 | INFO     | __main__:ping_device:72 - SAMSUNG_S22: status=0, sent=4, recv=0, rtt_avg=None ms
2025-07-07 11:50:28.971 | INFO     | __main__:monitor_loop:126 - Persistidos 6 resultados de monitoramento.
2025-07-07 11:50:28.971 | INFO     | __main__:monitor_loop:134 - Tempo de execução do loop: 3845.277 ms
==================================================
2025-07-07 11:50:55.137 | INFO     | __main__:ping_device:72 - FER_24G: status=1, sent=4, recv=4, rtt_avg=2 ms
2025-07-07 11:50:55.729 | INFO     | __main__:ping_device:72 - GITHUB: status=1, sent=4, recv=4, rtt_avg=149 ms
2025-07-07 11:50:55.751 | INFO     | __main__:ping_device:72 - GOOGLE: status=1, sent=4, recv=4, rtt_avg=155 ms
2025-07-07 11:50:58.959 | INFO     | __main__:ping_device:72 - SAMSUNG_S22: status=0, sent=4, recv=0, rtt_avg=None ms
2025-07-07 11:50:58.980 | INFO     | __main__:monitor_loop:126 - Persistidos 4 resultados de monitoramento.
2025-07-07 11:50:58.981 | INFO     | __main__:monitor_loop:134 - Tempo de execução do loop: 3854.522 ms
==================================================
2025-07-07 11:51:25.147 | INFO     | __main__:ping_device:72 - FER_24G: status=1, sent=4, recv=4, rtt_avg=2 ms
2025-07-07 11:51:25.195 | INFO     | __main__:ping_device:72 - CLOUDFLARE: status=1, sent=2, recv=2, rtt_avg=31 ms
2025-07-07 11:51:25.310 | INFO     | __main__:ping_device:72 - FACEBOOK: status=1, sent=4, recv=4, rtt_avg=44 ms
2025-07-07 11:51:25.549 | INFO     | __main__:ping_device:72 - WIKIPEDIA: status=1, sent=3, recv=3, rtt_avg=138 ms
2025-07-07 11:51:25.733 | INFO     | __main__:ping_device:72 - GITHUB: status=1, sent=4, recv=4, rtt_avg=149 ms
2025-07-07 11:51:25.753 | INFO     | __main__:ping_device:72 - GOOGLE: status=1, sent=4, recv=4, rtt_avg=155 ms
2025-07-07 11:51:28.950 | INFO     | __main__:ping_device:72 - SAMSUNG_S22: status=0, sent=4, recv=0, rtt_avg=None ms
2025-07-07 11:51:28.956 | INFO     | __main__:monitor_loop:126 - Persistidos 7 resultados de monitoramento.
2025-07-07 11:51:28.957 | INFO     | __main__:monitor_loop:134 - Tempo de execução do loop: 3829.048 ms
==================================================
2025-07-07 11:51:55.146 | INFO     | __main__:ping_device:72 - FER_24G: status=1, sent=4, recv=4, rtt_avg=2 ms
2025-07-07 11:51:55.734 | INFO     | __main__:ping_device:72 - GITHUB: status=1, sent=4, recv=4, rtt_avg=149 ms
2025-07-07 11:51:55.776 | INFO     | __main__:ping_device:72 - GOOGLE: status=1, sent=4, recv=4, rtt_avg=160 ms
2025-07-07 11:51:58.965 | INFO     | __main__:ping_device:72 - SAMSUNG_S22: status=0, sent=4, recv=0, rtt_avg=None ms
2025-07-07 11:51:58.978 | INFO     | __main__:monitor_loop:126 - Persistidos 4 resultados de monitoramento.
2025-07-07 11:51:58.978 | INFO     | __main__:monitor_loop:134 - Tempo de execução do loop: 3850.070 ms
==================================================
2025-07-07 11:52:25.140 | INFO     | __main__:monitor_loop:103 - Dispositivos carregados: 7
==================================================
2025-07-07 11:52:25.152 | INFO     | __main__:ping_device:72 - FER_24G: status=1, sent=4, recv=4, rtt_avg=1 ms
2025-07-07 11:52:25.332 | INFO     | __main__:ping_device:72 - FACEBOOK: status=1, sent=4, recv=4, rtt_avg=46 ms
2025-07-07 11:52:25.567 | INFO     | __main__:ping_device:72 - WIKIPEDIA: status=1, sent=3, recv=3, rtt_avg=139 ms
2025-07-07 11:52:25.740 | INFO     | __main__:ping_device:72 - GITHUB: status=1, sent=4, recv=4, rtt_avg=148 ms
2025-07-07 11:52:26.616 | INFO     | __main__:ping_device:72 - GOOGLE: status=1, sent=4, recv=3, rtt_avg=155 ms
2025-07-07 11:52:28.955 | INFO     | __main__:ping_device:72 - SAMSUNG_S22: status=0, sent=4, recv=0, rtt_avg=None ms
2025-07-07 11:52:28.979 | INFO     | __main__:monitor_loop:126 - Persistidos 6 resultados de monitoramento.
2025-07-07 11:52:28.980 | INFO     | __main__:monitor_loop:134 - Tempo de execução do loop: 3850.746 ms
==================================================
2025-07-07 11:52:55.151 | INFO     | __main__:ping_device:72 - FER_24G: status=1, sent=4, recv=4, rtt_avg=2 ms
2025-07-07 11:52:55.201 | INFO     | __main__:ping_device:72 - CLOUDFLARE: status=1, sent=2, recv=2, rtt_avg=32 ms
2025-07-07 11:52:55.735 | INFO     | __main__:ping_device:72 - GITHUB: status=1, sent=4, recv=4, rtt_avg=149 ms
2025-07-07 11:52:55.755 | INFO     | __main__:ping_device:72 - GOOGLE: status=1, sent=4, recv=4, rtt_avg=155 ms
2025-07-07 11:52:58.959 | INFO     | __main__:ping_device:72 - SAMSUNG_S22: status=0, sent=4, recv=0, rtt_avg=None ms
2025-07-07 11:52:58.989 | INFO     | __main__:monitor_loop:126 - Persistidos 5 resultados de monitoramento.
2025-07-07 11:52:58.990 | INFO     | __main__:monitor_loop:134 - Tempo de execução do loop: 3859.774 ms
==================================================
2025-07-07 11:53:25.155 | INFO     | __main__:ping_device:72 - FER_24G: status=1, sent=4, recv=4, rtt_avg=2 ms
2025-07-07 11:53:25.319 | INFO     | __main__:ping_device:72 - FACEBOOK: status=1, sent=4, recv=4, rtt_avg=45 ms
2025-07-07 11:53:25.558 | INFO     | __main__:ping_device:72 - WIKIPEDIA: status=1, sent=3, recv=3, rtt_avg=138 ms
2025-07-07 11:53:25.730 | INFO     | __main__:ping_device:72 - GITHUB: status=1, sent=4, recv=4, rtt_avg=147 ms
2025-07-07 11:53:25.762 | INFO     | __main__:ping_device:72 - GOOGLE: status=1, sent=4, recv=4, rtt_avg=156 ms
2025-07-07 11:53:28.954 | INFO     | __main__:ping_device:72 - SAMSUNG_S22: status=0, sent=4, recv=0, rtt_avg=None ms
2025-07-07 11:53:28.983 | INFO     | __main__:monitor_loop:126 - Persistidos 6 resultados de monitoramento.
2025-07-07 11:53:28.983 | INFO     | __main__:monitor_loop:134 - Tempo de execução do loop: 3851.777 ms
==================================================
2025-07-07 11:53:55.152 | INFO     | __main__:ping_device:72 - FER_24G: status=1, sent=4, recv=4, rtt_avg=2 ms
2025-07-07 11:53:55.734 | INFO     | __main__:ping_device:72 - GITHUB: status=1, sent=4, recv=4, rtt_avg=148 ms
2025-07-07 11:53:55.758 | INFO     | __main__:ping_device:72 - GOOGLE: status=1, sent=4, recv=4, rtt_avg=155 ms
2025-07-07 11:53:58.967 | INFO     | __main__:ping_device:72 - SAMSUNG_S22: status=0, sent=4, recv=0, rtt_avg=None ms
2025-07-07 11:53:59.011 | INFO     | __main__:monitor_loop:126 - Persistidos 4 resultados de monitoramento.
2025-07-07 11:53:59.012 | INFO     | __main__:monitor_loop:134 - Tempo de execução do loop: 3879.749 ms
==================================================
2025-07-07 11:54:25.145 | INFO     | __main__:ping_device:72 - FER_24G: status=1, sent=4, recv=4, rtt_avg=1 ms
2025-07-07 11:54:25.197 | INFO     | __main__:ping_device:72 - CLOUDFLARE: status=1, sent=2, recv=2, rtt_avg=30 ms
2025-07-07 11:54:25.308 | INFO     | __main__:ping_device:72 - FACEBOOK: status=1, sent=4, recv=4, rtt_avg=43 ms
2025-07-07 11:54:25.554 | INFO     | __main__:ping_device:72 - WIKIPEDIA: status=1, sent=3, recv=3, rtt_avg=139 ms
2025-07-07 11:54:25.730 | INFO     | __main__:ping_device:72 - GITHUB: status=1, sent=4, recv=4, rtt_avg=148 ms
2025-07-07 11:54:25.752 | INFO     | __main__:ping_device:72 - GOOGLE: status=1, sent=4, recv=4, rtt_avg=154 ms
2025-07-07 11:54:28.958 | INFO     | __main__:ping_device:72 - SAMSUNG_S22: status=0, sent=4, recv=0, rtt_avg=None ms
2025-07-07 11:54:28.965 | INFO     | __main__:monitor_loop:126 - Persistidos 7 resultados de monitoramento.
2025-07-07 11:54:28.965 | INFO     | __main__:monitor_loop:134 - Tempo de execução do loop: 3832.692 ms
==================================================
2025-07-07 11:54:55.152 | INFO     | __main__:ping_device:72 - FER_24G: status=1, sent=4, recv=4, rtt_avg=3 ms
2025-07-07 11:54:55.729 | INFO     | __main__:ping_device:72 - GITHUB: status=1, sent=4, recv=4, rtt_avg=147 ms
2025-07-07 11:54:55.756 | INFO     | __main__:ping_device:72 - GOOGLE: status=1, sent=4, recv=4, rtt_avg=154 ms
2025-07-07 11:54:58.960 | INFO     | __main__:ping_device:72 - SAMSUNG_S22: status=0, sent=4, recv=0, rtt_avg=None ms
2025-07-07 11:54:58.991 | INFO     | __main__:monitor_loop:126 - Persistidos 4 resultados de monitoramento.
2025-07-07 11:54:58.993 | INFO     | __main__:monitor_loop:134 - Tempo de execução do loop: 3859.040 ms
==================================================
2025-07-07 11:55:25.156 | INFO     | __main__:ping_device:72 - FER_24G: status=1, sent=4, recv=4, rtt_avg=2 ms
2025-07-07 11:55:25.322 | INFO     | __main__:ping_device:72 - FACEBOOK: status=1, sent=4, recv=4, rtt_avg=45 ms
2025-07-07 11:55:25.559 | INFO     | __main__:ping_device:72 - WIKIPEDIA: status=1, sent=3, recv=3, rtt_avg=138 ms
2025-07-07 11:55:25.735 | INFO     | __main__:ping_device:72 - GITHUB: status=1, sent=4, recv=4, rtt_avg=148 ms
2025-07-07 11:55:25.757 | INFO     | __main__:ping_device:72 - GOOGLE: status=1, sent=4, recv=4, rtt_avg=154 ms
2025-07-07 11:55:28.956 | INFO     | __main__:ping_device:72 - SAMSUNG_S22: status=0, sent=4, recv=0, rtt_avg=None ms
2025-07-07 11:55:28.990 | INFO     | __main__:monitor_loop:126 - Persistidos 6 resultados de monitoramento.
2025-07-07 11:55:28.991 | INFO     | __main__:monitor_loop:134 - Tempo de execução do loop: 3855.749 ms
==================================================
2025-07-07 11:55:55.158 | INFO     | __main__:ping_device:72 - FER_24G: status=1, sent=4, recv=4, rtt_avg=2 ms
2025-07-07 11:55:55.203 | INFO     | __main__:ping_device:72 - CLOUDFLARE: status=1, sent=2, recv=2, rtt_avg=30 ms
2025-07-07 11:55:55.744 | INFO     | __main__:ping_device:72 - GITHUB: status=1, sent=4, recv=4, rtt_avg=150 ms
2025-07-07 11:55:55.764 | INFO     | __main__:ping_device:72 - GOOGLE: status=1, sent=4, recv=4, rtt_avg=156 ms
2025-07-07 11:55:58.955 | INFO     | __main__:ping_device:72 - SAMSUNG_S22: status=0, sent=4, recv=0, rtt_avg=None ms
2025-07-07 11:55:58.976 | INFO     | __main__:monitor_loop:126 - Persistidos 5 resultados de monitoramento.
2025-07-07 11:55:58.976 | INFO     | __main__:monitor_loop:134 - Tempo de execução do loop: 3839.386 ms
==================================================
2025-07-07 11:56:25.160 | INFO     | __main__:ping_device:72 - FER_24G: status=1, sent=4, recv=4, rtt_avg=2 ms
2025-07-07 11:56:25.336 | INFO     | __main__:ping_device:72 - FACEBOOK: status=1, sent=4, recv=4, rtt_avg=47 ms
2025-07-07 11:56:25.566 | INFO     | __main__:ping_device:72 - WIKIPEDIA: status=1, sent=3, recv=3, rtt_avg=139 ms
2025-07-07 11:56:25.744 | INFO     | __main__:ping_device:72 - GITHUB: status=1, sent=4, recv=4, rtt_avg=149 ms
2025-07-07 11:56:25.767 | INFO     | __main__:ping_device:72 - GOOGLE: status=1, sent=4, recv=4, rtt_avg=156 ms
2025-07-07 11:56:28.963 | INFO     | __main__:ping_device:72 - SAMSUNG_S22: status=0, sent=4, recv=0, rtt_avg=None ms
2025-07-07 11:56:28.981 | INFO     | __main__:monitor_loop:126 - Persistidos 6 resultados de monitoramento.
2025-07-07 11:56:28.982 | INFO     | __main__:monitor_loop:134 - Tempo de execução do loop: 3844.796 ms
==================================================
2025-07-07 11:56:55.149 | INFO     | __main__:ping_device:72 - FER_24G: status=1, sent=4, recv=4, rtt_avg=2 ms
2025-07-07 11:56:55.731 | INFO     | __main__:ping_device:72 - GITHUB: status=1, sent=4, recv=4, rtt_avg=147 ms
2025-07-07 11:56:55.763 | INFO     | __main__:ping_device:72 - GOOGLE: status=1, sent=4, recv=4, rtt_avg=155 ms
2025-07-07 11:56:58.950 | INFO     | __main__:ping_device:72 - SAMSUNG_S22: status=0, sent=4, recv=0, rtt_avg=None ms
2025-07-07 11:56:58.981 | INFO     | __main__:monitor_loop:126 - Persistidos 4 resultados de monitoramento.
2025-07-07 11:56:58.982 | INFO     | __main__:monitor_loop:134 - Tempo de execução do loop: 3843.912 ms
==================================================
2025-07-07 11:57:25.149 | INFO     | __main__:monitor_loop:103 - Dispositivos carregados: 7
==================================================
2025-07-07 11:57:25.167 | INFO     | __main__:ping_device:72 - FER_24G: status=1, sent=4, recv=4, rtt_avg=2 ms
2025-07-07 11:57:25.214 | INFO     | __main__:ping_device:72 - CLOUDFLARE: status=1, sent=2, recv=2, rtt_avg=29 ms
2025-07-07 11:57:25.342 | INFO     | __main__:ping_device:72 - FACEBOOK: status=1, sent=4, recv=4, rtt_avg=46 ms
2025-07-07 11:57:25.571 | INFO     | __main__:ping_device:72 - WIKIPEDIA: status=1, sent=3, recv=3, rtt_avg=137 ms
2025-07-07 11:57:25.747 | INFO     | __main__:ping_device:72 - GITHUB: status=1, sent=4, recv=4, rtt_avg=147 ms
2025-07-07 11:57:25.778 | INFO     | __main__:ping_device:72 - GOOGLE: status=1, sent=4, recv=4, rtt_avg=156 ms
2025-07-07 11:57:28.954 | INFO     | __main__:ping_device:72 - SAMSUNG_S22: status=0, sent=4, recv=0, rtt_avg=None ms
2025-07-07 11:57:28.990 | INFO     | __main__:monitor_loop:126 - Persistidos 7 resultados de monitoramento.
2025-07-07 11:57:28.991 | INFO     | __main__:monitor_loop:134 - Tempo de execução do loop: 3850.650 ms
==================================================
2025-07-07 11:57:55.161 | INFO     | __main__:ping_device:72 - FER_24G: status=1, sent=4, recv=4, rtt_avg=3 ms
2025-07-07 11:57:55.740 | INFO     | __main__:ping_device:72 - GITHUB: status=1, sent=4, recv=4, rtt_avg=148 ms
2025-07-07 11:57:55.765 | INFO     | __main__:ping_device:72 - GOOGLE: status=1, sent=4, recv=4, rtt_avg=154 ms
2025-07-07 11:57:58.961 | INFO     | __main__:ping_device:72 - SAMSUNG_S22: status=0, sent=4, recv=0, rtt_avg=None ms
2025-07-07 11:57:58.979 | INFO     | __main__:monitor_loop:126 - Persistidos 4 resultados de monitoramento.
2025-07-07 11:57:58.979 | INFO     | __main__:monitor_loop:134 - Tempo de execução do loop: 3837.793 ms
==================================================
2025-07-07 11:58:25.154 | INFO     | __main__:ping_device:72 - FER_24G: status=1, sent=4, recv=4, rtt_avg=1 ms
2025-07-07 11:58:25.327 | INFO     | __main__:ping_device:72 - FACEBOOK: status=1, sent=4, recv=4, rtt_avg=44 ms
2025-07-07 11:58:25.562 | INFO     | __main__:ping_device:72 - WIKIPEDIA: status=1, sent=3, recv=3, rtt_avg=137 ms
2025-07-07 11:58:25.742 | INFO     | __main__:ping_device:72 - GITHUB: status=1, sent=4, recv=4, rtt_avg=148 ms
2025-07-07 11:58:25.772 | INFO     | __main__:ping_device:72 - GOOGLE: status=1, sent=4, recv=4, rtt_avg=156 ms
2025-07-07 11:58:28.963 | INFO     | __main__:ping_device:72 - SAMSUNG_S22: status=0, sent=4, recv=0, rtt_avg=None ms
2025-07-07 11:58:28.971 | INFO     | __main__:monitor_loop:126 - Persistidos 6 resultados de monitoramento.
2025-07-07 11:58:28.971 | INFO     | __main__:monitor_loop:134 - Tempo de execução do loop: 3828.188 ms
==================================================
2025-07-07 11:58:55.176 | INFO     | __main__:ping_device:72 - FER_24G: status=1, sent=4, recv=4, rtt_avg=5 ms
2025-07-07 11:58:55.216 | INFO     | __main__:ping_device:72 - CLOUDFLARE: status=1, sent=2, recv=2, rtt_avg=33 ms
2025-07-07 11:58:55.763 | INFO     | __main__:ping_device:72 - GITHUB: status=1, sent=4, recv=4, rtt_avg=152 ms
2025-07-07 11:58:55.786 | INFO     | __main__:ping_device:72 - GOOGLE: status=1, sent=4, recv=4, rtt_avg=159 ms
2025-07-07 11:58:58.952 | INFO     | __main__:ping_device:72 - SAMSUNG_S22: status=0, sent=4, recv=0, rtt_avg=None ms
2025-07-07 11:58:58.957 | INFO     | __main__:monitor_loop:126 - Persistidos 5 resultados de monitoramento.
2025-07-07 11:58:58.957 | INFO     | __main__:monitor_loop:134 - Tempo de execução do loop: 3814.309 ms
==================================================
2025-07-07 11:59:25.174 | INFO     | __main__:ping_device:72 - FER_24G: status=1, sent=4, recv=4, rtt_avg=5 ms
2025-07-07 11:59:25.370 | INFO     | __main__:ping_device:72 - FACEBOOK: status=1, sent=4, recv=4, rtt_avg=55 ms
2025-07-07 11:59:25.574 | INFO     | __main__:ping_device:72 - WIKIPEDIA: status=1, sent=3, recv=3, rtt_avg=141 ms
2025-07-07 11:59:25.780 | INFO     | __main__:ping_device:72 - GITHUB: status=1, sent=4, recv=4, rtt_avg=157 ms
2025-07-07 11:59:25.796 | INFO     | __main__:ping_device:72 - GOOGLE: status=1, sent=4, recv=4, rtt_avg=162 ms
2025-07-07 11:59:28.959 | INFO     | __main__:ping_device:72 - SAMSUNG_S22: status=0, sent=4, recv=0, rtt_avg=None ms
2025-07-07 11:59:28.975 | INFO     | __main__:monitor_loop:126 - Persistidos 6 resultados de monitoramento.
2025-07-07 11:59:28.975 | INFO     | __main__:monitor_loop:134 - Tempo de execução do loop: 3831.609 ms
==================================================
2025-07-07 11:59:55.153 | INFO     | __main__:ping_device:72 - FER_24G: status=1, sent=4, recv=4, rtt_avg=1 ms
2025-07-07 11:59:55.757 | INFO     | __main__:ping_device:72 - GITHUB: status=1, sent=4, recv=4, rtt_avg=152 ms
2025-07-07 11:59:55.772 | INFO     | __main__:ping_device:72 - GOOGLE: status=1, sent=4, recv=4, rtt_avg=156 ms
2025-07-07 11:59:58.957 | INFO     | __main__:ping_device:72 - SAMSUNG_S22: status=0, sent=4, recv=0, rtt_avg=None ms
2025-07-07 11:59:58.973 | INFO     | __main__:monitor_loop:126 - Persistidos 4 resultados de monitoramento.
2025-07-07 11:59:58.974 | INFO     | __main__:monitor_loop:134 - Tempo de execução do loop: 3829.539 ms
==================================================
2025-07-07 12:00:25.167 | INFO     | __main__:ping_device:72 - FER_24G: status=1, sent=4, recv=4, rtt_avg=2 ms
2025-07-07 12:00:25.215 | INFO     | __main__:ping_device:72 - CLOUDFLARE: status=1, sent=2, recv=2, rtt_avg=31 ms
2025-07-07 12:00:25.384 | INFO     | __main__:ping_device:72 - FACEBOOK: status=1, sent=4, recv=4, rtt_avg=58 ms
2025-07-07 12:00:25.576 | INFO     | __main__:ping_device:72 - WIKIPEDIA: status=1, sent=3, recv=3, rtt_avg=140 ms
2025-07-07 12:00:25.769 | INFO     | __main__:ping_device:72 - GITHUB: status=1, sent=4, recv=4, rtt_avg=153 ms
2025-07-07 12:00:25.787 | INFO     | __main__:ping_device:72 - GOOGLE: status=1, sent=4, recv=4, rtt_avg=159 ms
2025-07-07 12:00:28.970 | INFO     | __main__:ping_device:72 - SAMSUNG_S22: status=0, sent=4, recv=0, rtt_avg=None ms
2025-07-07 12:00:28.997 | INFO     | __main__:monitor_loop:126 - Persistidos 7 resultados de monitoramento.
2025-07-07 12:00:28.998 | INFO     | __main__:monitor_loop:134 - Tempo de execução do loop: 3852.632 ms
==================================================
2025-07-07 12:00:55.163 | INFO     | __main__:ping_device:72 - FER_24G: status=1, sent=4, recv=4, rtt_avg=2 ms
2025-07-07 12:00:55.763 | INFO     | __main__:ping_device:72 - GITHUB: status=1, sent=4, recv=4, rtt_avg=152 ms
2025-07-07 12:00:55.793 | INFO     | __main__:ping_device:72 - GOOGLE: status=1, sent=4, recv=4, rtt_avg=160 ms
2025-07-07 12:00:58.955 | INFO     | __main__:ping_device:72 - SAMSUNG_S22: status=0, sent=4, recv=0, rtt_avg=None ms
2025-07-07 12:00:58.962 | INFO     | __main__:monitor_loop:126 - Persistidos 4 resultados de monitoramento.
2025-07-07 12:00:58.962 | INFO     | __main__:monitor_loop:134 - Tempo de execução do loop: 3816.148 ms
==================================================
2025-07-07 12:01:25.160 | INFO     | __main__:ping_device:72 - FER_24G: status=1, sent=4, recv=4, rtt_avg=2 ms
2025-07-07 12:01:25.338 | INFO     | __main__:ping_device:72 - FACEBOOK: status=1, sent=4, recv=4, rtt_avg=46 ms
2025-07-07 12:01:25.568 | INFO     | __main__:ping_device:72 - WIKIPEDIA: status=1, sent=3, recv=3, rtt_avg=138 ms
2025-07-07 12:01:25.752 | INFO     | __main__:ping_device:72 - GITHUB: status=1, sent=4, recv=4, rtt_avg=149 ms
2025-07-07 12:01:25.779 | INFO     | __main__:ping_device:72 - GOOGLE: status=1, sent=4, recv=4, rtt_avg=156 ms
2025-07-07 12:01:28.960 | INFO     | __main__:ping_device:72 - SAMSUNG_S22: status=0, sent=4, recv=0, rtt_avg=None ms
2025-07-07 12:01:28.993 | INFO     | __main__:monitor_loop:126 - Persistidos 6 resultados de monitoramento.
2025-07-07 12:01:28.994 | INFO     | __main__:monitor_loop:134 - Tempo de execução do loop: 3847.056 ms
==================================================
2025-07-07 12:01:55.156 | INFO     | __main__:ping_device:72 - FER_24G: status=1, sent=4, recv=4, rtt_avg=1 ms
2025-07-07 12:01:55.216 | INFO     | __main__:ping_device:72 - CLOUDFLARE: status=1, sent=2, recv=2, rtt_avg=32 ms
2025-07-07 12:01:55.750 | INFO     | __main__:ping_device:72 - GITHUB: status=1, sent=4, recv=4, rtt_avg=149 ms
2025-07-07 12:01:55.787 | INFO     | __main__:ping_device:72 - GOOGLE: status=1, sent=4, recv=4, rtt_avg=158 ms
2025-07-07 12:01:58.954 | INFO     | __main__:ping_device:72 - SAMSUNG_S22: status=0, sent=4, recv=0, rtt_avg=None ms
2025-07-07 12:01:58.977 | INFO     | __main__:monitor_loop:126 - Persistidos 5 resultados de monitoramento.
2025-07-07 12:01:58.977 | INFO     | __main__:monitor_loop:134 - Tempo de execução do loop: 3828.069 ms
==================================================
2025-07-07 12:02:25.152 | INFO     | __main__:monitor_loop:103 - Dispositivos carregados: 7
==================================================
2025-07-07 12:02:25.166 | INFO     | __main__:ping_device:72 - FER_24G: status=1, sent=4, recv=4, rtt_avg=2 ms
2025-07-07 12:02:25.337 | INFO     | __main__:ping_device:72 - FACEBOOK: status=1, sent=4, recv=4, rtt_avg=44 ms
2025-07-07 12:02:25.575 | INFO     | __main__:ping_device:72 - WIKIPEDIA: status=1, sent=3, recv=3, rtt_avg=139 ms
2025-07-07 12:02:25.754 | INFO     | __main__:ping_device:72 - GITHUB: status=1, sent=4, recv=4, rtt_avg=149 ms
2025-07-07 12:02:25.776 | INFO     | __main__:ping_device:72 - GOOGLE: status=1, sent=4, recv=4, rtt_avg=155 ms
2025-07-07 12:02:28.970 | INFO     | __main__:ping_device:72 - SAMSUNG_S22: status=0, sent=4, recv=0, rtt_avg=None ms
2025-07-07 12:02:28.992 | INFO     | __main__:monitor_loop:126 - Persistidos 6 resultados de monitoramento.
2025-07-07 12:02:28.993 | INFO     | __main__:monitor_loop:134 - Tempo de execução do loop: 3842.847 ms
==================================================
2025-07-07 12:02:55.163 | INFO     | __main__:ping_device:72 - FER_24G: status=1, sent=4, recv=4, rtt_avg=2 ms
2025-07-07 12:02:55.769 | INFO     | __main__:ping_device:72 - GITHUB: status=1, sent=4, recv=4, rtt_avg=153 ms
2025-07-07 12:02:55.797 | INFO     | __main__:ping_device:72 - GOOGLE: status=1, sent=4, recv=4, rtt_avg=160 ms
2025-07-07 12:02:58.963 | INFO     | __main__:ping_device:72 - SAMSUNG_S22: status=0, sent=4, recv=0, rtt_avg=None ms
2025-07-07 12:02:58.988 | INFO     | __main__:monitor_loop:126 - Persistidos 4 resultados de monitoramento.
2025-07-07 12:02:58.988 | INFO     | __main__:monitor_loop:134 - Tempo de execução do loop: 3837.084 ms
==================================================
2025-07-07 12:03:25.164 | INFO     | __main__:ping_device:72 - FER_24G: status=1, sent=4, recv=4, rtt_avg=2 ms
2025-07-07 12:03:25.217 | INFO     | __main__:ping_device:72 - CLOUDFLARE: status=1, sent=2, recv=2, rtt_avg=30 ms
2025-07-07 12:03:25.345 | INFO     | __main__:ping_device:72 - FACEBOOK: status=1, sent=4, recv=4, rtt_avg=47 ms
2025-07-07 12:03:25.574 | INFO     | __main__:ping_device:72 - WIKIPEDIA: status=1, sent=3, recv=3, rtt_avg=139 ms
2025-07-07 12:03:25.758 | INFO     | __main__:ping_device:72 - GITHUB: status=1, sent=4, recv=4, rtt_avg=150 ms
2025-07-07 12:03:25.806 | INFO     | __main__:ping_device:72 - GOOGLE: status=1, sent=4, recv=4, rtt_avg=162 ms
2025-07-07 12:03:28.958 | INFO     | __main__:ping_device:72 - SAMSUNG_S22: status=0, sent=4, recv=0, rtt_avg=None ms
2025-07-07 12:03:28.976 | INFO     | __main__:monitor_loop:126 - Persistidos 7 resultados de monitoramento.
2025-07-07 12:03:28.976 | INFO     | __main__:monitor_loop:134 - Tempo de execução do loop: 3823.912 ms
==================================================
2025-07-07 12:03:55.159 | INFO     | __main__:ping_device:72 - FER_24G: status=1, sent=4, recv=4, rtt_avg=1 ms
2025-07-07 12:03:55.752 | INFO     | __main__:ping_device:72 - GITHUB: status=1, sent=4, recv=4, rtt_avg=149 ms
2025-07-07 12:03:55.785 | INFO     | __main__:ping_device:72 - GOOGLE: status=1, sent=4, recv=4, rtt_avg=157 ms
2025-07-07 12:03:58.965 | INFO     | __main__:ping_device:72 - SAMSUNG_S22: status=0, sent=4, recv=0, rtt_avg=None ms
2025-07-07 12:03:58.997 | INFO     | __main__:monitor_loop:126 - Persistidos 4 resultados de monitoramento.
2025-07-07 12:03:58.998 | INFO     | __main__:monitor_loop:134 - Tempo de execução do loop: 3845.253 ms
==================================================
2025-07-07 12:04:25.161 | INFO     | __main__:ping_device:72 - FER_24G: status=1, sent=4, recv=4, rtt_avg=1 ms
2025-07-07 12:04:25.334 | INFO     | __main__:ping_device:72 - FACEBOOK: status=1, sent=4, recv=4, rtt_avg=44 ms
2025-07-07 12:04:25.573 | INFO     | __main__:ping_device:72 - WIKIPEDIA: status=1, sent=3, recv=3, rtt_avg=138 ms
2025-07-07 12:04:25.747 | INFO     | __main__:ping_device:72 - GITHUB: status=1, sent=4, recv=4, rtt_avg=147 ms
2025-07-07 12:04:25.777 | INFO     | __main__:ping_device:72 - GOOGLE: status=1, sent=4, recv=4, rtt_avg=154 ms
2025-07-07 12:04:28.945 | INFO     | __main__:ping_device:72 - SAMSUNG_S22: status=0, sent=4, recv=0, rtt_avg=None ms
2025-07-07 12:04:28.969 | INFO     | __main__:monitor_loop:126 - Persistidos 6 resultados de monitoramento.
2025-07-07 12:04:28.970 | INFO     | __main__:monitor_loop:134 - Tempo de execução do loop: 3816.671 ms
==================================================
2025-07-07 12:04:55.162 | INFO     | __main__:ping_device:72 - FER_24G: status=1, sent=4, recv=4, rtt_avg=1 ms
2025-07-07 12:04:55.215 | INFO     | __main__:ping_device:72 - CLOUDFLARE: status=1, sent=2, recv=2, rtt_avg=29 ms
2025-07-07 12:04:55.752 | INFO     | __main__:ping_device:72 - GITHUB: status=1, sent=4, recv=4, rtt_avg=148 ms
2025-07-07 12:04:55.782 | INFO     | __main__:ping_device:72 - GOOGLE: status=1, sent=4, recv=4, rtt_avg=156 ms
2025-07-07 12:04:58.956 | INFO     | __main__:ping_device:72 - SAMSUNG_S22: status=0, sent=4, recv=0, rtt_avg=None ms
2025-07-07 12:04:58.989 | INFO     | __main__:monitor_loop:126 - Persistidos 5 resultados de monitoramento.
2025-07-07 12:04:58.989 | INFO     | __main__:monitor_loop:134 - Tempo de execução do loop: 3834.139 ms
==================================================
2025-07-07 12:05:25.181 | INFO     | __main__:ping_device:72 - FER_24G: status=1, sent=4, recv=4, rtt_avg=3 ms
2025-07-07 12:05:25.349 | INFO     | __main__:ping_device:72 - FACEBOOK: status=1, sent=4, recv=4, rtt_avg=47 ms
2025-07-07 12:05:25.581 | INFO     | __main__:ping_device:72 - WIKIPEDIA: status=1, sent=3, recv=3, rtt_avg=138 ms
2025-07-07 12:05:25.760 | INFO     | __main__:ping_device:72 - GITHUB: status=1, sent=4, recv=4, rtt_avg=148 ms
2025-07-07 12:05:25.783 | INFO     | __main__:ping_device:72 - GOOGLE: status=1, sent=4, recv=4, rtt_avg=155 ms
2025-07-07 12:05:28.971 | INFO     | __main__:ping_device:72 - SAMSUNG_S22: status=0, sent=4, recv=0, rtt_avg=None ms
2025-07-07 12:05:29.004 | INFO     | __main__:monitor_loop:126 - Persistidos 6 resultados de monitoramento.
2025-07-07 12:05:29.005 | INFO     | __main__:monitor_loop:134 - Tempo de execução do loop: 3849.569 ms
==================================================
2025-07-07 12:05:55.174 | INFO     | __main__:ping_device:72 - FER_24G: status=1, sent=4, recv=4, rtt_avg=2 ms
2025-07-07 12:05:55.754 | INFO     | __main__:ping_device:72 - GITHUB: status=1, sent=4, recv=4, rtt_avg=147 ms
2025-07-07 12:05:55.783 | INFO     | __main__:ping_device:72 - GOOGLE: status=1, sent=4, recv=4, rtt_avg=155 ms
2025-07-07 12:05:58.955 | INFO     | __main__:ping_device:72 - SAMSUNG_S22: status=0, sent=4, recv=0, rtt_avg=None ms
2025-07-07 12:05:58.984 | INFO     | __main__:monitor_loop:126 - Persistidos 4 resultados de monitoramento.
2025-07-07 12:05:58.984 | INFO     | __main__:monitor_loop:134 - Tempo de execução do loop: 3826.891 ms
==================================================
2025-07-07 12:06:25.168 | INFO     | __main__:ping_device:72 - FER_24G: status=1, sent=4, recv=4, rtt_avg=1 ms
2025-07-07 12:06:25.223 | INFO     | __main__:ping_device:72 - CLOUDFLARE: status=1, sent=2, recv=2, rtt_avg=31 ms
2025-07-07 12:06:25.338 | INFO     | __main__:ping_device:72 - FACEBOOK: status=1, sent=4, recv=4, rtt_avg=44 ms
2025-07-07 12:06:25.582 | INFO     | __main__:ping_device:72 - WIKIPEDIA: status=1, sent=3, recv=3, rtt_avg=140 ms
2025-07-07 12:06:25.763 | INFO     | __main__:ping_device:72 - GITHUB: status=1, sent=4, recv=4, rtt_avg=150 ms
2025-07-07 12:06:25.793 | INFO     | __main__:ping_device:72 - GOOGLE: status=1, sent=4, recv=4, rtt_avg=158 ms
2025-07-07 12:06:28.962 | INFO     | __main__:ping_device:72 - SAMSUNG_S22: status=0, sent=4, recv=0, rtt_avg=None ms
2025-07-07 12:06:28.981 | INFO     | __main__:monitor_loop:126 - Persistidos 7 resultados de monitoramento.
2025-07-07 12:06:28.981 | INFO     | __main__:monitor_loop:134 - Tempo de execução do loop: 3823.168 ms
==================================================
2025-07-07 12:06:55.181 | INFO     | __main__:ping_device:72 - FER_24G: status=1, sent=4, recv=4, rtt_avg=3 ms
2025-07-07 12:06:55.758 | INFO     | __main__:ping_device:72 - GITHUB: status=1, sent=4, recv=4, rtt_avg=148 ms
2025-07-07 12:06:55.787 | INFO     | __main__:ping_device:72 - GOOGLE: status=1, sent=4, recv=4, rtt_avg=155 ms
2025-07-07 12:06:58.952 | INFO     | __main__:ping_device:72 - SAMSUNG_S22: status=0, sent=4, recv=0, rtt_avg=None ms
2025-07-07 12:06:58.973 | INFO     | __main__:monitor_loop:126 - Persistidos 4 resultados de monitoramento.
2025-07-07 12:06:58.973 | INFO     | __main__:monitor_loop:134 - Tempo de execução do loop: 3814.566 ms
==================================================
2025-07-07 12:07:25.171 | INFO     | __main__:monitor_loop:103 - Dispositivos carregados: 7
==================================================
2025-07-07 12:07:25.195 | INFO     | __main__:ping_device:72 - FER_24G: status=1, sent=4, recv=4, rtt_avg=2 ms
2025-07-07 12:07:25.363 | INFO     | __main__:ping_device:72 - FACEBOOK: status=1, sent=4, recv=4, rtt_avg=46 ms
2025-07-07 12:07:25.595 | INFO     | __main__:ping_device:72 - WIKIPEDIA: status=1, sent=3, recv=3, rtt_avg=137 ms
2025-07-07 12:07:25.774 | INFO     | __main__:ping_device:72 - GITHUB: status=1, sent=4, recv=4, rtt_avg=148 ms
2025-07-07 12:07:25.802 | INFO     | __main__:ping_device:72 - GOOGLE: status=1, sent=4, recv=4, rtt_avg=156 ms
2025-07-07 12:07:28.955 | INFO     | __main__:ping_device:72 - SAMSUNG_S22: status=0, sent=4, recv=0, rtt_avg=None ms
2025-07-07 12:07:28.973 | INFO     | __main__:monitor_loop:126 - Persistidos 6 resultados de monitoramento.
2025-07-07 12:07:28.973 | INFO     | __main__:monitor_loop:134 - Tempo de execução do loop: 3814.089 ms
==================================================
2025-07-07 12:07:55.168 | INFO     | __main__:ping_device:72 - FER_24G: status=1, sent=4, recv=4, rtt_avg=1 ms
2025-07-07 12:07:55.214 | INFO     | __main__:ping_device:72 - CLOUDFLARE: status=1, sent=2, recv=2, rtt_avg=26 ms
2025-07-07 12:07:55.758 | INFO     | __main__:ping_device:72 - GITHUB: status=1, sent=4, recv=4, rtt_avg=148 ms
2025-07-07 12:07:55.780 | INFO     | __main__:ping_device:72 - GOOGLE: status=1, sent=4, recv=4, rtt_avg=154 ms
2025-07-07 12:07:58.958 | INFO     | __main__:ping_device:72 - SAMSUNG_S22: status=0, sent=4, recv=0, rtt_avg=None ms
2025-07-07 12:07:58.991 | INFO     | __main__:monitor_loop:126 - Persistidos 5 resultados de monitoramento.
2025-07-07 12:07:58.992 | INFO     | __main__:monitor_loop:134 - Tempo de execução do loop: 3832.314 ms
==================================================
2025-07-07 12:08:25.184 | INFO     | __main__:ping_device:72 - FER_24G: status=1, sent=4, recv=4, rtt_avg=2 ms
2025-07-07 12:08:25.357 | INFO     | __main__:ping_device:72 - FACEBOOK: status=1, sent=4, recv=4, rtt_avg=47 ms
2025-07-07 12:08:25.582 | INFO     | __main__:ping_device:72 - WIKIPEDIA: status=1, sent=3, recv=3, rtt_avg=137 ms
2025-07-07 12:08:25.760 | INFO     | __main__:ping_device:72 - GITHUB: status=1, sent=4, recv=4, rtt_avg=147 ms
2025-07-07 12:08:25.787 | INFO     | __main__:ping_device:72 - GOOGLE: status=1, sent=4, recv=4, rtt_avg=155 ms
2025-07-07 12:08:28.971 | INFO     | __main__:ping_device:72 - SAMSUNG_S22: status=0, sent=4, recv=0, rtt_avg=None ms
2025-07-07 12:08:28.991 | INFO     | __main__:monitor_loop:126 - Persistidos 6 resultados de monitoramento.
2025-07-07 12:08:28.991 | INFO     | __main__:monitor_loop:134 - Tempo de execução do loop: 3830.153 ms
==================================================
2025-07-07 12:08:55.189 | INFO     | __main__:ping_device:72 - FER_24G: status=1, sent=4, recv=4, rtt_avg=4 ms
2025-07-07 12:08:55.757 | INFO     | __main__:ping_device:72 - GITHUB: status=1, sent=4, recv=4, rtt_avg=147 ms
2025-07-07 12:08:55.787 | INFO     | __main__:ping_device:72 - GOOGLE: status=1, sent=4, recv=4, rtt_avg=155 ms
2025-07-07 12:08:58.960 | INFO     | __main__:ping_device:72 - SAMSUNG_S22: status=0, sent=4, recv=0, rtt_avg=None ms
2025-07-07 12:08:58.977 | INFO     | __main__:monitor_loop:126 - Persistidos 4 resultados de monitoramento.
2025-07-07 12:08:58.977 | INFO     | __main__:monitor_loop:134 - Tempo de execução do loop: 3814.984 ms
==================================================
2025-07-07 12:09:25.175 | INFO     | __main__:ping_device:72 - FER_24G: status=1, sent=4, recv=4, rtt_avg=1 ms
2025-07-07 12:09:25.222 | INFO     | __main__:ping_device:72 - CLOUDFLARE: status=1, sent=2, recv=2, rtt_avg=28 ms
2025-07-07 12:09:25.341 | INFO     | __main__:ping_device:72 - FACEBOOK: status=1, sent=4, recv=4, rtt_avg=44 ms
2025-07-07 12:09:25.581 | INFO     | __main__:ping_device:72 - WIKIPEDIA: status=1, sent=3, recv=3, rtt_avg=138 ms
2025-07-07 12:09:25.768 | INFO     | __main__:ping_device:72 - GITHUB: status=1, sent=4, recv=4, rtt_avg=150 ms
2025-07-07 12:09:25.788 | INFO     | __main__:ping_device:72 - GOOGLE: status=1, sent=4, recv=4, rtt_avg=155 ms
2025-07-07 12:09:28.953 | INFO     | __main__:ping_device:72 - SAMSUNG_S22: status=0, sent=4, recv=0, rtt_avg=None ms
2025-07-07 12:09:28.959 | INFO     | __main__:monitor_loop:126 - Persistidos 7 resultados de monitoramento.
2025-07-07 12:09:28.959 | INFO     | __main__:monitor_loop:134 - Tempo de execução do loop: 3796.539 ms
==================================================
2025-07-07 12:09:55.181 | INFO     | __main__:ping_device:72 - FER_24G: status=1, sent=4, recv=4, rtt_avg=2 ms
2025-07-07 12:09:55.759 | INFO     | __main__:ping_device:72 - GITHUB: status=1, sent=4, recv=4, rtt_avg=147 ms
2025-07-07 12:09:55.793 | INFO     | __main__:ping_device:72 - GOOGLE: status=1, sent=4, recv=4, rtt_avg=156 ms
2025-07-07 12:09:58.950 | INFO     | __main__:ping_device:72 - SAMSUNG_S22: status=0, sent=4, recv=0, rtt_avg=None ms
2025-07-07 12:09:58.981 | INFO     | __main__:monitor_loop:126 - Persistidos 4 resultados de monitoramento.
2025-07-07 12:09:58.982 | INFO     | __main__:monitor_loop:134 - Tempo de execução do loop: 3818.317 ms
==================================================
2025-07-07 12:10:25.191 | INFO     | __main__:ping_device:72 - FER_24G: status=1, sent=4, recv=4, rtt_avg=3 ms
2025-07-07 12:10:25.356 | INFO     | __main__:ping_device:72 - FACEBOOK: status=1, sent=4, recv=4, rtt_avg=46 ms
2025-07-07 12:10:25.589 | INFO     | __main__:ping_device:72 - WIKIPEDIA: status=1, sent=3, recv=3, rtt_avg=138 ms
2025-07-07 12:10:25.785 | INFO     | __main__:ping_device:72 - GITHUB: status=1, sent=4, recv=4, rtt_avg=153 ms
2025-07-07 12:10:25.815 | INFO     | __main__:ping_device:72 - GOOGLE: status=1, sent=4, recv=4, rtt_avg=161 ms
2025-07-07 12:10:28.959 | INFO     | __main__:ping_device:72 - SAMSUNG_S22: status=0, sent=4, recv=0, rtt_avg=None ms
2025-07-07 12:10:28.990 | INFO     | __main__:monitor_loop:126 - Persistidos 6 resultados de monitoramento.
2025-07-07 12:10:28.991 | INFO     | __main__:monitor_loop:134 - Tempo de execução do loop: 3826.695 ms
==================================================
2025-07-07 12:10:55.187 | INFO     | __main__:ping_device:72 - FER_24G: status=1, sent=4, recv=4, rtt_avg=3 ms
2025-07-07 12:10:55.230 | INFO     | __main__:ping_device:72 - CLOUDFLARE: status=1, sent=2, recv=2, rtt_avg=29 ms
2025-07-07 12:10:55.793 | INFO     | __main__:ping_device:72 - GOOGLE: status=1, sent=4, recv=4, rtt_avg=155 ms
2025-07-07 12:10:55.809 | INFO     | __main__:ping_device:72 - GITHUB: status=1, sent=4, recv=4, rtt_avg=158 ms
2025-07-07 12:10:58.948 | INFO     | __main__:ping_device:72 - SAMSUNG_S22: status=0, sent=4, recv=0, rtt_avg=None ms
2025-07-07 12:10:58.980 | INFO     | __main__:monitor_loop:126 - Persistidos 5 resultados de monitoramento.
2025-07-07 12:10:58.981 | INFO     | __main__:monitor_loop:134 - Tempo de execução do loop: 3814.917 ms
==================================================
2025-07-07 12:11:25.186 | INFO     | __main__:ping_device:72 - FER_24G: status=1, sent=4, recv=4, rtt_avg=1 ms
2025-07-07 12:11:25.358 | INFO     | __main__:ping_device:72 - FACEBOOK: status=1, sent=4, recv=4, rtt_avg=46 ms
2025-07-07 12:11:25.592 | INFO     | __main__:ping_device:72 - WIKIPEDIA: status=1, sent=3, recv=3, rtt_avg=138 ms
2025-07-07 12:11:25.767 | INFO     | __main__:ping_device:72 - GITHUB: status=1, sent=4, recv=4, rtt_avg=148 ms
2025-07-07 12:11:25.826 | INFO     | __main__:ping_device:72 - GOOGLE: status=1, sent=4, recv=4, rtt_avg=163 ms
2025-07-07 12:11:28.950 | INFO     | __main__:ping_device:72 - SAMSUNG_S22: status=0, sent=4, recv=0, rtt_avg=None ms
2025-07-07 12:11:28.965 | INFO     | __main__:monitor_loop:126 - Persistidos 6 resultados de monitoramento.
2025-07-07 12:11:28.965 | INFO     | __main__:monitor_loop:134 - Tempo de execução do loop: 3797.951 ms
==================================================
2025-07-07 12:11:55.192 | INFO     | __main__:ping_device:72 - FER_24G: status=1, sent=4, recv=4, rtt_avg=3 ms
2025-07-07 12:11:55.769 | INFO     | __main__:ping_device:72 - GITHUB: status=1, sent=4, recv=4, rtt_avg=148 ms
2025-07-07 12:11:55.794 | INFO     | __main__:ping_device:72 - GOOGLE: status=1, sent=4, recv=4, rtt_avg=155 ms
2025-07-07 12:11:58.952 | INFO     | __main__:ping_device:72 - SAMSUNG_S22: status=0, sent=4, recv=0, rtt_avg=None ms
2025-07-07 12:11:58.983 | INFO     | __main__:monitor_loop:126 - Persistidos 4 resultados de monitoramento.
2025-07-07 12:11:58.984 | INFO     | __main__:monitor_loop:134 - Tempo de execução do loop: 3815.826 ms
==================================================
2025-07-07 12:12:25.181 | INFO     | __main__:monitor_loop:103 - Dispositivos carregados: 7
==================================================
2025-07-07 12:12:25.207 | INFO     | __main__:ping_device:72 - FER_24G: status=1, sent=4, recv=4, rtt_avg=2 ms
2025-07-07 12:12:25.250 | INFO     | __main__:ping_device:72 - CLOUDFLARE: status=1, sent=2, recv=2, rtt_avg=30 ms
2025-07-07 12:12:25.379 | INFO     | __main__:ping_device:72 - FACEBOOK: status=1, sent=4, recv=4, rtt_avg=47 ms
2025-07-07 12:12:25.605 | INFO     | __main__:ping_device:72 - WIKIPEDIA: status=1, sent=3, recv=3, rtt_avg=136 ms
2025-07-07 12:12:25.785 | INFO     | __main__:ping_device:72 - GITHUB: status=1, sent=4, recv=4, rtt_avg=148 ms
2025-07-07 12:12:25.808 | INFO     | __main__:ping_device:72 - GOOGLE: status=1, sent=4, recv=4, rtt_avg=155 ms
2025-07-07 12:12:28.957 | INFO     | __main__:ping_device:72 - SAMSUNG_S22: status=0, sent=4, recv=0, rtt_avg=None ms
2025-07-07 12:12:28.987 | INFO     | __main__:monitor_loop:126 - Persistidos 7 resultados de monitoramento.
2025-07-07 12:12:28.988 | INFO     | __main__:monitor_loop:134 - Tempo de execução do loop: 3818.431 ms
==================================================
2025-07-07 12:12:55.179 | INFO     | __main__:ping_device:72 - FER_24G: status=1, sent=4, recv=4, rtt_avg=1 ms
2025-07-07 12:12:55.760 | INFO     | __main__:ping_device:72 - GITHUB: status=1, sent=4, recv=4, rtt_avg=146 ms
2025-07-07 12:12:55.790 | INFO     | __main__:ping_device:72 - GOOGLE: status=1, sent=4, recv=4, rtt_avg=154 ms
2025-07-07 12:12:58.944 | INFO     | __main__:ping_device:72 - SAMSUNG_S22: status=0, sent=4, recv=0, rtt_avg=None ms
2025-07-07 12:12:58.976 | INFO     | __main__:monitor_loop:126 - Persistidos 4 resultados de monitoramento.
2025-07-07 12:12:58.977 | INFO     | __main__:monitor_loop:134 - Tempo de execução do loop: 3806.716 ms
==================================================
2025-07-07 12:13:25.211 | INFO     | __main__:ping_device:72 - FER_24G: status=1, sent=4, recv=4, rtt_avg=6 ms
2025-07-07 12:13:25.356 | INFO     | __main__:ping_device:72 - FACEBOOK: status=1, sent=4, recv=4, rtt_avg=44 ms
2025-07-07 12:13:25.590 | INFO     | __main__:ping_device:72 - WIKIPEDIA: status=1, sent=3, recv=3, rtt_avg=136 ms
2025-07-07 12:13:25.773 | INFO     | __main__:ping_device:72 - GITHUB: status=1, sent=4, recv=4, rtt_avg=148 ms
2025-07-07 12:13:25.796 | INFO     | __main__:ping_device:72 - GOOGLE: status=1, sent=4, recv=4, rtt_avg=155 ms
2025-07-07 12:13:28.974 | INFO     | __main__:ping_device:72 - SAMSUNG_S22: status=0, sent=4, recv=0, rtt_avg=None ms
2025-07-07 12:13:29.004 | INFO     | __main__:monitor_loop:126 - Persistidos 6 resultados de monitoramento.
2025-07-07 12:13:29.005 | INFO     | __main__:monitor_loop:134 - Tempo de execução do loop: 3833.884 ms
==================================================
2025-07-07 12:13:55.181 | INFO     | __main__:ping_device:72 - FER_24G: status=1, sent=4, recv=4, rtt_avg=1 ms
2025-07-07 12:13:55.232 | INFO     | __main__:ping_device:72 - CLOUDFLARE: status=1, sent=2, recv=2, rtt_avg=28 ms
2025-07-07 12:13:55.778 | INFO     | __main__:ping_device:72 - GITHUB: status=1, sent=4, recv=4, rtt_avg=150 ms
2025-07-07 12:13:55.794 | INFO     | __main__:ping_device:72 - GOOGLE: status=1, sent=4, recv=4, rtt_avg=154 ms
2025-07-07 12:13:58.949 | INFO     | __main__:ping_device:72 - SAMSUNG_S22: status=0, sent=4, recv=0, rtt_avg=None ms
2025-07-07 12:13:58.965 | INFO     | __main__:monitor_loop:126 - Persistidos 5 resultados de monitoramento.
2025-07-07 12:13:58.966 | INFO     | __main__:monitor_loop:134 - Tempo de execução do loop: 3792.787 ms
==================================================
2025-07-07 12:14:25.198 | INFO     | __main__:ping_device:72 - FER_24G: status=1, sent=4, recv=4, rtt_avg=2 ms
2025-07-07 12:14:25.380 | INFO     | __main__:ping_device:72 - FACEBOOK: status=1, sent=4, recv=4, rtt_avg=49 ms
2025-07-07 12:14:25.602 | INFO     | __main__:ping_device:72 - WIKIPEDIA: status=1, sent=3, recv=3, rtt_avg=139 ms
2025-07-07 12:14:25.774 | INFO     | __main__:ping_device:72 - GITHUB: status=1, sent=4, recv=4, rtt_avg=147 ms
2025-07-07 12:14:25.802 | INFO     | __main__:ping_device:72 - GOOGLE: status=1, sent=4, recv=4, rtt_avg=155 ms
2025-07-07 12:14:28.946 | INFO     | __main__:ping_device:72 - SAMSUNG_S22: status=0, sent=4, recv=0, rtt_avg=None ms
2025-07-07 12:14:28.966 | INFO     | __main__:monitor_loop:126 - Persistidos 6 resultados de monitoramento.
2025-07-07 12:14:28.967 | INFO     | __main__:monitor_loop:134 - Tempo de execução do loop: 3793.152 ms
==================================================
2025-07-07 12:14:55.201 | INFO     | __main__:ping_device:72 - FER_24G: status=1, sent=4, recv=4, rtt_avg=4 ms
2025-07-07 12:14:55.792 | INFO     | __main__:ping_device:72 - GITHUB: status=1, sent=4, recv=4, rtt_avg=152 ms
2025-07-07 12:14:55.823 | INFO     | __main__:ping_device:72 - GOOGLE: status=1, sent=4, recv=4, rtt_avg=160 ms
2025-07-07 12:14:58.960 | INFO     | __main__:ping_device:72 - SAMSUNG_S22: status=0, sent=4, recv=0, rtt_avg=None ms
2025-07-07 12:14:58.976 | INFO     | __main__:monitor_loop:126 - Persistidos 4 resultados de monitoramento.
2025-07-07 12:14:58.977 | INFO     | __main__:monitor_loop:134 - Tempo de execução do loop: 3802.727 ms
==================================================
2025-07-07 12:15:25.196 | INFO     | __main__:ping_device:72 - FER_24G: status=1, sent=4, recv=4, rtt_avg=2 ms
2025-07-07 12:15:25.235 | INFO     | __main__:ping_device:72 - CLOUDFLARE: status=1, sent=2, recv=2, rtt_avg=26 ms
2025-07-07 12:15:25.355 | INFO     | __main__:ping_device:72 - FACEBOOK: status=1, sent=4, recv=4, rtt_avg=43 ms
2025-07-07 12:15:25.600 | INFO     | __main__:ping_device:72 - WIKIPEDIA: status=1, sent=3, recv=3, rtt_avg=138 ms
2025-07-07 12:15:25.793 | INFO     | __main__:ping_device:72 - GITHUB: status=1, sent=4, recv=4, rtt_avg=152 ms
2025-07-07 12:15:25.807 | INFO     | __main__:ping_device:72 - GOOGLE: status=1, sent=4, recv=4, rtt_avg=156 ms
2025-07-07 12:15:28.954 | INFO     | __main__:ping_device:72 - SAMSUNG_S22: status=0, sent=4, recv=0, rtt_avg=None ms
2025-07-07 12:15:28.984 | INFO     | __main__:monitor_loop:126 - Persistidos 7 resultados de monitoramento.
2025-07-07 12:15:28.985 | INFO     | __main__:monitor_loop:134 - Tempo de execução do loop: 3809.499 ms
==================================================
2025-07-07 12:15:55.199 | INFO     | __main__:ping_device:72 - FER_24G: status=1, sent=4, recv=4, rtt_avg=3 ms
2025-07-07 12:15:55.773 | INFO     | __main__:ping_device:72 - GITHUB: status=1, sent=4, recv=4, rtt_avg=147 ms
2025-07-07 12:15:55.806 | INFO     | __main__:ping_device:72 - GOOGLE: status=1, sent=4, recv=4, rtt_avg=156 ms
2025-07-07 12:15:58.957 | INFO     | __main__:ping_device:72 - SAMSUNG_S22: status=0, sent=4, recv=0, rtt_avg=None ms
2025-07-07 12:15:58.974 | INFO     | __main__:monitor_loop:126 - Persistidos 4 resultados de monitoramento.
2025-07-07 12:15:58.974 | INFO     | __main__:monitor_loop:134 - Tempo de execução do loop: 3796.607 ms
==================================================
2025-07-07 12:16:25.187 | INFO     | __main__:ping_device:72 - FER_24G: status=1, sent=4, recv=4, rtt_avg=1 ms
2025-07-07 12:16:25.366 | INFO     | __main__:ping_device:72 - FACEBOOK: status=1, sent=4, recv=4, rtt_avg=46 ms
2025-07-07 12:16:25.595 | INFO     | __main__:ping_device:72 - WIKIPEDIA: status=1, sent=3, recv=3, rtt_avg=138 ms
2025-07-07 12:16:25.777 | INFO     | __main__:ping_device:72 - GITHUB: status=1, sent=4, recv=4, rtt_avg=148 ms
2025-07-07 12:16:25.809 | INFO     | __main__:ping_device:72 - GOOGLE: status=1, sent=4, recv=4, rtt_avg=157 ms
2025-07-07 12:16:28.949 | INFO     | __main__:ping_device:72 - SAMSUNG_S22: status=0, sent=4, recv=0, rtt_avg=None ms
2025-07-07 12:16:28.965 | INFO     | __main__:monitor_loop:126 - Persistidos 6 resultados de monitoramento.
2025-07-07 12:16:28.965 | INFO     | __main__:monitor_loop:134 - Tempo de execução do loop: 3786.759 ms
==================================================
2025-07-07 12:16:55.191 | INFO     | __main__:ping_device:72 - FER_24G: status=1, sent=4, recv=4, rtt_avg=1 ms
2025-07-07 12:16:55.243 | INFO     | __main__:ping_device:72 - CLOUDFLARE: status=1, sent=2, recv=2, rtt_avg=30 ms
2025-07-07 12:16:55.780 | INFO     | __main__:ping_device:72 - GITHUB: status=1, sent=4, recv=4, rtt_avg=148 ms
2025-07-07 12:16:55.813 | INFO     | __main__:ping_device:72 - GOOGLE: status=1, sent=4, recv=4, rtt_avg=157 ms
2025-07-07 12:16:58.947 | INFO     | __main__:ping_device:72 - SAMSUNG_S22: status=0, sent=4, recv=0, rtt_avg=None ms
2025-07-07 12:16:58.963 | INFO     | __main__:monitor_loop:126 - Persistidos 5 resultados de monitoramento.
2025-07-07 12:16:58.963 | INFO     | __main__:monitor_loop:134 - Tempo de execução do loop: 3783.922 ms
==================================================
2025-07-07 12:17:25.183 | INFO     | __main__:monitor_loop:103 - Dispositivos carregados: 7
==================================================
2025-07-07 12:17:25.205 | INFO     | __main__:ping_device:72 - FER_24G: status=1, sent=4, recv=4, rtt_avg=4 ms
2025-07-07 12:17:25.385 | INFO     | __main__:ping_device:72 - FACEBOOK: status=1, sent=4, recv=4, rtt_avg=49 ms
2025-07-07 12:17:25.618 | INFO     | __main__:ping_device:72 - WIKIPEDIA: status=1, sent=3, recv=3, rtt_avg=143 ms
2025-07-07 12:17:25.797 | INFO     | __main__:ping_device:72 - GITHUB: status=1, sent=4, recv=4, rtt_avg=152 ms
2025-07-07 12:17:25.826 | INFO     | __main__:ping_device:72 - GOOGLE: status=1, sent=4, recv=4, rtt_avg=160 ms
2025-07-07 12:17:28.955 | INFO     | __main__:ping_device:72 - SAMSUNG_S22: status=0, sent=4, recv=0, rtt_avg=None ms
2025-07-07 12:17:28.977 | INFO     | __main__:monitor_loop:126 - Persistidos 6 resultados de monitoramento.
2025-07-07 12:17:28.978 | INFO     | __main__:monitor_loop:134 - Tempo de execução do loop: 3798.193 ms
==================================================
2025-07-07 12:17:55.198 | INFO     | __main__:ping_device:72 - FER_24G: status=1, sent=4, recv=4, rtt_avg=2 ms
2025-07-07 12:17:55.786 | INFO     | __main__:ping_device:72 - GITHUB: status=1, sent=4, recv=4, rtt_avg=149 ms
2025-07-07 12:17:55.808 | INFO     | __main__:ping_device:72 - GOOGLE: status=1, sent=4, recv=4, rtt_avg=155 ms
2025-07-07 12:17:58.954 | INFO     | __main__:ping_device:72 - SAMSUNG_S22: status=0, sent=4, recv=0, rtt_avg=None ms
2025-07-07 12:17:58.971 | INFO     | __main__:monitor_loop:126 - Persistidos 4 resultados de monitoramento.
2025-07-07 12:17:58.971 | INFO     | __main__:monitor_loop:134 - Tempo de execução do loop: 3789.794 ms
==================================================
2025-07-07 12:18:25.190 | INFO     | __main__:ping_device:72 - FER_24G: status=1, sent=4, recv=4, rtt_avg=1 ms
2025-07-07 12:18:25.237 | INFO     | __main__:ping_device:72 - CLOUDFLARE: status=1, sent=2, recv=2, rtt_avg=26 ms
2025-07-07 12:18:25.363 | INFO     | __main__:ping_device:72 - FACEBOOK: status=1, sent=4, recv=4, rtt_avg=44 ms
2025-07-07 12:18:25.599 | INFO     | __main__:ping_device:72 - WIKIPEDIA: status=1, sent=3, recv=3, rtt_avg=138 ms
2025-07-07 12:18:25.771 | INFO     | __main__:ping_device:72 - GITHUB: status=1, sent=4, recv=4, rtt_avg=146 ms
2025-07-07 12:18:25.809 | INFO     | __main__:ping_device:72 - GOOGLE: status=1, sent=4, recv=4, rtt_avg=156 ms
2025-07-07 12:18:28.950 | INFO     | __main__:ping_device:72 - SAMSUNG_S22: status=0, sent=4, recv=0, rtt_avg=None ms
2025-07-07 12:18:28.982 | INFO     | __main__:monitor_loop:126 - Persistidos 7 resultados de monitoramento.
2025-07-07 12:18:28.983 | INFO     | __main__:monitor_loop:134 - Tempo de execução do loop: 3801.489 ms
==================================================
2025-07-07 12:18:55.193 | INFO     | __main__:ping_device:72 - FER_24G: status=1, sent=4, recv=4, rtt_avg=1 ms
2025-07-07 12:18:55.797 | INFO     | __main__:ping_device:72 - GITHUB: status=1, sent=4, recv=4, rtt_avg=152 ms
2025-07-07 12:18:55.814 | INFO     | __main__:ping_device:72 - GOOGLE: status=1, sent=4, recv=4, rtt_avg=157 ms
2025-07-07 12:18:58.965 | INFO     | __main__:ping_device:72 - SAMSUNG_S22: status=0, sent=4, recv=0, rtt_avg=None ms
2025-07-07 12:18:58.985 | INFO     | __main__:monitor_loop:126 - Persistidos 4 resultados de monitoramento.
2025-07-07 12:18:58.986 | INFO     | __main__:monitor_loop:134 - Tempo de execução do loop: 3803.105 ms
==================================================
2025-07-07 12:19:25.205 | INFO     | __main__:ping_device:72 - FER_24G: status=1, sent=4, recv=4, rtt_avg=2 ms
2025-07-07 12:19:25.406 | INFO     | __main__:ping_device:72 - FACEBOOK: status=1, sent=4, recv=4, rtt_avg=53 ms
2025-07-07 12:19:25.607 | INFO     | __main__:ping_device:72 - WIKIPEDIA: status=1, sent=3, recv=3, rtt_avg=137 ms
2025-07-07 12:19:25.803 | INFO     | __main__:ping_device:72 - GITHUB: status=1, sent=4, recv=4, rtt_avg=152 ms
2025-07-07 12:19:25.832 | INFO     | __main__:ping_device:72 - GOOGLE: status=1, sent=4, recv=4, rtt_avg=160 ms
2025-07-07 12:19:28.961 | INFO     | __main__:ping_device:72 - SAMSUNG_S22: status=0, sent=4, recv=0, rtt_avg=None ms
2025-07-07 12:19:28.990 | INFO     | __main__:monitor_loop:126 - Persistidos 6 resultados de monitoramento.
2025-07-07 12:19:28.991 | INFO     | __main__:monitor_loop:134 - Tempo de execução do loop: 3806.919 ms
==================================================
2025-07-07 12:19:55.195 | INFO     | __main__:ping_device:72 - FER_24G: status=1, sent=4, recv=4, rtt_avg=2 ms
2025-07-07 12:19:55.239 | INFO     | __main__:ping_device:72 - CLOUDFLARE: status=1, sent=2, recv=2, rtt_avg=26 ms
2025-07-07 12:19:55.785 | INFO     | __main__:ping_device:72 - GITHUB: status=1, sent=4, recv=4, rtt_avg=149 ms
2025-07-07 12:19:55.817 | INFO     | __main__:ping_device:72 - GOOGLE: status=1, sent=4, recv=4, rtt_avg=157 ms
2025-07-07 12:19:58.948 | INFO     | __main__:ping_device:72 - SAMSUNG_S22: status=0, sent=4, recv=0, rtt_avg=None ms
2025-07-07 12:19:58.965 | INFO     | __main__:monitor_loop:126 - Persistidos 5 resultados de monitoramento.
2025-07-07 12:19:58.965 | INFO     | __main__:monitor_loop:134 - Tempo de execução do loop: 3781.021 ms
==================================================
2025-07-07 12:20:25.212 | INFO     | __main__:ping_device:72 - FER_24G: status=1, sent=4, recv=4, rtt_avg=3 ms
2025-07-07 12:20:25.375 | INFO     | __main__:ping_device:72 - FACEBOOK: status=1, sent=4, recv=4, rtt_avg=45 ms
2025-07-07 12:20:25.616 | INFO     | __main__:ping_device:72 - WIKIPEDIA: status=1, sent=3, recv=3, rtt_avg=140 ms
2025-07-07 12:20:25.827 | INFO     | __main__:ping_device:72 - GOOGLE: status=1, sent=4, recv=4, rtt_avg=159 ms
2025-07-07 12:20:25.836 | INFO     | __main__:ping_device:72 - GITHUB: status=1, sent=4, recv=4, rtt_avg=160 ms
2025-07-07 12:20:28.959 | INFO     | __main__:ping_device:72 - SAMSUNG_S22: status=0, sent=4, recv=0, rtt_avg=None ms
2025-07-07 12:20:28.978 | INFO     | __main__:monitor_loop:126 - Persistidos 6 resultados de monitoramento.
2025-07-07 12:20:28.979 | INFO     | __main__:monitor_loop:134 - Tempo de execução do loop: 3793.960 ms
==================================================
2025-07-07 12:20:55.206 | INFO     | __main__:ping_device:72 - FER_24G: status=1, sent=4, recv=4, rtt_avg=2 ms
2025-07-07 12:20:55.820 | INFO     | __main__:ping_device:72 - GOOGLE: status=1, sent=4, recv=4, rtt_avg=157 ms
2025-07-07 12:20:55.831 | INFO     | __main__:ping_device:72 - GITHUB: status=1, sent=4, recv=4, rtt_avg=159 ms
2025-07-07 12:20:58.950 | INFO     | __main__:ping_device:72 - SAMSUNG_S22: status=0, sent=4, recv=0, rtt_avg=None ms
2025-07-07 12:20:58.966 | INFO     | __main__:monitor_loop:126 - Persistidos 4 resultados de monitoramento.
2025-07-07 12:20:58.967 | INFO     | __main__:monitor_loop:134 - Tempo de execução do loop: 3781.269 ms
==================================================
2025-07-07 12:21:25.193 | INFO     | __main__:ping_device:72 - FER_24G: status=1, sent=4, recv=4, rtt_avg=0 ms
2025-07-07 12:21:25.249 | INFO     | __main__:ping_device:72 - CLOUDFLARE: status=1, sent=2, recv=2, rtt_avg=30 ms
2025-07-07 12:21:25.363 | INFO     | __main__:ping_device:72 - FACEBOOK: status=1, sent=4, recv=4, rtt_avg=43 ms
2025-07-07 12:21:25.612 | INFO     | __main__:ping_device:72 - WIKIPEDIA: status=1, sent=3, recv=3, rtt_avg=140 ms
2025-07-07 12:21:25.821 | INFO     | __main__:ping_device:72 - GOOGLE: status=1, sent=4, recv=4, rtt_avg=158 ms
2025-07-07 12:21:25.832 | INFO     | __main__:ping_device:72 - GITHUB: status=1, sent=4, recv=4, rtt_avg=160 ms
2025-07-07 12:21:28.949 | INFO     | __main__:ping_device:72 - SAMSUNG_S22: status=0, sent=4, recv=0, rtt_avg=None ms
2025-07-07 12:21:28.977 | INFO     | __main__:monitor_loop:126 - Persistidos 7 resultados de monitoramento.
2025-07-07 12:21:28.978 | INFO     | __main__:monitor_loop:134 - Tempo de execução do loop: 3791.614 ms
==================================================
2025-07-07 12:21:55.194 | INFO     | __main__:ping_device:72 - FER_24G: status=1, sent=4, recv=4, rtt_avg=1 ms
2025-07-07 12:21:55.806 | INFO     | __main__:ping_device:72 - GOOGLE: status=1, sent=4, recv=4, rtt_avg=154 ms
2025-07-07 12:21:55.822 | INFO     | __main__:ping_device:72 - GITHUB: status=1, sent=4, recv=4, rtt_avg=157 ms
2025-07-07 12:21:58.948 | INFO     | __main__:ping_device:72 - SAMSUNG_S22: status=0, sent=4, recv=0, rtt_avg=None ms
2025-07-07 12:21:58.970 | INFO     | __main__:monitor_loop:126 - Persistidos 4 resultados de monitoramento.
2025-07-07 12:21:58.971 | INFO     | __main__:monitor_loop:134 - Tempo de execução do loop: 3783.524 ms
==================================================
2025-07-07 12:22:25.200 | INFO     | __main__:monitor_loop:103 - Dispositivos carregados: 7
==================================================
2025-07-07 12:22:25.220 | INFO     | __main__:ping_device:72 - FER_24G: status=1, sent=4, recv=4, rtt_avg=2 ms
2025-07-07 12:22:25.390 | INFO     | __main__:ping_device:72 - FACEBOOK: status=1, sent=4, recv=4, rtt_avg=45 ms
2025-07-07 12:22:25.631 | INFO     | __main__:ping_device:72 - WIKIPEDIA: status=1, sent=3, recv=3, rtt_avg=140 ms
2025-07-07 12:22:25.838 | INFO     | __main__:ping_device:72 - GOOGLE: status=1, sent=4, recv=4, rtt_avg=157 ms
2025-07-07 12:22:25.848 | INFO     | __main__:ping_device:72 - GITHUB: status=1, sent=4, recv=4, rtt_avg=159 ms
2025-07-07 12:22:28.945 | INFO     | __main__:ping_device:72 - SAMSUNG_S22: status=0, sent=4, recv=0, rtt_avg=None ms
2025-07-07 12:22:28.962 | INFO     | __main__:monitor_loop:126 - Persistidos 6 resultados de monitoramento.
2025-07-07 12:22:28.963 | INFO     | __main__:monitor_loop:134 - Tempo de execução do loop: 3774.008 ms
==================================================
2025-07-07 12:22:55.201 | INFO     | __main__:ping_device:72 - FER_24G: status=1, sent=4, recv=4, rtt_avg=2 ms
2025-07-07 12:22:55.252 | INFO     | __main__:ping_device:72 - CLOUDFLARE: status=1, sent=2, recv=2, rtt_avg=29 ms
2025-07-07 12:22:55.810 | INFO     | __main__:ping_device:72 - GOOGLE: status=1, sent=4, recv=4, rtt_avg=154 ms
2025-07-07 12:22:55.825 | INFO     | __main__:ping_device:72 - GITHUB: status=1, sent=4, recv=4, rtt_avg=157 ms
2025-07-07 12:22:58.948 | INFO     | __main__:ping_device:72 - SAMSUNG_S22: status=0, sent=4, recv=0, rtt_avg=None ms
2025-07-07 12:22:58.966 | INFO     | __main__:monitor_loop:126 - Persistidos 5 resultados de monitoramento.
2025-07-07 12:22:58.966 | INFO     | __main__:monitor_loop:134 - Tempo de execução do loop: 3777.115 ms
==================================================
2025-07-07 12:23:25.199 | INFO     | __main__:ping_device:72 - FER_24G: status=1, sent=4, recv=4, rtt_avg=1 ms
2025-07-07 12:23:25.377 | INFO     | __main__:ping_device:72 - FACEBOOK: status=1, sent=4, recv=4, rtt_avg=46 ms
2025-07-07 12:23:25.625 | INFO     | __main__:ping_device:72 - WIKIPEDIA: status=1, sent=3, recv=3, rtt_avg=144 ms
2025-07-07 12:23:25.811 | INFO     | __main__:ping_device:72 - GOOGLE: status=1, sent=4, recv=4, rtt_avg=154 ms
2025-07-07 12:23:25.842 | INFO     | __main__:ping_device:72 - GITHUB: status=1, sent=4, recv=4, rtt_avg=162 ms
2025-07-07 12:23:28.960 | INFO     | __main__:ping_device:72 - SAMSUNG_S22: status=0, sent=4, recv=0, rtt_avg=None ms
2025-07-07 12:23:28.992 | INFO     | __main__:monitor_loop:126 - Persistidos 6 resultados de monitoramento.
2025-07-07 12:23:28.993 | INFO     | __main__:monitor_loop:134 - Tempo de execução do loop: 3803.272 ms
==================================================
2025-07-07 12:23:55.208 | INFO     | __main__:ping_device:72 - FER_24G: status=1, sent=4, recv=4, rtt_avg=2 ms
2025-07-07 12:23:55.825 | INFO     | __main__:ping_device:72 - GOOGLE: status=1, sent=4, recv=4, rtt_avg=157 ms
2025-07-07 12:23:55.837 | INFO     | __main__:ping_device:72 - GITHUB: status=1, sent=4, recv=4, rtt_avg=159 ms
2025-07-07 12:23:58.965 | INFO     | __main__:ping_device:72 - SAMSUNG_S22: status=0, sent=4, recv=0, rtt_avg=None ms
2025-07-07 12:23:58.983 | INFO     | __main__:monitor_loop:126 - Persistidos 4 resultados de monitoramento.
2025-07-07 12:23:58.983 | INFO     | __main__:monitor_loop:134 - Tempo de execução do loop: 3791.873 ms
==================================================
2025-07-07 12:24:25.204 | INFO     | __main__:ping_device:72 - FER_24G: status=1, sent=4, recv=4, rtt_avg=1 ms
2025-07-07 12:24:25.248 | INFO     | __main__:ping_device:72 - CLOUDFLARE: status=1, sent=2, recv=2, rtt_avg=26 ms
2025-07-07 12:24:25.367 | INFO     | __main__:ping_device:72 - FACEBOOK: status=1, sent=4, recv=4, rtt_avg=43 ms
2025-07-07 12:24:25.608 | INFO     | __main__:ping_device:72 - WIKIPEDIA: status=1, sent=3, recv=3, rtt_avg=137 ms
2025-07-07 12:24:25.809 | INFO     | __main__:ping_device:72 - GOOGLE: status=1, sent=4, recv=4, rtt_avg=153 ms
2025-07-07 12:24:25.825 | INFO     | __main__:ping_device:72 - GITHUB: status=1, sent=4, recv=4, rtt_avg=157 ms
2025-07-07 12:24:28.953 | INFO     | __main__:ping_device:72 - SAMSUNG_S22: status=0, sent=4, recv=0, rtt_avg=None ms
2025-07-07 12:24:28.969 | INFO     | __main__:monitor_loop:126 - Persistidos 7 resultados de monitoramento.
2025-07-07 12:24:28.970 | INFO     | __main__:monitor_loop:134 - Tempo de execução do loop: 3777.702 ms
==================================================
2025-07-07 12:24:55.212 | INFO     | __main__:ping_device:72 - FER_24G: status=1, sent=4, recv=4, rtt_avg=2 ms
2025-07-07 12:24:55.813 | INFO     | __main__:ping_device:72 - GOOGLE: status=1, sent=4, recv=4, rtt_avg=153 ms
2025-07-07 12:24:55.836 | INFO     | __main__:ping_device:72 - GITHUB: status=1, sent=4, recv=4, rtt_avg=159 ms
2025-07-07 12:24:58.957 | INFO     | __main__:ping_device:72 - SAMSUNG_S22: status=0, sent=4, recv=0, rtt_avg=None ms
2025-07-07 12:24:58.963 | INFO     | __main__:monitor_loop:126 - Persistidos 4 resultados de monitoramento.
2025-07-07 12:24:58.963 | INFO     | __main__:monitor_loop:134 - Tempo de execução do loop: 3770.158 ms
==================================================
2025-07-07 12:25:25.216 | INFO     | __main__:ping_device:72 - FER_24G: status=1, sent=4, recv=4, rtt_avg=2 ms
2025-07-07 12:25:25.376 | INFO     | __main__:ping_device:72 - FACEBOOK: status=1, sent=4, recv=4, rtt_avg=43 ms
2025-07-07 12:25:25.617 | INFO     | __main__:ping_device:72 - WIKIPEDIA: status=1, sent=3, recv=3, rtt_avg=138 ms
2025-07-07 12:25:25.817 | INFO     | __main__:ping_device:72 - GOOGLE: status=1, sent=4, recv=4, rtt_avg=154 ms
2025-07-07 12:25:25.832 | INFO     | __main__:ping_device:72 - GITHUB: status=1, sent=4, recv=4, rtt_avg=157 ms
2025-07-07 12:25:28.957 | INFO     | __main__:ping_device:72 - SAMSUNG_S22: status=0, sent=4, recv=0, rtt_avg=None ms
2025-07-07 12:25:28.973 | INFO     | __main__:monitor_loop:126 - Persistidos 6 resultados de monitoramento.
2025-07-07 12:25:28.973 | INFO     | __main__:monitor_loop:134 - Tempo de execução do loop: 3779.859 ms
==================================================
2025-07-07 12:25:55.214 | INFO     | __main__:ping_device:72 - FER_24G: status=1, sent=4, recv=4, rtt_avg=2 ms
2025-07-07 12:25:55.258 | INFO     | __main__:ping_device:72 - CLOUDFLARE: status=1, sent=2, recv=2, rtt_avg=29 ms
2025-07-07 12:25:55.818 | INFO     | __main__:ping_device:72 - GOOGLE: status=1, sent=4, recv=4, rtt_avg=154 ms
2025-07-07 12:25:55.836 | INFO     | __main__:ping_device:72 - GITHUB: status=1, sent=4, recv=4, rtt_avg=158 ms
2025-07-07 12:25:58.963 | INFO     | __main__:ping_device:72 - SAMSUNG_S22: status=0, sent=4, recv=0, rtt_avg=None ms
2025-07-07 12:25:58.995 | INFO     | __main__:monitor_loop:126 - Persistidos 5 resultados de monitoramento.
2025-07-07 12:25:58.996 | INFO     | __main__:monitor_loop:134 - Tempo de execução do loop: 3801.791 ms
==================================================
2025-07-07 12:26:25.221 | INFO     | __main__:ping_device:72 - FER_24G: status=1, sent=4, recv=4, rtt_avg=3 ms
2025-07-07 12:26:25.389 | INFO     | __main__:ping_device:72 - FACEBOOK: status=1, sent=4, recv=4, rtt_avg=46 ms
2025-07-07 12:26:25.625 | INFO     | __main__:ping_device:72 - WIKIPEDIA: status=1, sent=3, recv=3, rtt_avg=139 ms
2025-07-07 12:26:25.821 | INFO     | __main__:ping_device:72 - GOOGLE: status=1, sent=4, recv=4, rtt_avg=155 ms
2025-07-07 12:26:25.843 | INFO     | __main__:ping_device:72 - GITHUB: status=1, sent=4, recv=4, rtt_avg=159 ms
2025-07-07 12:26:28.951 | INFO     | __main__:ping_device:72 - SAMSUNG_S22: status=0, sent=4, recv=0, rtt_avg=None ms
2025-07-07 12:26:28.970 | INFO     | __main__:monitor_loop:126 - Persistidos 6 resultados de monitoramento.
2025-07-07 12:26:28.971 | INFO     | __main__:monitor_loop:134 - Tempo de execução do loop: 3775.286 ms
==================================================
2025-07-07 12:26:55.210 | INFO     | __main__:ping_device:72 - FER_24G: status=1, sent=4, recv=4, rtt_avg=2 ms
2025-07-07 12:26:55.820 | INFO     | __main__:ping_device:72 - GOOGLE: status=1, sent=4, recv=4, rtt_avg=154 ms
2025-07-07 12:26:55.844 | INFO     | __main__:ping_device:72 - GITHUB: status=1, sent=4, recv=4, rtt_avg=160 ms
2025-07-07 12:26:58.960 | INFO     | __main__:ping_device:72 - SAMSUNG_S22: status=0, sent=4, recv=0, rtt_avg=None ms
2025-07-07 12:26:58.989 | INFO     | __main__:monitor_loop:126 - Persistidos 4 resultados de monitoramento.
2025-07-07 12:26:58.990 | INFO     | __main__:monitor_loop:134 - Tempo de execução do loop: 3794.301 ms
==================================================
2025-07-07 12:27:25.209 | INFO     | __main__:monitor_loop:103 - Dispositivos carregados: 7
==================================================
2025-07-07 12:27:25.236 | INFO     | __main__:ping_device:72 - FER_24G: status=1, sent=4, recv=4, rtt_avg=2 ms
2025-07-07 12:27:25.277 | INFO     | __main__:ping_device:72 - CLOUDFLARE: status=1, sent=2, recv=2, rtt_avg=29 ms
2025-07-07 12:27:25.398 | INFO     | __main__:ping_device:72 - FACEBOOK: status=1, sent=4, recv=4, rtt_avg=45 ms
2025-07-07 12:27:25.635 | INFO     | __main__:ping_device:72 - WIKIPEDIA: status=1, sent=3, recv=3, rtt_avg=137 ms
2025-07-07 12:27:25.836 | INFO     | __main__:ping_device:72 - GOOGLE: status=1, sent=4, recv=4, rtt_avg=154 ms
2025-07-07 12:27:25.850 | INFO     | __main__:ping_device:72 - GITHUB: status=1, sent=4, recv=4, rtt_avg=157 ms
2025-07-07 12:27:28.960 | INFO     | __main__:ping_device:72 - SAMSUNG_S22: status=0, sent=4, recv=0, rtt_avg=None ms
2025-07-07 12:27:28.976 | INFO     | __main__:monitor_loop:126 - Persistidos 7 resultados de monitoramento.
2025-07-07 12:27:28.976 | INFO     | __main__:monitor_loop:134 - Tempo de execução do loop: 3778.528 ms
==================================================
2025-07-07 12:27:55.219 | INFO     | __main__:ping_device:72 - FER_24G: status=1, sent=4, recv=4, rtt_avg=3 ms
2025-07-07 12:27:55.834 | INFO     | __main__:ping_device:72 - GOOGLE: status=1, sent=4, recv=4, rtt_avg=157 ms
2025-07-07 12:27:55.838 | INFO     | __main__:ping_device:72 - GITHUB: status=1, sent=4, recv=4, rtt_avg=158 ms
2025-07-07 12:27:58.957 | INFO     | __main__:ping_device:72 - SAMSUNG_S22: status=0, sent=4, recv=0, rtt_avg=None ms
2025-07-07 12:27:58.990 | INFO     | __main__:monitor_loop:126 - Persistidos 4 resultados de monitoramento.
2025-07-07 12:27:58.991 | INFO     | __main__:monitor_loop:134 - Tempo de execução do loop: 3792.871 ms
==================================================
2025-07-07 12:28:25.216 | INFO     | __main__:ping_device:72 - FER_24G: status=1, sent=4, recv=4, rtt_avg=1 ms
2025-07-07 12:28:25.388 | INFO     | __main__:ping_device:72 - FACEBOOK: status=1, sent=4, recv=4, rtt_avg=45 ms
2025-07-07 12:28:25.622 | INFO     | __main__:ping_device:72 - WIKIPEDIA: status=1, sent=3, recv=3, rtt_avg=137 ms
2025-07-07 12:28:25.825 | INFO     | __main__:ping_device:72 - GOOGLE: status=1, sent=4, recv=4, rtt_avg=154 ms
2025-07-07 12:28:25.838 | INFO     | __main__:ping_device:72 - GITHUB: status=1, sent=4, recv=4, rtt_avg=157 ms
2025-07-07 12:28:28.968 | INFO     | __main__:ping_device:72 - SAMSUNG_S22: status=0, sent=4, recv=0, rtt_avg=None ms
2025-07-07 12:28:28.999 | INFO     | __main__:monitor_loop:126 - Persistidos 6 resultados de monitoramento.
2025-07-07 12:28:29.000 | INFO     | __main__:monitor_loop:134 - Tempo de execução do loop: 3800.107 ms
==================================================
2025-07-07 12:28:55.214 | INFO     | __main__:ping_device:72 - FER_24G: status=1, sent=4, recv=4, rtt_avg=2 ms
2025-07-07 12:28:55.274 | INFO     | __main__:ping_device:72 - CLOUDFLARE: status=1, sent=2, recv=2, rtt_avg=35 ms
2025-07-07 12:28:55.827 | INFO     | __main__:ping_device:72 - GOOGLE: status=1, sent=4, recv=4, rtt_avg=155 ms
2025-07-07 12:28:55.841 | INFO     | __main__:ping_device:72 - GITHUB: status=1, sent=4, recv=4, rtt_avg=158 ms
2025-07-07 12:28:58.952 | INFO     | __main__:ping_device:72 - SAMSUNG_S22: status=0, sent=4, recv=0, rtt_avg=None ms
2025-07-07 12:28:58.969 | INFO     | __main__:monitor_loop:126 - Persistidos 5 resultados de monitoramento.
2025-07-07 12:28:58.969 | INFO     | __main__:monitor_loop:134 - Tempo de execução do loop: 3767.473 ms
==================================================
2025-07-07 12:29:25.220 | INFO     | __main__:ping_device:72 - FER_24G: status=1, sent=4, recv=4, rtt_avg=1 ms
2025-07-07 12:29:25.386 | INFO     | __main__:ping_device:72 - FACEBOOK: status=1, sent=4, recv=4, rtt_avg=44 ms
2025-07-07 12:29:25.624 | INFO     | __main__:ping_device:72 - WIKIPEDIA: status=1, sent=3, recv=3, rtt_avg=137 ms
2025-07-07 12:29:25.828 | INFO     | __main__:ping_device:72 - GOOGLE: status=1, sent=4, recv=4, rtt_avg=155 ms
2025-07-07 12:29:25.840 | INFO     | __main__:ping_device:72 - GITHUB: status=1, sent=4, recv=4, rtt_avg=157 ms
2025-07-07 12:29:28.958 | INFO     | __main__:ping_device:72 - SAMSUNG_S22: status=0, sent=4, recv=0, rtt_avg=None ms
2025-07-07 12:29:28.975 | INFO     | __main__:monitor_loop:126 - Persistidos 6 resultados de monitoramento.
2025-07-07 12:29:28.975 | INFO     | __main__:monitor_loop:134 - Tempo de execução do loop: 3772.858 ms
==================================================
2025-07-07 12:29:55.220 | INFO     | __main__:ping_device:72 - FER_24G: status=1, sent=4, recv=4, rtt_avg=2 ms
2025-07-07 12:29:55.831 | INFO     | __main__:ping_device:72 - GOOGLE: status=1, sent=4, recv=4, rtt_avg=155 ms
2025-07-07 12:29:55.845 | INFO     | __main__:ping_device:72 - GITHUB: status=1, sent=4, recv=4, rtt_avg=158 ms
2025-07-07 12:29:58.952 | INFO     | __main__:ping_device:72 - SAMSUNG_S22: status=0, sent=4, recv=0, rtt_avg=None ms
2025-07-07 12:29:58.969 | INFO     | __main__:monitor_loop:126 - Persistidos 4 resultados de monitoramento.
2025-07-07 12:29:58.969 | INFO     | __main__:monitor_loop:134 - Tempo de execução do loop: 3766.952 ms
==================================================
2025-07-07 12:30:25.227 | INFO     | __main__:ping_device:72 - FER_24G: status=1, sent=4, recv=4, rtt_avg=2 ms
2025-07-07 12:30:25.276 | INFO     | __main__:ping_device:72 - CLOUDFLARE: status=1, sent=2, recv=2, rtt_avg=33 ms
2025-07-07 12:30:25.391 | INFO     | __main__:ping_device:72 - FACEBOOK: status=1, sent=4, recv=4, rtt_avg=45 ms
2025-07-07 12:30:25.627 | INFO     | __main__:ping_device:72 - WIKIPEDIA: status=1, sent=3, recv=3, rtt_avg=137 ms
2025-07-07 12:30:25.826 | INFO     | __main__:ping_device:72 - GOOGLE: status=1, sent=4, recv=4, rtt_avg=154 ms
2025-07-07 12:30:25.843 | INFO     | __main__:ping_device:72 - GITHUB: status=1, sent=4, recv=4, rtt_avg=157 ms
2025-07-07 12:30:28.954 | INFO     | __main__:ping_device:72 - SAMSUNG_S22: status=0, sent=4, recv=0, rtt_avg=None ms
2025-07-07 12:30:28.979 | INFO     | __main__:monitor_loop:126 - Persistidos 7 resultados de monitoramento.
2025-07-07 12:30:28.979 | INFO     | __main__:monitor_loop:134 - Tempo de execução do loop: 3776.216 ms
==================================================
2025-07-07 12:30:55.225 | INFO     | __main__:ping_device:72 - FER_24G: status=1, sent=4, recv=4, rtt_avg=3 ms
2025-07-07 12:30:55.832 | INFO     | __main__:ping_device:72 - GOOGLE: status=1, sent=4, recv=4, rtt_avg=155 ms
2025-07-07 12:30:55.848 | INFO     | __main__:ping_device:72 - GITHUB: status=1, sent=4, recv=4, rtt_avg=159 ms
2025-07-07 12:30:58.947 | INFO     | __main__:ping_device:72 - SAMSUNG_S22: status=0, sent=4, recv=0, rtt_avg=None ms
2025-07-07 12:30:58.965 | INFO     | __main__:monitor_loop:126 - Persistidos 4 resultados de monitoramento.
2025-07-07 12:30:58.965 | INFO     | __main__:monitor_loop:134 - Tempo de execução do loop: 3760.367 ms
==================================================
2025-07-07 12:31:25.217 | INFO     | __main__:ping_device:72 - FER_24G: status=1, sent=4, recv=4, rtt_avg=1 ms
2025-07-07 12:31:25.387 | INFO     | __main__:ping_device:72 - FACEBOOK: status=1, sent=4, recv=4, rtt_avg=44 ms
2025-07-07 12:31:25.621 | INFO     | __main__:ping_device:72 - WIKIPEDIA: status=1, sent=3, recv=3, rtt_avg=136 ms
2025-07-07 12:31:25.825 | INFO     | __main__:ping_device:72 - GOOGLE: status=1, sent=4, recv=4, rtt_avg=153 ms
2025-07-07 12:31:25.845 | INFO     | __main__:ping_device:72 - GITHUB: status=1, sent=4, recv=4, rtt_avg=158 ms
2025-07-07 12:31:28.954 | INFO     | __main__:ping_device:72 - SAMSUNG_S22: status=0, sent=4, recv=0, rtt_avg=None ms
2025-07-07 12:31:28.976 | INFO     | __main__:monitor_loop:126 - Persistidos 6 resultados de monitoramento.
2025-07-07 12:31:28.977 | INFO     | __main__:monitor_loop:134 - Tempo de execução do loop: 3771.914 ms
==================================================
2025-07-07 12:31:55.215 | INFO     | __main__:ping_device:72 - FER_24G: status=1, sent=4, recv=4, rtt_avg=1 ms
2025-07-07 12:31:55.263 | INFO     | __main__:ping_device:72 - CLOUDFLARE: status=1, sent=2, recv=2, rtt_avg=27 ms
2025-07-07 12:31:55.792 | INFO     | __main__:ping_device:72 - GITHUB: status=1, sent=4, recv=4, rtt_avg=145 ms
2025-07-07 12:31:55.827 | INFO     | __main__:ping_device:72 - GOOGLE: status=1, sent=4, recv=4, rtt_avg=154 ms
2025-07-07 12:31:58.944 | INFO     | __main__:ping_device:72 - SAMSUNG_S22: status=0, sent=4, recv=0, rtt_avg=None ms
2025-07-07 12:31:58.960 | INFO     | __main__:monitor_loop:126 - Persistidos 5 resultados de monitoramento.
2025-07-07 12:31:58.960 | INFO     | __main__:monitor_loop:134 - Tempo de execução do loop: 3753.747 ms
==================================================
2025-07-07 12:32:25.211 | INFO     | __main__:monitor_loop:103 - Dispositivos carregados: 7
==================================================
2025-07-07 12:32:25.219 | INFO     | __main__:ping_device:72 - FER_24G: status=1, sent=4, recv=4, rtt_avg=1 ms
2025-07-07 12:32:25.405 | INFO     | __main__:ping_device:72 - FACEBOOK: status=1, sent=4, recv=4, rtt_avg=47 ms
2025-07-07 12:32:25.626 | INFO     | __main__:ping_device:72 - WIKIPEDIA: status=1, sent=3, recv=3, rtt_avg=137 ms
2025-07-07 12:32:25.816 | INFO     | __main__:ping_device:72 - GITHUB: status=1, sent=4, recv=4, rtt_avg=150 ms
2025-07-07 12:32:25.847 | INFO     | __main__:ping_device:72 - GOOGLE: status=1, sent=4, recv=4, rtt_avg=158 ms
2025-07-07 12:32:28.966 | INFO     | __main__:ping_device:72 - SAMSUNG_S22: status=0, sent=4, recv=0, rtt_avg=None ms
2025-07-07 12:32:28.985 | INFO     | __main__:monitor_loop:126 - Persistidos 6 resultados de monitoramento.
2025-07-07 12:32:28.985 | INFO     | __main__:monitor_loop:134 - Tempo de execução do loop: 3777.482 ms
==================================================
2025-07-07 12:32:55.225 | INFO     | __main__:ping_device:72 - FER_24G: status=1, sent=4, recv=4, rtt_avg=3 ms
2025-07-07 12:32:55.840 | INFO     | __main__:ping_device:72 - GOOGLE: status=1, sent=4, recv=4, rtt_avg=156 ms
2025-07-07 12:32:55.858 | INFO     | __main__:ping_device:72 - GITHUB: status=1, sent=4, recv=4, rtt_avg=161 ms
2025-07-07 12:32:58.972 | INFO     | __main__:ping_device:72 - SAMSUNG_S22: status=0, sent=4, recv=0, rtt_avg=None ms
2025-07-07 12:32:58.991 | INFO     | __main__:monitor_loop:126 - Persistidos 4 resultados de monitoramento.
2025-07-07 12:32:58.992 | INFO     | __main__:monitor_loop:134 - Tempo de execução do loop: 3783.550 ms
==================================================
2025-07-07 12:33:25.219 | INFO     | __main__:ping_device:72 - FER_24G: status=1, sent=4, recv=4, rtt_avg=1 ms
2025-07-07 12:33:25.272 | INFO     | __main__:ping_device:72 - CLOUDFLARE: status=1, sent=2, recv=2, rtt_avg=30 ms
2025-07-07 12:33:25.395 | INFO     | __main__:ping_device:72 - FACEBOOK: status=1, sent=4, recv=4, rtt_avg=45 ms
2025-07-07 12:33:25.632 | INFO     | __main__:ping_device:72 - WIKIPEDIA: status=1, sent=3, recv=3, rtt_avg=139 ms
2025-07-07 12:33:25.832 | INFO     | __main__:ping_device:72 - GOOGLE: status=1, sent=4, recv=4, rtt_avg=154 ms
2025-07-07 12:33:25.851 | INFO     | __main__:ping_device:72 - GITHUB: status=1, sent=4, recv=4, rtt_avg=159 ms
2025-07-07 12:33:28.965 | INFO     | __main__:ping_device:72 - SAMSUNG_S22: status=0, sent=4, recv=0, rtt_avg=None ms
2025-07-07 12:33:29.020 | INFO     | __main__:monitor_loop:126 - Persistidos 7 resultados de monitoramento.
2025-07-07 12:33:29.020 | INFO     | __main__:monitor_loop:134 - Tempo de execução do loop: 3811.291 ms
==================================================
2025-07-07 12:33:55.227 | INFO     | __main__:ping_device:72 - FER_24G: status=1, sent=4, recv=4, rtt_avg=3 ms
2025-07-07 12:33:55.824 | INFO     | __main__:ping_device:72 - GITHUB: status=1, sent=4, recv=4, rtt_avg=152 ms
2025-07-07 12:33:56.678 | INFO     | __main__:ping_device:72 - GOOGLE: status=1, sent=4, recv=3, rtt_avg=155 ms
2025-07-07 12:33:58.967 | INFO     | __main__:ping_device:72 - SAMSUNG_S22: status=0, sent=4, recv=0, rtt_avg=None ms
2025-07-07 12:33:58.997 | INFO     | __main__:monitor_loop:126 - Persistidos 4 resultados de monitoramento.
2025-07-07 12:33:58.998 | INFO     | __main__:monitor_loop:134 - Tempo de execução do loop: 3788.019 ms
==================================================
2025-07-07 12:34:25.228 | INFO     | __main__:ping_device:72 - FER_24G: status=1, sent=4, recv=4, rtt_avg=2 ms
2025-07-07 12:34:25.395 | INFO     | __main__:ping_device:72 - FACEBOOK: status=1, sent=4, recv=4, rtt_avg=44 ms
2025-07-07 12:34:25.632 | INFO     | __main__:ping_device:72 - WIKIPEDIA: status=1, sent=3, recv=3, rtt_avg=138 ms
2025-07-07 12:34:25.800 | INFO     | __main__:ping_device:72 - GITHUB: status=1, sent=4, recv=4, rtt_avg=145 ms
2025-07-07 12:34:25.833 | INFO     | __main__:ping_device:72 - GOOGLE: status=1, sent=4, recv=4, rtt_avg=154 ms
2025-07-07 12:34:28.952 | INFO     | __main__:ping_device:72 - SAMSUNG_S22: status=0, sent=4, recv=0, rtt_avg=None ms
2025-07-07 12:34:28.985 | INFO     | __main__:monitor_loop:126 - Persistidos 6 resultados de monitoramento.
2025-07-07 12:34:28.986 | INFO     | __main__:monitor_loop:134 - Tempo de execução do loop: 3774.802 ms
==================================================
2025-07-07 12:34:55.226 | INFO     | __main__:ping_device:72 - FER_24G: status=1, sent=4, recv=4, rtt_avg=2 ms
2025-07-07 12:34:55.269 | INFO     | __main__:ping_device:72 - CLOUDFLARE: status=1, sent=2, recv=2, rtt_avg=26 ms
2025-07-07 12:34:55.814 | INFO     | __main__:ping_device:72 - GITHUB: status=1, sent=4, recv=4, rtt_avg=149 ms
2025-07-07 12:34:55.837 | INFO     | __main__:ping_device:72 - GOOGLE: status=1, sent=4, recv=4, rtt_avg=155 ms
2025-07-07 12:34:58.954 | INFO     | __main__:ping_device:72 - SAMSUNG_S22: status=0, sent=4, recv=0, rtt_avg=None ms
2025-07-07 12:34:58.995 | INFO     | __main__:monitor_loop:126 - Persistidos 5 resultados de monitoramento.
2025-07-07 12:34:58.995 | INFO     | __main__:monitor_loop:134 - Tempo de execução do loop: 3783.092 ms
==================================================
2025-07-07 12:35:25.237 | INFO     | __main__:ping_device:72 - FER_24G: status=1, sent=4, recv=4, rtt_avg=2 ms
2025-07-07 12:35:25.403 | INFO     | __main__:ping_device:72 - FACEBOOK: status=1, sent=4, recv=4, rtt_avg=45 ms
2025-07-07 12:35:25.631 | INFO     | __main__:ping_device:72 - WIKIPEDIA: status=1, sent=3, recv=3, rtt_avg=136 ms
2025-07-07 12:35:25.809 | INFO     | __main__:ping_device:72 - GITHUB: status=1, sent=4, recv=4, rtt_avg=146 ms
2025-07-07 12:35:25.841 | INFO     | __main__:ping_device:72 - GOOGLE: status=1, sent=4, recv=4, rtt_avg=156 ms
2025-07-07 12:35:28.959 | INFO     | __main__:ping_device:72 - SAMSUNG_S22: status=0, sent=4, recv=0, rtt_avg=None ms
2025-07-07 12:35:28.991 | INFO     | __main__:monitor_loop:126 - Persistidos 6 resultados de monitoramento.
2025-07-07 12:35:28.992 | INFO     | __main__:monitor_loop:134 - Tempo de execução do loop: 3778.951 ms
==================================================
2025-07-07 12:35:55.230 | INFO     | __main__:ping_device:72 - FER_24G: status=1, sent=4, recv=4, rtt_avg=2 ms
2025-07-07 12:35:55.838 | INFO     | __main__:ping_device:72 - GITHUB: status=1, sent=4, recv=4, rtt_avg=154 ms
2025-07-07 12:35:55.870 | INFO     | __main__:ping_device:72 - GOOGLE: status=1, sent=4, recv=4, rtt_avg=162 ms
2025-07-07 12:35:58.944 | INFO     | __main__:ping_device:72 - SAMSUNG_S22: status=0, sent=4, recv=0, rtt_avg=None ms
2025-07-07 12:35:58.951 | INFO     | __main__:monitor_loop:126 - Persistidos 4 resultados de monitoramento.
2025-07-07 12:35:58.952 | INFO     | __main__:monitor_loop:134 - Tempo de execução do loop: 3736.781 ms
==================================================
2025-07-07 12:36:25.243 | INFO     | __main__:ping_device:72 - FER_24G: status=1, sent=4, recv=4, rtt_avg=3 ms
2025-07-07 12:36:25.281 | INFO     | __main__:ping_device:72 - CLOUDFLARE: status=1, sent=2, recv=2, rtt_avg=29 ms
2025-07-07 12:36:25.411 | INFO     | __main__:ping_device:72 - FACEBOOK: status=1, sent=4, recv=4, rtt_avg=47 ms
2025-07-07 12:36:25.645 | INFO     | __main__:ping_device:72 - WIKIPEDIA: status=1, sent=3, recv=3, rtt_avg=139 ms
2025-07-07 12:36:25.813 | INFO     | __main__:ping_device:72 - GITHUB: status=1, sent=4, recv=4, rtt_avg=147 ms
2025-07-07 12:36:25.843 | INFO     | __main__:ping_device:72 - GOOGLE: status=1, sent=4, recv=4, rtt_avg=155 ms
2025-07-07 12:36:28.955 | INFO     | __main__:ping_device:72 - SAMSUNG_S22: status=0, sent=4, recv=0, rtt_avg=None ms
2025-07-07 12:36:28.973 | INFO     | __main__:monitor_loop:126 - Persistidos 7 resultados de monitoramento.
2025-07-07 12:36:28.973 | INFO     | __main__:monitor_loop:134 - Tempo de execução do loop: 3757.561 ms
==================================================
2025-07-07 12:36:55.225 | INFO     | __main__:ping_device:72 - FER_24G: status=1, sent=4, recv=4, rtt_avg=1 ms
2025-07-07 12:36:55.811 | INFO     | __main__:ping_device:72 - GITHUB: status=1, sent=4, recv=4, rtt_avg=147 ms
2025-07-07 12:36:55.839 | INFO     | __main__:ping_device:72 - GOOGLE: status=1, sent=4, recv=4, rtt_avg=154 ms
2025-07-07 12:36:58.948 | INFO     | __main__:ping_device:72 - SAMSUNG_S22: status=0, sent=4, recv=0, rtt_avg=None ms
2025-07-07 12:36:58.955 | INFO     | __main__:monitor_loop:126 - Persistidos 4 resultados de monitoramento.
2025-07-07 12:36:58.956 | INFO     | __main__:monitor_loop:134 - Tempo de execução do loop: 3739.502 ms
==================================================
2025-07-07 12:37:25.220 | INFO     | __main__:monitor_loop:103 - Dispositivos carregados: 7
==================================================
2025-07-07 12:37:25.235 | INFO     | __main__:ping_device:72 - FER_24G: status=1, sent=4, recv=4, rtt_avg=2 ms
2025-07-07 12:37:25.404 | INFO     | __main__:ping_device:72 - FACEBOOK: status=1, sent=4, recv=4, rtt_avg=44 ms
2025-07-07 12:37:25.639 | INFO     | __main__:ping_device:72 - WIKIPEDIA: status=1, sent=3, recv=3, rtt_avg=138 ms
2025-07-07 12:37:25.810 | INFO     | __main__:ping_device:72 - GITHUB: status=1, sent=4, recv=4, rtt_avg=146 ms
2025-07-07 12:37:25.846 | INFO     | __main__:ping_device:72 - GOOGLE: status=1, sent=4, recv=4, rtt_avg=155 ms
2025-07-07 12:37:28.970 | INFO     | __main__:ping_device:72 - SAMSUNG_S22: status=0, sent=4, recv=0, rtt_avg=None ms
2025-07-07 12:37:28.986 | INFO     | __main__:monitor_loop:126 - Persistidos 6 resultados de monitoramento.
2025-07-07 12:37:28.987 | INFO     | __main__:monitor_loop:134 - Tempo de execução do loop: 3769.960 ms
==================================================
2025-07-07 12:37:55.264 | INFO     | __main__:ping_device:72 - FER_24G: status=1, sent=4, recv=4, rtt_avg=11 ms
2025-07-07 12:37:55.287 | INFO     | __main__:ping_device:72 - CLOUDFLARE: status=1, sent=2, recv=2, rtt_avg=33 ms
2025-07-07 12:37:55.811 | INFO     | __main__:ping_device:72 - GITHUB: status=1, sent=4, recv=4, rtt_avg=147 ms
2025-07-07 12:37:55.847 | INFO     | __main__:ping_device:72 - GOOGLE: status=1, sent=4, recv=4, rtt_avg=156 ms
2025-07-07 12:37:58.949 | INFO     | __main__:ping_device:72 - SAMSUNG_S22: status=0, sent=4, recv=0, rtt_avg=None ms
2025-07-07 12:37:58.970 | INFO     | __main__:monitor_loop:126 - Persistidos 5 resultados de monitoramento.
2025-07-07 12:37:58.971 | INFO     | __main__:monitor_loop:134 - Tempo de execução do loop: 3753.897 ms
==================================================
2025-07-07 12:38:25.245 | INFO     | __main__:ping_device:72 - FER_24G: status=1, sent=4, recv=4, rtt_avg=3 ms
2025-07-07 12:38:25.407 | INFO     | __main__:ping_device:72 - FACEBOOK: status=1, sent=4, recv=4, rtt_avg=45 ms
2025-07-07 12:38:25.649 | INFO     | __main__:ping_device:72 - WIKIPEDIA: status=1, sent=3, recv=3, rtt_avg=140 ms
2025-07-07 12:38:25.829 | INFO     | __main__:ping_device:72 - GITHUB: status=1, sent=4, recv=4, rtt_avg=150 ms
2025-07-07 12:38:25.849 | INFO     | __main__:ping_device:72 - GOOGLE: status=1, sent=4, recv=4, rtt_avg=156 ms
2025-07-07 12:38:28.958 | INFO     | __main__:ping_device:72 - SAMSUNG_S22: status=0, sent=4, recv=0, rtt_avg=None ms
2025-07-07 12:38:28.979 | INFO     | __main__:monitor_loop:126 - Persistidos 6 resultados de monitoramento.
2025-07-07 12:38:28.979 | INFO     | __main__:monitor_loop:134 - Tempo de execução do loop: 3761.105 ms
==================================================
2025-07-07 12:38:55.243 | INFO     | __main__:ping_device:72 - FER_24G: status=1, sent=4, recv=4, rtt_avg=4 ms
2025-07-07 12:38:55.831 | INFO     | __main__:ping_device:72 - GITHUB: status=1, sent=4, recv=4, rtt_avg=151 ms
2025-07-07 12:38:55.861 | INFO     | __main__:ping_device:72 - GOOGLE: status=1, sent=4, recv=4, rtt_avg=159 ms
2025-07-07 12:38:58.950 | INFO     | __main__:ping_device:72 - SAMSUNG_S22: status=0, sent=4, recv=0, rtt_avg=None ms
2025-07-07 12:38:58.971 | INFO     | __main__:monitor_loop:126 - Persistidos 4 resultados de monitoramento.
2025-07-07 12:38:58.971 | INFO     | __main__:monitor_loop:134 - Tempo de execução do loop: 3752.506 ms
==================================================
2025-07-07 12:39:25.231 | INFO     | __main__:ping_device:72 - FER_24G: status=1, sent=4, recv=4, rtt_avg=1 ms
2025-07-07 12:39:25.280 | INFO     | __main__:ping_device:72 - CLOUDFLARE: status=1, sent=2, recv=2, rtt_avg=29 ms
2025-07-07 12:39:25.402 | INFO     | __main__:ping_device:72 - FACEBOOK: status=1, sent=4, recv=4, rtt_avg=45 ms
2025-07-07 12:39:25.638 | INFO     | __main__:ping_device:72 - WIKIPEDIA: status=1, sent=3, recv=3, rtt_avg=138 ms
2025-07-07 12:39:25.809 | INFO     | __main__:ping_device:72 - GITHUB: status=1, sent=4, recv=4, rtt_avg=146 ms
2025-07-07 12:39:25.848 | INFO     | __main__:ping_device:72 - GOOGLE: status=1, sent=4, recv=4, rtt_avg=156 ms
2025-07-07 12:39:28.957 | INFO     | __main__:ping_device:72 - SAMSUNG_S22: status=0, sent=4, recv=0, rtt_avg=None ms
2025-07-07 12:39:28.963 | INFO     | __main__:monitor_loop:126 - Persistidos 7 resultados de monitoramento.
2025-07-07 12:39:28.963 | INFO     | __main__:monitor_loop:134 - Tempo de execução do loop: 3743.966 ms
==================================================
2025-07-07 12:39:55.245 | INFO     | __main__:ping_device:72 - FER_24G: status=1, sent=4, recv=4, rtt_avg=4 ms
2025-07-07 12:39:55.839 | INFO     | __main__:ping_device:72 - GITHUB: status=1, sent=4, recv=4, rtt_avg=153 ms
2025-07-07 12:39:55.886 | INFO     | __main__:ping_device:72 - GOOGLE: status=1, sent=4, recv=4, rtt_avg=165 ms
2025-07-07 12:39:58.962 | INFO     | __main__:ping_device:72 - SAMSUNG_S22: status=0, sent=4, recv=0, rtt_avg=None ms
2025-07-07 12:39:58.984 | INFO     | __main__:monitor_loop:126 - Persistidos 4 resultados de monitoramento.
2025-07-07 12:39:58.985 | INFO     | __main__:monitor_loop:134 - Tempo de execução do loop: 3764.551 ms
==================================================
2025-07-07 12:40:25.231 | INFO     | __main__:ping_device:72 - FER_24G: status=1, sent=4, recv=4, rtt_avg=1 ms
2025-07-07 12:40:25.406 | INFO     | __main__:ping_device:72 - FACEBOOK: status=1, sent=4, recv=4, rtt_avg=45 ms
2025-07-07 12:40:25.642 | INFO     | __main__:ping_device:72 - WIKIPEDIA: status=1, sent=3, recv=3, rtt_avg=138 ms
2025-07-07 12:40:25.813 | INFO     | __main__:ping_device:72 - GITHUB: status=1, sent=4, recv=4, rtt_avg=146 ms
2025-07-07 12:40:25.844 | INFO     | __main__:ping_device:72 - GOOGLE: status=1, sent=4, recv=4, rtt_avg=154 ms
2025-07-07 12:40:28.952 | INFO     | __main__:ping_device:72 - SAMSUNG_S22: status=0, sent=4, recv=0, rtt_avg=None ms
2025-07-07 12:40:28.963 | INFO     | __main__:monitor_loop:126 - Persistidos 6 resultados de monitoramento.
2025-07-07 12:40:28.963 | INFO     | __main__:monitor_loop:134 - Tempo de execução do loop: 3741.279 ms
==================================================
2025-07-07 12:40:55.241 | INFO     | __main__:ping_device:72 - FER_24G: status=1, sent=4, recv=4, rtt_avg=1 ms
2025-07-07 12:40:55.283 | INFO     | __main__:ping_device:72 - CLOUDFLARE: status=1, sent=2, recv=2, rtt_avg=27 ms
2025-07-07 12:40:55.818 | INFO     | __main__:ping_device:72 - GITHUB: status=1, sent=4, recv=4, rtt_avg=146 ms
2025-07-07 12:40:55.851 | INFO     | __main__:ping_device:72 - GOOGLE: status=1, sent=4, recv=4, rtt_avg=155 ms
2025-07-07 12:40:58.966 | INFO     | __main__:ping_device:72 - SAMSUNG_S22: status=0, sent=4, recv=0, rtt_avg=None ms
2025-07-07 12:40:58.985 | INFO     | __main__:monitor_loop:126 - Persistidos 5 resultados de monitoramento.
2025-07-07 12:40:58.985 | INFO     | __main__:monitor_loop:134 - Tempo de execução do loop: 3762.521 ms
==================================================
2025-07-07 12:41:25.242 | INFO     | __main__:ping_device:72 - FER_24G: status=1, sent=4, recv=4, rtt_avg=2 ms
2025-07-07 12:41:25.414 | INFO     | __main__:ping_device:72 - FACEBOOK: status=1, sent=4, recv=4, rtt_avg=46 ms
2025-07-07 12:41:25.650 | INFO     | __main__:ping_device:72 - WIKIPEDIA: status=1, sent=3, recv=3, rtt_avg=139 ms
2025-07-07 12:41:25.824 | INFO     | __main__:ping_device:72 - GITHUB: status=1, sent=4, recv=4, rtt_avg=148 ms
2025-07-07 12:41:25.893 | INFO     | __main__:ping_device:72 - GOOGLE: status=1, sent=4, recv=4, rtt_avg=166 ms
2025-07-07 12:41:28.945 | INFO     | __main__:ping_device:72 - SAMSUNG_S22: status=0, sent=4, recv=0, rtt_avg=None ms
2025-07-07 12:41:28.952 | INFO     | __main__:monitor_loop:126 - Persistidos 6 resultados de monitoramento.
2025-07-07 12:41:28.952 | INFO     | __main__:monitor_loop:134 - Tempo de execução do loop: 3729.204 ms
==================================================
2025-07-07 12:41:55.242 | INFO     | __main__:ping_device:72 - FER_24G: status=1, sent=4, recv=4, rtt_avg=3 ms
2025-07-07 12:41:55.817 | INFO     | __main__:ping_device:72 - GITHUB: status=1, sent=4, recv=4, rtt_avg=147 ms
2025-07-07 12:41:55.848 | INFO     | __main__:ping_device:72 - GOOGLE: status=1, sent=4, recv=4, rtt_avg=154 ms
2025-07-07 12:41:58.956 | INFO     | __main__:ping_device:72 - SAMSUNG_S22: status=0, sent=4, recv=0, rtt_avg=None ms
2025-07-07 12:41:58.985 | INFO     | __main__:monitor_loop:126 - Persistidos 4 resultados de monitoramento.
2025-07-07 12:41:58.986 | INFO     | __main__:monitor_loop:134 - Tempo de execução do loop: 3761.840 ms
==================================================
2025-07-07 12:42:25.229 | INFO     | __main__:monitor_loop:103 - Dispositivos carregados: 7
==================================================
2025-07-07 12:42:25.246 | INFO     | __main__:ping_device:72 - FER_24G: status=1, sent=4, recv=4, rtt_avg=3 ms
2025-07-07 12:42:25.298 | INFO     | __main__:ping_device:72 - CLOUDFLARE: status=1, sent=2, recv=2, rtt_avg=32 ms
2025-07-07 12:42:25.421 | INFO     | __main__:ping_device:72 - FACEBOOK: status=1, sent=4, recv=4, rtt_avg=47 ms
2025-07-07 12:42:25.660 | INFO     | __main__:ping_device:72 - WIKIPEDIA: status=1, sent=3, recv=3, rtt_avg=141 ms
2025-07-07 12:42:25.830 | INFO     | __main__:ping_device:72 - GITHUB: status=1, sent=4, recv=4, rtt_avg=149 ms
2025-07-07 12:42:25.859 | INFO     | __main__:ping_device:72 - GOOGLE: status=1, sent=4, recv=4, rtt_avg=156 ms
2025-07-07 12:42:28.959 | INFO     | __main__:ping_device:72 - SAMSUNG_S22: status=0, sent=4, recv=0, rtt_avg=None ms
2025-07-07 12:42:28.993 | INFO     | __main__:monitor_loop:126 - Persistidos 7 resultados de monitoramento.
2025-07-07 12:42:28.994 | INFO     | __main__:monitor_loop:134 - Tempo de execução do loop: 3769.721 ms
==================================================
2025-07-07 12:42:55.240 | INFO     | __main__:ping_device:72 - FER_24G: status=1, sent=4, recv=4, rtt_avg=2 ms
2025-07-07 12:42:55.821 | INFO     | __main__:ping_device:72 - GITHUB: status=1, sent=4, recv=4, rtt_avg=147 ms
2025-07-07 12:42:55.848 | INFO     | __main__:ping_device:72 - GOOGLE: status=1, sent=4, recv=4, rtt_avg=154 ms
2025-07-07 12:42:58.954 | INFO     | __main__:ping_device:72 - SAMSUNG_S22: status=0, sent=4, recv=0, rtt_avg=None ms
2025-07-07 12:42:58.985 | INFO     | __main__:monitor_loop:126 - Persistidos 4 resultados de monitoramento.
2025-07-07 12:42:58.986 | INFO     | __main__:monitor_loop:134 - Tempo de execução do loop: 3759.869 ms
==================================================
2025-07-07 12:43:25.235 | INFO     | __main__:ping_device:72 - FER_24G: status=1, sent=4, recv=4, rtt_avg=1 ms
2025-07-07 12:43:25.415 | INFO     | __main__:ping_device:72 - FACEBOOK: status=1, sent=4, recv=4, rtt_avg=46 ms
2025-07-07 12:43:25.653 | INFO     | __main__:ping_device:72 - WIKIPEDIA: status=1, sent=3, recv=3, rtt_avg=140 ms
2025-07-07 12:43:25.833 | INFO     | __main__:ping_device:72 - GITHUB: status=1, sent=4, recv=4, rtt_avg=150 ms
2025-07-07 12:43:25.860 | INFO     | __main__:ping_device:72 - GOOGLE: status=1, sent=4, recv=4, rtt_avg=157 ms
2025-07-07 12:43:28.953 | INFO     | __main__:ping_device:72 - SAMSUNG_S22: status=0, sent=4, recv=0, rtt_avg=None ms
2025-07-07 12:43:28.959 | INFO     | __main__:monitor_loop:126 - Persistidos 6 resultados de monitoramento.
2025-07-07 12:43:28.959 | INFO     | __main__:monitor_loop:134 - Tempo de execução do loop: 3731.916 ms
==================================================
2025-07-07 12:43:55.251 | INFO     | __main__:ping_device:72 - FER_24G: status=1, sent=4, recv=4, rtt_avg=3 ms
2025-07-07 12:43:55.294 | INFO     | __main__:ping_device:72 - CLOUDFLARE: status=1, sent=2, recv=2, rtt_avg=30 ms
2025-07-07 12:43:55.828 | INFO     | __main__:ping_device:72 - GITHUB: status=1, sent=4, recv=4, rtt_avg=148 ms
2025-07-07 12:43:55.857 | INFO     | __main__:ping_device:72 - GOOGLE: status=1, sent=4, recv=4, rtt_avg=156 ms
2025-07-07 12:43:58.962 | INFO     | __main__:ping_device:72 - SAMSUNG_S22: status=0, sent=4, recv=0, rtt_avg=None ms
2025-07-07 12:43:58.992 | INFO     | __main__:monitor_loop:126 - Persistidos 5 resultados de monitoramento.
2025-07-07 12:43:58.993 | INFO     | __main__:monitor_loop:134 - Tempo de execução do loop: 3764.658 ms
==================================================
2025-07-07 12:44:25.255 | INFO     | __main__:ping_device:72 - FER_24G: status=1, sent=4, recv=4, rtt_avg=4 ms
2025-07-07 12:44:25.420 | INFO     | __main__:ping_device:72 - FACEBOOK: status=1, sent=4, recv=4, rtt_avg=46 ms
2025-07-07 12:44:25.650 | INFO     | __main__:ping_device:72 - WIKIPEDIA: status=1, sent=3, recv=3, rtt_avg=138 ms
2025-07-07 12:44:25.820 | INFO     | __main__:ping_device:72 - GITHUB: status=1, sent=4, recv=4, rtt_avg=146 ms
2025-07-07 12:44:25.853 | INFO     | __main__:ping_device:72 - GOOGLE: status=1, sent=4, recv=4, rtt_avg=155 ms
2025-07-07 12:44:28.967 | INFO     | __main__:ping_device:72 - SAMSUNG_S22: status=0, sent=4, recv=0, rtt_avg=None ms
2025-07-07 12:44:28.990 | INFO     | __main__:monitor_loop:126 - Persistidos 6 resultados de monitoramento.
2025-07-07 12:44:28.990 | INFO     | __main__:monitor_loop:134 - Tempo de execução do loop: 3761.080 ms
==================================================
2025-07-07 12:44:55.240 | INFO     | __main__:ping_device:72 - FER_24G: status=1, sent=4, recv=4, rtt_avg=1 ms
2025-07-07 12:44:55.827 | INFO     | __main__:ping_device:72 - GITHUB: status=1, sent=4, recv=4, rtt_avg=147 ms
2025-07-07 12:44:55.849 | INFO     | __main__:ping_device:72 - GOOGLE: status=1, sent=4, recv=4, rtt_avg=153 ms
2025-07-07 12:44:58.959 | INFO     | __main__:ping_device:72 - SAMSUNG_S22: status=0, sent=4, recv=0, rtt_avg=None ms
2025-07-07 12:44:58.981 | INFO     | __main__:monitor_loop:126 - Persistidos 4 resultados de monitoramento.
2025-07-07 12:44:58.982 | INFO     | __main__:monitor_loop:134 - Tempo de execução do loop: 3751.299 ms
==================================================
2025-07-07 12:45:25.240 | INFO     | __main__:ping_device:72 - FER_24G: status=1, sent=4, recv=4, rtt_avg=1 ms
2025-07-07 12:45:25.292 | INFO     | __main__:ping_device:72 - CLOUDFLARE: status=1, sent=2, recv=2, rtt_avg=28 ms
2025-07-07 12:45:25.413 | INFO     | __main__:ping_device:72 - FACEBOOK: status=1, sent=4, recv=4, rtt_avg=44 ms
2025-07-07 12:45:25.647 | INFO     | __main__:ping_device:72 - WIKIPEDIA: status=1, sent=3, recv=3, rtt_avg=137 ms
2025-07-07 12:45:25.823 | INFO     | __main__:ping_device:72 - GITHUB: status=1, sent=4, recv=4, rtt_avg=146 ms
2025-07-07 12:45:25.858 | INFO     | __main__:ping_device:72 - GOOGLE: status=1, sent=4, recv=4, rtt_avg=155 ms
2025-07-07 12:45:28.949 | INFO     | __main__:ping_device:72 - SAMSUNG_S22: status=0, sent=4, recv=0, rtt_avg=None ms
2025-07-07 12:45:28.966 | INFO     | __main__:monitor_loop:126 - Persistidos 7 resultados de monitoramento.
2025-07-07 12:45:28.966 | INFO     | __main__:monitor_loop:134 - Tempo de execução do loop: 3734.257 ms
==================================================
2025-07-07 12:45:55.265 | INFO     | __main__:ping_device:72 - FER_24G: status=1, sent=4, recv=4, rtt_avg=5 ms
2025-07-07 12:45:55.841 | INFO     | __main__:ping_device:72 - GITHUB: status=1, sent=4, recv=4, rtt_avg=150 ms
2025-07-07 12:45:55.867 | INFO     | __main__:ping_device:72 - GOOGLE: status=1, sent=4, recv=4, rtt_avg=157 ms
2025-07-07 12:45:58.954 | INFO     | __main__:ping_device:72 - SAMSUNG_S22: status=0, sent=4, recv=0, rtt_avg=None ms
2025-07-07 12:45:58.984 | INFO     | __main__:monitor_loop:126 - Persistidos 4 resultados de monitoramento.
2025-07-07 12:45:58.985 | INFO     | __main__:monitor_loop:134 - Tempo de execução do loop: 3752.589 ms
==================================================
2025-07-07 12:46:25.250 | INFO     | __main__:ping_device:72 - FER_24G: status=1, sent=4, recv=4, rtt_avg=1 ms
2025-07-07 12:46:25.421 | INFO     | __main__:ping_device:72 - FACEBOOK: status=1, sent=4, recv=4, rtt_avg=45 ms
2025-07-07 12:46:25.655 | INFO     | __main__:ping_device:72 - WIKIPEDIA: status=1, sent=3, recv=3, rtt_avg=137 ms
2025-07-07 12:46:25.831 | INFO     | __main__:ping_device:72 - GITHUB: status=1, sent=4, recv=4, rtt_avg=147 ms
2025-07-07 12:46:25.856 | INFO     | __main__:ping_device:72 - GOOGLE: status=1, sent=4, recv=4, rtt_avg=154 ms
2025-07-07 12:46:28.950 | INFO     | __main__:ping_device:72 - SAMSUNG_S22: status=0, sent=4, recv=0, rtt_avg=None ms
2025-07-07 12:46:28.994 | INFO     | __main__:monitor_loop:126 - Persistidos 6 resultados de monitoramento.
2025-07-07 12:46:28.994 | INFO     | __main__:monitor_loop:134 - Tempo de execução do loop: 3759.740 ms
==================================================
2025-07-07 12:46:55.260 | INFO     | __main__:ping_device:72 - FER_24G: status=1, sent=4, recv=4, rtt_avg=4 ms
2025-07-07 12:46:55.299 | INFO     | __main__:ping_device:72 - CLOUDFLARE: status=1, sent=2, recv=2, rtt_avg=30 ms
2025-07-07 12:46:55.841 | INFO     | __main__:ping_device:72 - GITHUB: status=1, sent=4, recv=4, rtt_avg=150 ms
2025-07-07 12:46:55.870 | INFO     | __main__:ping_device:72 - GOOGLE: status=1, sent=4, recv=4, rtt_avg=158 ms
2025-07-07 12:46:58.950 | INFO     | __main__:ping_device:72 - SAMSUNG_S22: status=0, sent=4, recv=0, rtt_avg=None ms
2025-07-07 12:46:58.972 | INFO     | __main__:monitor_loop:126 - Persistidos 5 resultados de monitoramento.
2025-07-07 12:46:58.973 | INFO     | __main__:monitor_loop:134 - Tempo de execução do loop: 3738.059 ms
==================================================
2025-07-07 12:47:25.240 | INFO     | __main__:monitor_loop:103 - Dispositivos carregados: 7
==================================================
2025-07-07 12:47:25.255 | INFO     | __main__:ping_device:72 - FER_24G: status=1, sent=4, recv=4, rtt_avg=2 ms
2025-07-07 12:47:25.423 | INFO     | __main__:ping_device:72 - FACEBOOK: status=1, sent=4, recv=4, rtt_avg=44 ms
2025-07-07 12:47:25.659 | INFO     | __main__:ping_device:72 - WIKIPEDIA: status=1, sent=3, recv=3, rtt_avg=138 ms
2025-07-07 12:47:25.845 | INFO     | __main__:ping_device:72 - GITHUB: status=1, sent=4, recv=4, rtt_avg=149 ms
2025-07-07 12:47:25.868 | INFO     | __main__:ping_device:72 - GOOGLE: status=1, sent=4, recv=4, rtt_avg=156 ms
2025-07-07 12:47:28.955 | INFO     | __main__:ping_device:72 - SAMSUNG_S22: status=0, sent=4, recv=0, rtt_avg=None ms
2025-07-07 12:47:28.987 | INFO     | __main__:monitor_loop:126 - Persistidos 6 resultados de monitoramento.
2025-07-07 12:47:28.988 | INFO     | __main__:monitor_loop:134 - Tempo de execução do loop: 3751.873 ms
==================================================
2025-07-07 12:47:55.257 | INFO     | __main__:ping_device:72 - FER_24G: status=1, sent=4, recv=4, rtt_avg=2 ms
2025-07-07 12:47:55.829 | INFO     | __main__:ping_device:72 - GITHUB: status=1, sent=4, recv=4, rtt_avg=146 ms
2025-07-07 12:47:55.871 | INFO     | __main__:ping_device:72 - GOOGLE: status=1, sent=4, recv=4, rtt_avg=157 ms
2025-07-07 12:47:58.950 | INFO     | __main__:ping_device:72 - SAMSUNG_S22: status=0, sent=4, recv=0, rtt_avg=None ms
2025-07-07 12:47:58.968 | INFO     | __main__:monitor_loop:126 - Persistidos 4 resultados de monitoramento.
2025-07-07 12:47:58.968 | INFO     | __main__:monitor_loop:134 - Tempo de execução do loop: 3730.602 ms
==================================================
2025-07-07 12:48:25.259 | INFO     | __main__:ping_device:72 - FER_24G: status=1, sent=4, recv=4, rtt_avg=1 ms
2025-07-07 12:48:25.303 | INFO     | __main__:ping_device:72 - CLOUDFLARE: status=1, sent=2, recv=2, rtt_avg=29 ms
2025-07-07 12:48:25.432 | INFO     | __main__:ping_device:72 - FACEBOOK: status=1, sent=4, recv=4, rtt_avg=47 ms
2025-07-07 12:48:25.665 | INFO     | __main__:ping_device:72 - WIKIPEDIA: status=1, sent=3, recv=3, rtt_avg=138 ms
2025-07-07 12:48:25.843 | INFO     | __main__:ping_device:72 - GITHUB: status=1, sent=4, recv=4, rtt_avg=148 ms
2025-07-07 12:48:25.870 | INFO     | __main__:ping_device:72 - GOOGLE: status=1, sent=4, recv=4, rtt_avg=156 ms
2025-07-07 12:48:28.953 | INFO     | __main__:ping_device:72 - SAMSUNG_S22: status=0, sent=4, recv=0, rtt_avg=None ms
2025-07-07 12:48:28.986 | INFO     | __main__:monitor_loop:126 - Persistidos 7 resultados de monitoramento.
2025-07-07 12:48:28.987 | INFO     | __main__:monitor_loop:134 - Tempo de execução do loop: 3748.620 ms
==================================================
2025-07-07 12:48:55.258 | INFO     | __main__:ping_device:72 - FER_24G: status=1, sent=4, recv=4, rtt_avg=2 ms
2025-07-07 12:48:55.865 | INFO     | __main__:ping_device:72 - GITHUB: status=1, sent=4, recv=4, rtt_avg=154 ms
2025-07-07 12:48:55.900 | INFO     | __main__:ping_device:72 - GOOGLE: status=1, sent=4, recv=4, rtt_avg=163 ms
2025-07-07 12:48:58.960 | INFO     | __main__:ping_device:72 - SAMSUNG_S22: status=0, sent=4, recv=0, rtt_avg=None ms
2025-07-07 12:48:58.969 | INFO     | __main__:monitor_loop:126 - Persistidos 4 resultados de monitoramento.
2025-07-07 12:48:58.969 | INFO     | __main__:monitor_loop:134 - Tempo de execução do loop: 3729.615 ms
==================================================
2025-07-07 12:49:25.262 | INFO     | __main__:ping_device:72 - FER_24G: status=1, sent=4, recv=4, rtt_avg=2 ms
2025-07-07 12:49:25.429 | INFO     | __main__:ping_device:72 - FACEBOOK: status=1, sent=4, recv=4, rtt_avg=45 ms
2025-07-07 12:49:25.668 | INFO     | __main__:ping_device:72 - WIKIPEDIA: status=1, sent=3, recv=3, rtt_avg=139 ms
2025-07-07 12:49:25.838 | INFO     | __main__:ping_device:72 - GITHUB: status=1, sent=4, recv=4, rtt_avg=147 ms
2025-07-07 12:49:25.878 | INFO     | __main__:ping_device:72 - GOOGLE: status=1, sent=4, recv=4, rtt_avg=158 ms
2025-07-07 12:49:28.956 | INFO     | __main__:ping_device:72 - SAMSUNG_S22: status=0, sent=4, recv=0, rtt_avg=None ms
2025-07-07 12:49:28.975 | INFO     | __main__:monitor_loop:126 - Persistidos 6 resultados de monitoramento.
2025-07-07 12:49:28.976 | INFO     | __main__:monitor_loop:134 - Tempo de execução do loop: 3735.207 ms
==================================================
2025-07-07 12:49:55.263 | INFO     | __main__:ping_device:72 - FER_24G: status=1, sent=4, recv=4, rtt_avg=2 ms
2025-07-07 12:49:55.301 | INFO     | __main__:ping_device:72 - CLOUDFLARE: status=1, sent=2, recv=2, rtt_avg=27 ms
2025-07-07 12:49:55.836 | INFO     | __main__:ping_device:72 - GITHUB: status=1, sent=4, recv=4, rtt_avg=146 ms
2025-07-07 12:49:55.866 | INFO     | __main__:ping_device:72 - GOOGLE: status=1, sent=4, recv=4, rtt_avg=154 ms
2025-07-07 12:49:58.948 | INFO     | __main__:ping_device:72 - SAMSUNG_S22: status=0, sent=4, recv=0, rtt_avg=None ms
2025-07-07 12:49:58.966 | INFO     | __main__:monitor_loop:126 - Persistidos 5 resultados de monitoramento.
2025-07-07 12:49:58.967 | INFO     | __main__:monitor_loop:134 - Tempo de execução do loop: 3725.193 ms
==================================================
2025-07-07 12:50:25.266 | INFO     | __main__:ping_device:72 - FER_24G: status=1, sent=4, recv=4, rtt_avg=2 ms
2025-07-07 12:50:25.495 | INFO     | __main__:ping_device:72 - FACEBOOK: status=1, sent=4, recv=4, rtt_avg=61 ms
2025-07-07 12:50:25.710 | INFO     | __main__:ping_device:72 - WIKIPEDIA: status=1, sent=3, recv=3, rtt_avg=152 ms
2025-07-07 12:50:25.876 | INFO     | __main__:ping_device:72 - GITHUB: status=1, sent=4, recv=4, rtt_avg=156 ms
2025-07-07 12:50:25.928 | INFO     | __main__:ping_device:72 - GOOGLE: status=1, sent=4, recv=4, rtt_avg=170 ms
2025-07-07 12:50:28.956 | INFO     | __main__:ping_device:72 - SAMSUNG_S22: status=0, sent=4, recv=0, rtt_avg=None ms
2025-07-07 12:50:28.975 | INFO     | __main__:monitor_loop:126 - Persistidos 6 resultados de monitoramento.
2025-07-07 12:50:28.975 | INFO     | __main__:monitor_loop:134 - Tempo de execução do loop: 3733.463 ms
==================================================
2025-07-07 12:50:55.251 | INFO     | __main__:ping_device:72 - FER_24G: status=1, sent=4, recv=4, rtt_avg=1 ms
2025-07-07 12:50:55.877 | INFO     | __main__:ping_device:72 - GITHUB: status=1, sent=4, recv=4, rtt_avg=157 ms
2025-07-07 12:50:55.908 | INFO     | __main__:ping_device:72 - GOOGLE: status=1, sent=4, recv=4, rtt_avg=165 ms
2025-07-07 12:50:58.957 | INFO     | __main__:ping_device:72 - SAMSUNG_S22: status=0, sent=4, recv=0, rtt_avg=None ms
2025-07-07 12:50:58.966 | INFO     | __main__:monitor_loop:126 - Persistidos 4 resultados de monitoramento.
2025-07-07 12:50:58.966 | INFO     | __main__:monitor_loop:134 - Tempo de execução do loop: 3723.322 ms
==================================================
2025-07-07 12:51:25.257 | INFO     | __main__:ping_device:72 - FER_24G: status=1, sent=4, recv=4, rtt_avg=2 ms
2025-07-07 12:51:25.346 | INFO     | __main__:ping_device:72 - CLOUDFLARE: status=1, sent=2, recv=2, rtt_avg=49 ms
2025-07-07 12:51:25.483 | INFO     | __main__:ping_device:72 - FACEBOOK: status=1, sent=4, recv=4, rtt_avg=59 ms
2025-07-07 12:51:25.711 | INFO     | __main__:ping_device:72 - WIKIPEDIA: status=1, sent=3, recv=3, rtt_avg=154 ms
2025-07-07 12:51:25.875 | INFO     | __main__:ping_device:72 - GITHUB: status=1, sent=4, recv=4, rtt_avg=156 ms
2025-07-07 12:51:25.909 | INFO     | __main__:ping_device:72 - GOOGLE: status=1, sent=4, recv=4, rtt_avg=165 ms
2025-07-07 12:51:28.957 | INFO     | __main__:ping_device:72 - SAMSUNG_S22: status=0, sent=4, recv=0, rtt_avg=None ms
2025-07-07 12:51:28.974 | INFO     | __main__:monitor_loop:126 - Persistidos 7 resultados de monitoramento.
2025-07-07 12:51:28.974 | INFO     | __main__:monitor_loop:134 - Tempo de execução do loop: 3731.036 ms
==================================================
2025-07-07 12:51:55.269 | INFO     | __main__:ping_device:72 - FER_24G: status=1, sent=4, recv=4, rtt_avg=4 ms
2025-07-07 12:51:55.866 | INFO     | __main__:ping_device:72 - GITHUB: status=1, sent=4, recv=4, rtt_avg=154 ms
2025-07-07 12:51:55.897 | INFO     | __main__:ping_device:72 - GOOGLE: status=1, sent=4, recv=4, rtt_avg=161 ms
2025-07-07 12:51:58.956 | INFO     | __main__:ping_device:72 - SAMSUNG_S22: status=0, sent=4, recv=0, rtt_avg=None ms
2025-07-07 12:51:58.965 | INFO     | __main__:monitor_loop:126 - Persistidos 4 resultados de monitoramento.
2025-07-07 12:51:58.966 | INFO     | __main__:monitor_loop:134 - Tempo de execução do loop: 3721.835 ms
==================================================
2025-07-07 12:52:25.253 | INFO     | __main__:monitor_loop:103 - Dispositivos carregados: 7
==================================================
2025-07-07 12:52:25.269 | INFO     | __main__:ping_device:72 - FER_24G: status=1, sent=4, recv=4, rtt_avg=1 ms
2025-07-07 12:52:25.462 | INFO     | __main__:ping_device:72 - FACEBOOK: status=1, sent=4, recv=4, rtt_avg=50 ms
2025-07-07 12:52:25.710 | INFO     | __main__:ping_device:72 - WIKIPEDIA: status=1, sent=3, recv=3, rtt_avg=149 ms
2025-07-07 12:52:25.885 | INFO     | __main__:ping_device:72 - GITHUB: status=1, sent=4, recv=4, rtt_avg=156 ms
2025-07-07 12:52:25.911 | INFO     | __main__:ping_device:72 - GOOGLE: status=1, sent=4, recv=4, rtt_avg=163 ms
2025-07-07 12:52:28.951 | INFO     | __main__:ping_device:72 - SAMSUNG_S22: status=0, sent=4, recv=0, rtt_avg=None ms
2025-07-07 12:52:28.985 | INFO     | __main__:monitor_loop:126 - Persistidos 6 resultados de monitoramento.
2025-07-07 12:52:28.986 | INFO     | __main__:monitor_loop:134 - Tempo de execução do loop: 3740.932 ms
==================================================
2025-07-07 12:52:55.266 | INFO     | __main__:ping_device:72 - FER_24G: status=1, sent=4, recv=4, rtt_avg=2 ms
2025-07-07 12:52:55.310 | INFO     | __main__:ping_device:72 - CLOUDFLARE: status=1, sent=2, recv=2, rtt_avg=29 ms
2025-07-07 12:52:55.845 | INFO     | __main__:ping_device:72 - GITHUB: status=1, sent=4, recv=4, rtt_avg=147 ms
2025-07-07 12:52:55.855 | INFO     | __main__:ping_device:72 - GOOGLE: status=1, sent=4, recv=4, rtt_avg=151 ms
2025-07-07 12:52:58.954 | INFO     | __main__:ping_device:72 - SAMSUNG_S22: status=0, sent=4, recv=0, rtt_avg=None ms
2025-07-07 12:52:58.959 | INFO     | __main__:monitor_loop:126 - Persistidos 5 resultados de monitoramento.
2025-07-07 12:52:58.959 | INFO     | __main__:monitor_loop:134 - Tempo de execução do loop: 3713.303 ms
==================================================
2025-07-07 12:53:25.254 | INFO     | __main__:ping_device:72 - FER_24G: status=1, sent=4, recv=4, rtt_avg=1 ms
2025-07-07 12:53:25.406 | INFO     | __main__:ping_device:72 - FACEBOOK: status=1, sent=4, recv=4, rtt_avg=39 ms
2025-07-07 12:53:25.676 | INFO     | __main__:ping_device:72 - WIKIPEDIA: status=1, sent=3, recv=3, rtt_avg=142 ms
2025-07-07 12:53:25.837 | INFO     | __main__:ping_device:72 - GOOGLE: status=1, sent=4, recv=4, rtt_avg=146 ms
2025-07-07 12:53:25.846 | INFO     | __main__:ping_device:72 - GITHUB: status=1, sent=4, recv=4, rtt_avg=149 ms
2025-07-07 12:53:28.955 | INFO     | __main__:ping_device:72 - SAMSUNG_S22: status=0, sent=4, recv=0, rtt_avg=None ms
2025-07-07 12:53:28.987 | INFO     | __main__:monitor_loop:126 - Persistidos 6 resultados de monitoramento.
2025-07-07 12:53:28.988 | INFO     | __main__:monitor_loop:134 - Tempo de execução do loop: 3741.467 ms
==================================================
2025-07-07 12:53:55.266 | INFO     | __main__:ping_device:72 - FER_24G: status=1, sent=4, recv=4, rtt_avg=2 ms
2025-07-07 12:53:55.883 | INFO     | __main__:ping_device:72 - GITHUB: status=1, sent=4, recv=4, rtt_avg=157 ms
2025-07-07 12:53:55.916 | INFO     | __main__:ping_device:72 - GOOGLE: status=1, sent=4, recv=4, rtt_avg=165 ms
2025-07-07 12:53:58.957 | INFO     | __main__:ping_device:72 - SAMSUNG_S22: status=0, sent=4, recv=0, rtt_avg=None ms
2025-07-07 12:53:58.983 | INFO     | __main__:monitor_loop:126 - Persistidos 4 resultados de monitoramento.
2025-07-07 12:53:58.984 | INFO     | __main__:monitor_loop:134 - Tempo de execução do loop: 3736.017 ms
==================================================
2025-07-07 12:54:25.256 | INFO     | __main__:ping_device:72 - FER_24G: status=1, sent=4, recv=4, rtt_avg=1 ms
2025-07-07 12:54:25.302 | INFO     | __main__:ping_device:72 - CLOUDFLARE: status=1, sent=2, recv=2, rtt_avg=25 ms
2025-07-07 12:54:25.446 | INFO     | __main__:ping_device:72 - FACEBOOK: status=1, sent=4, recv=4, rtt_avg=48 ms
2025-07-07 12:54:25.723 | INFO     | __main__:ping_device:72 - WIKIPEDIA: status=1, sent=3, recv=3, rtt_avg=157 ms
2025-07-07 12:54:25.895 | INFO     | __main__:ping_device:72 - GITHUB: status=1, sent=4, recv=4, rtt_avg=160 ms
2025-07-07 12:54:25.902 | INFO     | __main__:ping_device:72 - GOOGLE: status=1, sent=4, recv=4, rtt_avg=162 ms
2025-07-07 12:54:28.959 | INFO     | __main__:ping_device:72 - SAMSUNG_S22: status=0, sent=4, recv=0, rtt_avg=None ms
2025-07-07 12:54:28.982 | INFO     | __main__:monitor_loop:126 - Persistidos 7 resultados de monitoramento.
2025-07-07 12:54:28.982 | INFO     | __main__:monitor_loop:134 - Tempo de execução do loop: 3733.562 ms
==================================================
2025-07-07 12:54:55.266 | INFO     | __main__:ping_device:72 - FER_24G: status=1, sent=4, recv=4, rtt_avg=2 ms
2025-07-07 12:54:55.856 | INFO     | __main__:ping_device:72 - GITHUB: status=1, sent=4, recv=4, rtt_avg=150 ms
2025-07-07 12:54:55.880 | INFO     | __main__:ping_device:72 - GOOGLE: status=1, sent=4, recv=4, rtt_avg=156 ms
2025-07-07 12:54:58.957 | INFO     | __main__:ping_device:72 - SAMSUNG_S22: status=0, sent=4, recv=0, rtt_avg=None ms
2025-07-07 12:54:58.977 | INFO     | __main__:monitor_loop:126 - Persistidos 4 resultados de monitoramento.
2025-07-07 12:54:58.977 | INFO     | __main__:monitor_loop:134 - Tempo de execução do loop: 3727.304 ms
==================================================
2025-07-07 12:55:25.263 | INFO     | __main__:ping_device:72 - FER_24G: status=1, sent=4, recv=4, rtt_avg=2 ms
2025-07-07 12:55:25.435 | INFO     | __main__:ping_device:72 - FACEBOOK: status=1, sent=4, recv=4, rtt_avg=45 ms
2025-07-07 12:55:25.686 | INFO     | __main__:ping_device:72 - WIKIPEDIA: status=1, sent=3, recv=3, rtt_avg=143 ms
2025-07-07 12:55:25.856 | INFO     | __main__:ping_device:72 - GITHUB: status=1, sent=4, recv=4, rtt_avg=150 ms
2025-07-07 12:55:25.888 | INFO     | __main__:ping_device:72 - GOOGLE: status=1, sent=4, recv=4, rtt_avg=158 ms
2025-07-07 12:55:28.972 | INFO     | __main__:ping_device:72 - SAMSUNG_S22: status=0, sent=4, recv=0, rtt_avg=None ms
2025-07-07 12:55:28.977 | INFO     | __main__:monitor_loop:126 - Persistidos 6 resultados de monitoramento.
2025-07-07 12:55:28.977 | INFO     | __main__:monitor_loop:134 - Tempo de execução do loop: 3726.366 ms
==================================================
2025-07-07 12:55:55.270 | INFO     | __main__:ping_device:72 - FER_24G: status=1, sent=4, recv=4, rtt_avg=2 ms
2025-07-07 12:55:55.322 | INFO     | __main__:ping_device:72 - CLOUDFLARE: status=1, sent=2, recv=2, rtt_avg=32 ms
2025-07-07 12:55:55.882 | INFO     | __main__:ping_device:72 - GITHUB: status=1, sent=4, recv=4, rtt_avg=155 ms
2025-07-07 12:55:55.890 | INFO     | __main__:ping_device:72 - GOOGLE: status=1, sent=4, recv=4, rtt_avg=158 ms
2025-07-07 12:55:58.950 | INFO     | __main__:ping_device:72 - SAMSUNG_S22: status=0, sent=4, recv=0, rtt_avg=None ms
2025-07-07 12:55:58.968 | INFO     | __main__:monitor_loop:126 - Persistidos 5 resultados de monitoramento.
2025-07-07 12:55:58.968 | INFO     | __main__:monitor_loop:134 - Tempo de execução do loop: 3716.219 ms
==================================================
2025-07-07 12:56:25.263 | INFO     | __main__:ping_device:72 - FER_24G: status=1, sent=4, recv=4, rtt_avg=1 ms
2025-07-07 12:56:25.461 | INFO     | __main__:ping_device:72 - FACEBOOK: status=1, sent=4, recv=4, rtt_avg=51 ms
2025-07-07 12:56:25.680 | INFO     | __main__:ping_device:72 - WIKIPEDIA: status=1, sent=3, recv=3, rtt_avg=141 ms
2025-07-07 12:56:25.876 | INFO     | __main__:ping_device:72 - GITHUB: status=1, sent=4, recv=4, rtt_avg=155 ms
2025-07-07 12:56:25.892 | INFO     | __main__:ping_device:72 - GOOGLE: status=1, sent=4, recv=4, rtt_avg=159 ms
2025-07-07 12:56:28.953 | INFO     | __main__:ping_device:72 - SAMSUNG_S22: status=0, sent=4, recv=0, rtt_avg=None ms
2025-07-07 12:56:28.968 | INFO     | __main__:monitor_loop:126 - Persistidos 6 resultados de monitoramento.
2025-07-07 12:56:28.968 | INFO     | __main__:monitor_loop:134 - Tempo de execução do loop: 3715.644 ms
==================================================
2025-07-07 12:56:55.293 | INFO     | __main__:ping_device:72 - FER_24G: status=1, sent=4, recv=4, rtt_avg=8 ms
2025-07-07 12:56:55.875 | INFO     | __main__:ping_device:72 - GITHUB: status=1, sent=4, recv=4, rtt_avg=153 ms
2025-07-07 12:56:55.924 | INFO     | __main__:ping_device:72 - GOOGLE: status=1, sent=4, recv=4, rtt_avg=166 ms
2025-07-07 12:56:58.956 | INFO     | __main__:ping_device:72 - SAMSUNG_S22: status=0, sent=4, recv=0, rtt_avg=None ms
2025-07-07 12:56:58.985 | INFO     | __main__:monitor_loop:126 - Persistidos 4 resultados de monitoramento.
2025-07-07 12:56:58.986 | INFO     | __main__:monitor_loop:134 - Tempo de execução do loop: 3732.773 ms
==================================================
2025-07-07 12:57:25.259 | INFO     | __main__:monitor_loop:103 - Dispositivos carregados: 7
==================================================
2025-07-07 12:57:25.274 | INFO     | __main__:ping_device:72 - FER_24G: status=1, sent=4, recv=4, rtt_avg=2 ms
2025-07-07 12:57:25.333 | INFO     | __main__:ping_device:72 - CLOUDFLARE: status=1, sent=2, recv=2, rtt_avg=35 ms
2025-07-07 12:57:25.459 | INFO     | __main__:ping_device:72 - FACEBOOK: status=1, sent=4, recv=4, rtt_avg=49 ms
2025-07-07 12:57:25.700 | INFO     | __main__:ping_device:72 - WIKIPEDIA: status=1, sent=3, recv=3, rtt_avg=145 ms
2025-07-07 12:57:25.878 | INFO     | __main__:ping_device:72 - GITHUB: status=1, sent=4, recv=4, rtt_avg=153 ms
2025-07-07 12:57:25.901 | INFO     | __main__:ping_device:72 - GOOGLE: status=1, sent=4, recv=4, rtt_avg=159 ms
2025-07-07 12:57:28.950 | INFO     | __main__:ping_device:72 - SAMSUNG_S22: status=0, sent=4, recv=0, rtt_avg=None ms
2025-07-07 12:57:29.006 | INFO     | __main__:monitor_loop:126 - Persistidos 7 resultados de monitoramento.
2025-07-07 12:57:29.007 | INFO     | __main__:monitor_loop:134 - Tempo de execução do loop: 3752.450 ms
==================================================
2025-07-07 12:57:55.271 | INFO     | __main__:ping_device:72 - FER_24G: status=1, sent=4, recv=4, rtt_avg=3 ms
2025-07-07 12:57:55.856 | INFO     | __main__:ping_device:72 - GITHUB: status=1, sent=4, recv=4, rtt_avg=149 ms
2025-07-07 12:57:55.899 | INFO     | __main__:ping_device:72 - GOOGLE: status=1, sent=4, recv=4, rtt_avg=160 ms
2025-07-07 12:57:58.954 | INFO     | __main__:ping_device:72 - SAMSUNG_S22: status=0, sent=4, recv=0, rtt_avg=None ms
2025-07-07 12:57:58.975 | INFO     | __main__:monitor_loop:126 - Persistidos 4 resultados de monitoramento.
2025-07-07 12:57:58.976 | INFO     | __main__:monitor_loop:134 - Tempo de execução do loop: 3721.466 ms
==================================================
2025-07-07 12:58:25.267 | INFO     | __main__:ping_device:72 - FER_24G: status=1, sent=4, recv=4, rtt_avg=1 ms
2025-07-07 12:58:25.452 | INFO     | __main__:ping_device:72 - FACEBOOK: status=1, sent=4, recv=4, rtt_avg=47 ms
2025-07-07 12:58:25.692 | INFO     | __main__:ping_device:72 - WIKIPEDIA: status=1, sent=3, recv=3, rtt_avg=143 ms
2025-07-07 12:58:25.883 | INFO     | __main__:ping_device:72 - GITHUB: status=1, sent=4, recv=4, rtt_avg=155 ms
2025-07-07 12:58:25.904 | INFO     | __main__:ping_device:72 - GOOGLE: status=1, sent=4, recv=4, rtt_avg=161 ms
2025-07-07 12:58:28.953 | INFO     | __main__:ping_device:72 - SAMSUNG_S22: status=0, sent=4, recv=0, rtt_avg=None ms
2025-07-07 12:58:28.979 | INFO     | __main__:monitor_loop:126 - Persistidos 6 resultados de monitoramento.
2025-07-07 12:58:28.980 | INFO     | __main__:monitor_loop:134 - Tempo de execução do loop: 3723.840 ms
==================================================
2025-07-07 12:58:55.269 | INFO     | __main__:ping_device:72 - FER_24G: status=1, sent=4, recv=4, rtt_avg=2 ms
2025-07-07 12:58:55.321 | INFO     | __main__:ping_device:72 - CLOUDFLARE: status=1, sent=2, recv=2, rtt_avg=30 ms
2025-07-07 12:58:55.885 | INFO     | __main__:ping_device:72 - GITHUB: status=1, sent=4, recv=4, rtt_avg=155 ms
2025-07-07 12:58:55.894 | INFO     | __main__:ping_device:72 - GOOGLE: status=1, sent=4, recv=4, rtt_avg=158 ms
2025-07-07 12:58:58.950 | INFO     | __main__:ping_device:72 - SAMSUNG_S22: status=0, sent=4, recv=0, rtt_avg=None ms
2025-07-07 12:58:58.970 | INFO     | __main__:monitor_loop:126 - Persistidos 5 resultados de monitoramento.
2025-07-07 12:58:58.971 | INFO     | __main__:monitor_loop:134 - Tempo de execução do loop: 3713.230 ms
==================================================
2025-07-07 12:59:25.277 | INFO     | __main__:ping_device:72 - FER_24G: status=1, sent=4, recv=4, rtt_avg=2 ms
2025-07-07 12:59:25.459 | INFO     | __main__:ping_device:72 - FACEBOOK: status=1, sent=4, recv=4, rtt_avg=49 ms
2025-07-07 12:59:25.691 | INFO     | __main__:ping_device:72 - WIKIPEDIA: status=1, sent=3, recv=3, rtt_avg=141 ms
2025-07-07 12:59:25.875 | INFO     | __main__:ping_device:72 - GITHUB: status=1, sent=4, recv=4, rtt_avg=152 ms
2025-07-07 12:59:25.900 | INFO     | __main__:ping_device:72 - GOOGLE: status=1, sent=4, recv=4, rtt_avg=159 ms
2025-07-07 12:59:28.952 | INFO     | __main__:ping_device:72 - SAMSUNG_S22: status=0, sent=4, recv=0, rtt_avg=None ms
2025-07-07 12:59:28.968 | INFO     | __main__:monitor_loop:126 - Persistidos 6 resultados de monitoramento.
2025-07-07 12:59:28.969 | INFO     | __main__:monitor_loop:134 - Tempo de execução do loop: 3710.636 ms
==================================================
2025-07-07 12:59:55.275 | INFO     | __main__:ping_device:72 - FER_24G: status=1, sent=4, recv=4, rtt_avg=3 ms
2025-07-07 12:59:55.867 | INFO     | __main__:ping_device:72 - GITHUB: status=1, sent=4, recv=4, rtt_avg=151 ms
2025-07-07 12:59:55.899 | INFO     | __main__:ping_device:72 - GOOGLE: status=1, sent=4, recv=4, rtt_avg=159 ms
2025-07-07 12:59:58.958 | INFO     | __main__:ping_device:72 - SAMSUNG_S22: status=0, sent=4, recv=0, rtt_avg=None ms
2025-07-07 12:59:58.977 | INFO     | __main__:monitor_loop:126 - Persistidos 4 resultados de monitoramento.
2025-07-07 12:59:58.977 | INFO     | __main__:monitor_loop:134 - Tempo de execução do loop: 3718.069 ms
==================================================
2025-07-07 13:00:25.275 | INFO     | __main__:ping_device:72 - FER_24G: status=1, sent=4, recv=4, rtt_avg=2 ms
2025-07-07 13:00:25.320 | INFO     | __main__:ping_device:72 - CLOUDFLARE: status=1, sent=2, recv=2, rtt_avg=28 ms
2025-07-07 13:00:25.451 | INFO     | __main__:ping_device:72 - FACEBOOK: status=1, sent=4, recv=4, rtt_avg=47 ms
2025-07-07 13:00:25.700 | INFO     | __main__:ping_device:72 - WIKIPEDIA: status=1, sent=3, recv=3, rtt_avg=145 ms
2025-07-07 13:00:25.878 | INFO     | __main__:ping_device:72 - GITHUB: status=1, sent=4, recv=4, rtt_avg=153 ms
2025-07-07 13:00:25.908 | INFO     | __main__:ping_device:72 - GOOGLE: status=1, sent=4, recv=4, rtt_avg=161 ms
2025-07-07 13:00:28.960 | INFO     | __main__:ping_device:72 - SAMSUNG_S22: status=0, sent=4, recv=0, rtt_avg=None ms
2025-07-07 13:00:28.993 | INFO     | __main__:monitor_loop:126 - Persistidos 7 resultados de monitoramento.
2025-07-07 13:00:28.994 | INFO     | __main__:monitor_loop:134 - Tempo de execução do loop: 3734.470 ms
==================================================
2025-07-07 13:00:55.272 | INFO     | __main__:ping_device:72 - FER_24G: status=1, sent=4, recv=4, rtt_avg=2 ms
2025-07-07 13:00:55.863 | INFO     | __main__:ping_device:72 - GITHUB: status=1, sent=4, recv=4, rtt_avg=149 ms
2025-07-07 13:00:55.892 | INFO     | __main__:ping_device:72 - GOOGLE: status=1, sent=4, recv=4, rtt_avg=157 ms
2025-07-07 13:00:58.953 | INFO     | __main__:ping_device:72 - SAMSUNG_S22: status=0, sent=4, recv=0, rtt_avg=None ms
2025-07-07 13:00:58.981 | INFO     | __main__:monitor_loop:126 - Persistidos 4 resultados de monitoramento.
2025-07-07 13:00:58.982 | INFO     | __main__:monitor_loop:134 - Tempo de execução do loop: 3720.601 ms
==================================================
2025-07-07 13:01:25.270 | INFO     | __main__:ping_device:72 - FER_24G: status=1, sent=4, recv=4, rtt_avg=1 ms
2025-07-07 13:01:25.442 | INFO     | __main__:ping_device:72 - FACEBOOK: status=1, sent=4, recv=4, rtt_avg=44 ms
2025-07-07 13:01:25.687 | INFO     | __main__:ping_device:72 - WIKIPEDIA: status=1, sent=3, recv=3, rtt_avg=140 ms
2025-07-07 13:01:25.867 | INFO     | __main__:ping_device:72 - GITHUB: status=1, sent=4, recv=4, rtt_avg=150 ms
2025-07-07 13:01:25.897 | INFO     | __main__:ping_device:72 - GOOGLE: status=1, sent=4, recv=4, rtt_avg=157 ms
2025-07-07 13:01:28.971 | INFO     | __main__:ping_device:72 - SAMSUNG_S22: status=0, sent=4, recv=0, rtt_avg=None ms
2025-07-07 13:01:28.996 | INFO     | __main__:monitor_loop:126 - Persistidos 6 resultados de monitoramento.
2025-07-07 13:01:28.997 | INFO     | __main__:monitor_loop:134 - Tempo de execução do loop: 3734.879 ms
==================================================
2025-07-07 13:01:55.272 | INFO     | __main__:ping_device:72 - FER_24G: status=1, sent=4, recv=4, rtt_avg=1 ms
2025-07-07 13:01:55.318 | INFO     | __main__:ping_device:72 - CLOUDFLARE: status=1, sent=2, recv=2, rtt_avg=26 ms
2025-07-07 13:01:55.858 | INFO     | __main__:ping_device:72 - GITHUB: status=1, sent=4, recv=4, rtt_avg=147 ms
2025-07-07 13:01:55.895 | INFO     | __main__:ping_device:72 - GOOGLE: status=1, sent=4, recv=4, rtt_avg=157 ms
2025-07-07 13:01:58.962 | INFO     | __main__:ping_device:72 - SAMSUNG_S22: status=0, sent=4, recv=0, rtt_avg=None ms
2025-07-07 13:01:58.972 | INFO     | __main__:monitor_loop:126 - Persistidos 5 resultados de monitoramento.
2025-07-07 13:01:58.972 | INFO     | __main__:monitor_loop:134 - Tempo de execução do loop: 3709.024 ms
==================================================
2025-07-07 13:02:25.269 | INFO     | __main__:monitor_loop:103 - Dispositivos carregados: 7
==================================================
2025-07-07 13:02:25.285 | INFO     | __main__:ping_device:72 - FER_24G: status=1, sent=4, recv=4, rtt_avg=3 ms
2025-07-07 13:02:25.458 | INFO     | __main__:ping_device:72 - FACEBOOK: status=1, sent=4, recv=4, rtt_avg=46 ms
2025-07-07 13:02:25.703 | INFO     | __main__:ping_device:72 - WIKIPEDIA: status=1, sent=3, recv=3, rtt_avg=142 ms
2025-07-07 13:02:25.874 | INFO     | __main__:ping_device:72 - GITHUB: status=1, sent=4, recv=4, rtt_avg=150 ms
2025-07-07 13:02:25.907 | INFO     | __main__:ping_device:72 - GOOGLE: status=1, sent=4, recv=4, rtt_avg=158 ms
2025-07-07 13:02:28.952 | INFO     | __main__:ping_device:72 - SAMSUNG_S22: status=0, sent=4, recv=0, rtt_avg=None ms
2025-07-07 13:02:28.968 | INFO     | __main__:monitor_loop:126 - Persistidos 6 resultados de monitoramento.
2025-07-07 13:02:28.968 | INFO     | __main__:monitor_loop:134 - Tempo de execução do loop: 3703.839 ms
==================================================
2025-07-07 13:02:55.289 | INFO     | __main__:ping_device:72 - FER_24G: status=1, sent=4, recv=4, rtt_avg=3 ms
2025-07-07 13:02:55.868 | INFO     | __main__:ping_device:72 - GITHUB: status=1, sent=4, recv=4, rtt_avg=149 ms
2025-07-07 13:02:55.897 | INFO     | __main__:ping_device:72 - GOOGLE: status=1, sent=4, recv=4, rtt_avg=156 ms
2025-07-07 13:02:58.969 | INFO     | __main__:ping_device:72 - SAMSUNG_S22: status=0, sent=4, recv=0, rtt_avg=None ms
2025-07-07 13:02:58.988 | INFO     | __main__:monitor_loop:126 - Persistidos 4 resultados de monitoramento.
2025-07-07 13:02:58.989 | INFO     | __main__:monitor_loop:134 - Tempo de execução do loop: 3723.975 ms
==================================================
2025-07-07 13:03:25.276 | INFO     | __main__:ping_device:72 - FER_24G: status=1, sent=4, recv=4, rtt_avg=1 ms
2025-07-07 13:03:25.331 | INFO     | __main__:ping_device:72 - CLOUDFLARE: status=1, sent=2, recv=2, rtt_avg=31 ms
2025-07-07 13:03:25.456 | INFO     | __main__:ping_device:72 - FACEBOOK: status=1, sent=4, recv=4, rtt_avg=47 ms
2025-07-07 13:03:25.698 | INFO     | __main__:ping_device:72 - WIKIPEDIA: status=1, sent=3, recv=3, rtt_avg=142 ms
2025-07-07 13:03:25.874 | INFO     | __main__:ping_device:72 - GITHUB: status=1, sent=4, recv=4, rtt_avg=151 ms
2025-07-07 13:03:25.901 | INFO     | __main__:ping_device:72 - GOOGLE: status=1, sent=4, recv=4, rtt_avg=158 ms
2025-07-07 13:03:28.947 | INFO     | __main__:ping_device:72 - SAMSUNG_S22: status=0, sent=4, recv=0, rtt_avg=None ms
2025-07-07 13:03:28.977 | INFO     | __main__:monitor_loop:126 - Persistidos 7 resultados de monitoramento.
2025-07-07 13:03:28.977 | INFO     | __main__:monitor_loop:134 - Tempo de execução do loop: 3711.770 ms
==================================================
2025-07-07 13:03:55.281 | INFO     | __main__:ping_device:72 - FER_24G: status=1, sent=4, recv=4, rtt_avg=1 ms
2025-07-07 13:03:55.862 | INFO     | __main__:ping_device:72 - GITHUB: status=1, sent=4, recv=4, rtt_avg=147 ms
2025-07-07 13:03:55.908 | INFO     | __main__:ping_device:72 - GOOGLE: status=1, sent=4, recv=4, rtt_avg=159 ms
2025-07-07 13:03:58.951 | INFO     | __main__:ping_device:72 - SAMSUNG_S22: status=0, sent=4, recv=0, rtt_avg=None ms
2025-07-07 13:03:58.961 | INFO     | __main__:monitor_loop:126 - Persistidos 4 resultados de monitoramento.
2025-07-07 13:03:58.961 | INFO     | __main__:monitor_loop:134 - Tempo de execução do loop: 3694.729 ms
==================================================
2025-07-07 13:04:25.288 | INFO     | __main__:ping_device:72 - FER_24G: status=1, sent=4, recv=4, rtt_avg=2 ms
2025-07-07 13:04:25.456 | INFO     | __main__:ping_device:72 - FACEBOOK: status=1, sent=4, recv=4, rtt_avg=45 ms
2025-07-07 13:04:25.699 | INFO     | __main__:ping_device:72 - WIKIPEDIA: status=1, sent=3, recv=3, rtt_avg=140 ms
2025-07-07 13:04:25.867 | INFO     | __main__:ping_device:72 - GITHUB: status=1, sent=4, recv=4, rtt_avg=147 ms
2025-07-07 13:04:25.897 | INFO     | __main__:ping_device:72 - GOOGLE: status=1, sent=4, recv=4, rtt_avg=156 ms
2025-07-07 13:04:28.947 | INFO     | __main__:ping_device:72 - SAMSUNG_S22: status=0, sent=4, recv=0, rtt_avg=None ms
2025-07-07 13:04:28.977 | INFO     | __main__:monitor_loop:126 - Persistidos 6 resultados de monitoramento.
2025-07-07 13:04:28.978 | INFO     | __main__:monitor_loop:134 - Tempo de execução do loop: 3710.966 ms
==================================================
2025-07-07 13:04:55.286 | INFO     | __main__:ping_device:72 - FER_24G: status=1, sent=4, recv=4, rtt_avg=1 ms
2025-07-07 13:04:55.330 | INFO     | __main__:ping_device:72 - CLOUDFLARE: status=1, sent=2, recv=2, rtt_avg=28 ms
2025-07-07 13:04:55.875 | INFO     | __main__:ping_device:72 - GITHUB: status=1, sent=4, recv=4, rtt_avg=149 ms
2025-07-07 13:04:55.904 | INFO     | __main__:ping_device:72 - GOOGLE: status=1, sent=4, recv=4, rtt_avg=157 ms
2025-07-07 13:04:58.964 | INFO     | __main__:ping_device:72 - SAMSUNG_S22: status=0, sent=4, recv=0, rtt_avg=None ms
2025-07-07 13:04:58.971 | INFO     | __main__:monitor_loop:126 - Persistidos 5 resultados de monitoramento.
2025-07-07 13:04:58.971 | INFO     | __main__:monitor_loop:134 - Tempo de execução do loop: 3702.737 ms
==================================================
2025-07-07 13:05:25.284 | INFO     | __main__:ping_device:72 - FER_24G: status=1, sent=4, recv=4, rtt_avg=2 ms
2025-07-07 13:05:25.451 | INFO     | __main__:ping_device:72 - FACEBOOK: status=1, sent=4, recv=4, rtt_avg=44 ms
2025-07-07 13:05:25.691 | INFO     | __main__:ping_device:72 - WIKIPEDIA: status=1, sent=3, recv=3, rtt_avg=139 ms
2025-07-07 13:05:25.863 | INFO     | __main__:ping_device:72 - GITHUB: status=1, sent=4, recv=4, rtt_avg=147 ms
2025-07-07 13:05:25.906 | INFO     | __main__:ping_device:72 - GOOGLE: status=1, sent=4, recv=4, rtt_avg=158 ms
2025-07-07 13:05:28.955 | INFO     | __main__:ping_device:72 - SAMSUNG_S22: status=0, sent=4, recv=0, rtt_avg=None ms
2025-07-07 13:05:28.971 | INFO     | __main__:monitor_loop:126 - Persistidos 6 resultados de monitoramento.
2025-07-07 13:05:28.971 | INFO     | __main__:monitor_loop:134 - Tempo de execução do loop: 3701.733 ms
==================================================
2025-07-07 13:05:55.310 | INFO     | __main__:ping_device:72 - FER_24G: status=1, sent=4, recv=4, rtt_avg=7 ms
2025-07-07 13:05:55.875 | INFO     | __main__:ping_device:72 - GITHUB: status=1, sent=4, recv=4, rtt_avg=149 ms
2025-07-07 13:05:55.912 | INFO     | __main__:ping_device:72 - GOOGLE: status=1, sent=4, recv=4, rtt_avg=159 ms
2025-07-07 13:05:58.948 | INFO     | __main__:ping_device:72 - SAMSUNG_S22: status=0, sent=4, recv=0, rtt_avg=None ms
2025-07-07 13:05:58.967 | INFO     | __main__:monitor_loop:126 - Persistidos 4 resultados de monitoramento.
2025-07-07 13:05:58.967 | INFO     | __main__:monitor_loop:134 - Tempo de execução do loop: 3696.804 ms
==================================================
2025-07-07 13:06:25.302 | INFO     | __main__:ping_device:72 - FER_24G: status=1, sent=4, recv=4, rtt_avg=4 ms
2025-07-07 13:06:25.345 | INFO     | __main__:ping_device:72 - CLOUDFLARE: status=1, sent=2, recv=2, rtt_avg=33 ms
2025-07-07 13:06:25.478 | INFO     | __main__:ping_device:72 - FACEBOOK: status=1, sent=4, recv=4, rtt_avg=50 ms
2025-07-07 13:06:25.708 | INFO     | __main__:ping_device:72 - WIKIPEDIA: status=1, sent=3, recv=3, rtt_avg=141 ms
2025-07-07 13:06:25.894 | INFO     | __main__:ping_device:72 - GITHUB: status=1, sent=4, recv=4, rtt_avg=153 ms
2025-07-07 13:06:25.917 | INFO     | __main__:ping_device:72 - GOOGLE: status=1, sent=4, recv=4, rtt_avg=160 ms
2025-07-07 13:06:28.947 | INFO     | __main__:ping_device:72 - SAMSUNG_S22: status=0, sent=4, recv=0, rtt_avg=None ms
2025-07-07 13:06:28.980 | INFO     | __main__:monitor_loop:126 - Persistidos 7 resultados de monitoramento.
2025-07-07 13:06:28.981 | INFO     | __main__:monitor_loop:134 - Tempo de execução do loop: 3710.200 ms
==================================================
2025-07-07 13:06:55.297 | INFO     | __main__:ping_device:72 - FER_24G: status=1, sent=4, recv=4, rtt_avg=4 ms
2025-07-07 13:06:55.873 | INFO     | __main__:ping_device:72 - GITHUB: status=1, sent=4, recv=4, rtt_avg=148 ms
2025-07-07 13:06:55.927 | INFO     | __main__:ping_device:72 - GOOGLE: status=1, sent=4, recv=4, rtt_avg=162 ms
2025-07-07 13:06:58.949 | INFO     | __main__:ping_device:72 - SAMSUNG_S22: status=0, sent=4, recv=0, rtt_avg=None ms
2025-07-07 13:06:58.971 | INFO     | __main__:monitor_loop:126 - Persistidos 4 resultados de monitoramento.
2025-07-07 13:06:58.972 | INFO     | __main__:monitor_loop:134 - Tempo de execução do loop: 3699.686 ms
==================================================
2025-07-07 13:07:25.278 | INFO     | __main__:monitor_loop:103 - Dispositivos carregados: 7
==================================================
2025-07-07 13:07:25.291 | INFO     | __main__:ping_device:72 - FER_24G: status=1, sent=4, recv=4, rtt_avg=2 ms
2025-07-07 13:07:25.477 | INFO     | __main__:ping_device:72 - FACEBOOK: status=1, sent=4, recv=4, rtt_avg=48 ms
2025-07-07 13:07:25.709 | INFO     | __main__:ping_device:72 - WIKIPEDIA: status=1, sent=3, recv=3, rtt_avg=142 ms
2025-07-07 13:07:25.880 | INFO     | __main__:ping_device:72 - GITHUB: status=1, sent=4, recv=4, rtt_avg=149 ms
2025-07-07 13:07:25.906 | INFO     | __main__:ping_device:72 - GOOGLE: status=1, sent=4, recv=4, rtt_avg=156 ms
2025-07-07 13:07:28.949 | INFO     | __main__:ping_device:72 - SAMSUNG_S22: status=0, sent=4, recv=0, rtt_avg=None ms
2025-07-07 13:07:28.965 | INFO     | __main__:monitor_loop:126 - Persistidos 6 resultados de monitoramento.
2025-07-07 13:07:28.965 | INFO     | __main__:monitor_loop:134 - Tempo de execução do loop: 3691.646 ms
==================================================
2025-07-07 13:07:55.301 | INFO     | __main__:ping_device:72 - FER_24G: status=1, sent=4, recv=4, rtt_avg=3 ms
2025-07-07 13:07:55.340 | INFO     | __main__:ping_device:72 - CLOUDFLARE: status=1, sent=2, recv=2, rtt_avg=30 ms
2025-07-07 13:07:55.876 | INFO     | __main__:ping_device:72 - GITHUB: status=1, sent=4, recv=4, rtt_avg=148 ms
2025-07-07 13:07:55.906 | INFO     | __main__:ping_device:72 - GOOGLE: status=1, sent=4, recv=4, rtt_avg=156 ms
2025-07-07 13:07:58.963 | INFO     | __main__:ping_device:72 - SAMSUNG_S22: status=0, sent=4, recv=0, rtt_avg=None ms
2025-07-07 13:07:58.975 | INFO     | __main__:monitor_loop:126 - Persistidos 5 resultados de monitoramento.
2025-07-07 13:07:58.976 | INFO     | __main__:monitor_loop:134 - Tempo de execução do loop: 3701.423 ms
==================================================
2025-07-07 13:08:25.303 | INFO     | __main__:ping_device:72 - FER_24G: status=1, sent=4, recv=4, rtt_avg=3 ms
2025-07-07 13:08:25.490 | INFO     | __main__:ping_device:72 - FACEBOOK: status=1, sent=4, recv=4, rtt_avg=52 ms
2025-07-07 13:08:25.709 | INFO     | __main__:ping_device:72 - WIKIPEDIA: status=1, sent=3, recv=3, rtt_avg=141 ms
2025-07-07 13:08:25.885 | INFO     | __main__:ping_device:72 - GITHUB: status=1, sent=4, recv=4, rtt_avg=150 ms
2025-07-07 13:08:25.930 | INFO     | __main__:ping_device:72 - GOOGLE: status=1, sent=4, recv=4, rtt_avg=162 ms
2025-07-07 13:08:28.954 | INFO     | __main__:ping_device:72 - SAMSUNG_S22: status=0, sent=4, recv=0, rtt_avg=None ms
2025-07-07 13:08:28.970 | INFO     | __main__:monitor_loop:126 - Persistidos 6 resultados de monitoramento.
2025-07-07 13:08:28.970 | INFO     | __main__:monitor_loop:134 - Tempo de execução do loop: 3694.391 ms
==================================================
2025-07-07 13:08:55.294 | INFO     | __main__:ping_device:72 - FER_24G: status=1, sent=4, recv=4, rtt_avg=2 ms
2025-07-07 13:08:55.885 | INFO     | __main__:ping_device:72 - GITHUB: status=1, sent=4, recv=4, rtt_avg=150 ms
2025-07-07 13:08:55.907 | INFO     | __main__:ping_device:72 - GOOGLE: status=1, sent=4, recv=4, rtt_avg=156 ms
2025-07-07 13:08:58.949 | INFO     | __main__:ping_device:72 - SAMSUNG_S22: status=0, sent=4, recv=0, rtt_avg=None ms
2025-07-07 13:08:58.966 | INFO     | __main__:monitor_loop:126 - Persistidos 4 resultados de monitoramento.
2025-07-07 13:08:58.966 | INFO     | __main__:monitor_loop:134 - Tempo de execução do loop: 3689.954 ms
==================================================
2025-07-07 13:09:25.290 | INFO     | __main__:ping_device:72 - FER_24G: status=1, sent=4, recv=4, rtt_avg=1 ms
2025-07-07 13:09:25.375 | INFO     | __main__:ping_device:72 - CLOUDFLARE: status=1, sent=2, recv=2, rtt_avg=47 ms
2025-07-07 13:09:25.499 | INFO     | __main__:ping_device:72 - FACEBOOK: status=1, sent=4, recv=4, rtt_avg=54 ms
2025-07-07 13:09:25.728 | INFO     | __main__:ping_device:72 - WIKIPEDIA: status=1, sent=3, recv=3, rtt_avg=148 ms
2025-07-07 13:09:25.916 | INFO     | __main__:ping_device:72 - GITHUB: status=1, sent=4, recv=4, rtt_avg=158 ms
2025-07-07 13:09:25.924 | INFO     | __main__:ping_device:72 - GOOGLE: status=1, sent=4, recv=4, rtt_avg=160 ms
2025-07-07 13:09:28.963 | INFO     | __main__:ping_device:72 - SAMSUNG_S22: status=0, sent=4, recv=0, rtt_avg=None ms
2025-07-07 13:09:28.984 | INFO     | __main__:monitor_loop:126 - Persistidos 7 resultados de monitoramento.
2025-07-07 13:09:28.984 | INFO     | __main__:monitor_loop:134 - Tempo de execução do loop: 3706.339 ms
==================================================
2025-07-07 13:09:55.304 | INFO     | __main__:ping_device:72 - FER_24G: status=1, sent=4, recv=4, rtt_avg=4 ms
2025-07-07 13:09:55.905 | INFO     | __main__:ping_device:72 - GITHUB: status=1, sent=4, recv=4, rtt_avg=155 ms
2025-07-07 13:09:55.934 | INFO     | __main__:ping_device:72 - GOOGLE: status=1, sent=4, recv=4, rtt_avg=163 ms
2025-07-07 13:09:58.958 | INFO     | __main__:ping_device:72 - SAMSUNG_S22: status=0, sent=4, recv=0, rtt_avg=None ms
2025-07-07 13:09:58.989 | INFO     | __main__:monitor_loop:126 - Persistidos 4 resultados de monitoramento.
2025-07-07 13:09:58.989 | INFO     | __main__:monitor_loop:134 - Tempo de execução do loop: 3711.370 ms
==================================================
2025-07-07 13:10:25.287 | INFO     | __main__:ping_device:72 - FER_24G: status=1, sent=4, recv=4, rtt_avg=1 ms
2025-07-07 13:10:25.459 | INFO     | __main__:ping_device:72 - FACEBOOK: status=1, sent=4, recv=4, rtt_avg=44 ms
2025-07-07 13:10:25.710 | INFO     | __main__:ping_device:72 - WIKIPEDIA: status=1, sent=3, recv=3, rtt_avg=142 ms
2025-07-07 13:10:25.871 | INFO     | __main__:ping_device:72 - GITHUB: status=1, sent=4, recv=4, rtt_avg=146 ms
2025-07-07 13:10:25.912 | INFO     | __main__:ping_device:72 - GOOGLE: status=1, sent=4, recv=4, rtt_avg=157 ms
2025-07-07 13:10:28.960 | INFO     | __main__:ping_device:72 - SAMSUNG_S22: status=0, sent=4, recv=0, rtt_avg=None ms
2025-07-07 13:10:28.992 | INFO     | __main__:monitor_loop:126 - Persistidos 6 resultados de monitoramento.
2025-07-07 13:10:28.993 | INFO     | __main__:monitor_loop:134 - Tempo de execução do loop: 3713.610 ms
==================================================
2025-07-07 13:10:55.300 | INFO     | __main__:ping_device:72 - FER_24G: status=1, sent=4, recv=4, rtt_avg=3 ms
2025-07-07 13:10:55.360 | INFO     | __main__:ping_device:72 - CLOUDFLARE: status=1, sent=2, recv=2, rtt_avg=38 ms
2025-07-07 13:10:55.906 | INFO     | __main__:ping_device:72 - GITHUB: status=1, sent=4, recv=4, rtt_avg=155 ms
2025-07-07 13:10:55.938 | INFO     | __main__:ping_device:72 - GOOGLE: status=1, sent=4, recv=4, rtt_avg=163 ms
2025-07-07 13:10:58.950 | INFO     | __main__:ping_device:72 - SAMSUNG_S22: status=0, sent=4, recv=0, rtt_avg=None ms
2025-07-07 13:10:58.982 | INFO     | __main__:monitor_loop:126 - Persistidos 5 resultados de monitoramento.
2025-07-07 13:10:58.983 | INFO     | __main__:monitor_loop:134 - Tempo de execução do loop: 3702.566 ms
==================================================
2025-07-07 13:11:25.306 | INFO     | __main__:ping_device:72 - FER_24G: status=1, sent=4, recv=4, rtt_avg=2 ms
2025-07-07 13:11:25.471 | INFO     | __main__:ping_device:72 - FACEBOOK: status=1, sent=4, recv=4, rtt_avg=45 ms
2025-07-07 13:11:25.716 | INFO     | __main__:ping_device:72 - WIKIPEDIA: status=1, sent=3, recv=3, rtt_avg=141 ms
2025-07-07 13:11:25.887 | INFO     | __main__:ping_device:72 - GITHUB: status=1, sent=4, recv=4, rtt_avg=149 ms
2025-07-07 13:11:25.918 | INFO     | __main__:ping_device:72 - GOOGLE: status=1, sent=4, recv=4, rtt_avg=157 ms
2025-07-07 13:11:28.955 | INFO     | __main__:ping_device:72 - SAMSUNG_S22: status=0, sent=4, recv=0, rtt_avg=None ms
2025-07-07 13:11:28.988 | INFO     | __main__:monitor_loop:126 - Persistidos 6 resultados de monitoramento.
2025-07-07 13:11:28.989 | INFO     | __main__:monitor_loop:134 - Tempo de execução do loop: 3706.609 ms
==================================================
2025-07-07 13:11:55.307 | INFO     | __main__:ping_device:72 - FER_24G: status=1, sent=4, recv=4, rtt_avg=3 ms
2025-07-07 13:11:55.888 | INFO     | __main__:ping_device:72 - GITHUB: status=1, sent=4, recv=4, rtt_avg=149 ms
2025-07-07 13:11:55.913 | INFO     | __main__:ping_device:72 - GOOGLE: status=1, sent=4, recv=4, rtt_avg=156 ms
2025-07-07 13:11:58.954 | INFO     | __main__:ping_device:72 - SAMSUNG_S22: status=0, sent=4, recv=0, rtt_avg=None ms
2025-07-07 13:11:58.973 | INFO     | __main__:monitor_loop:126 - Persistidos 4 resultados de monitoramento.
2025-07-07 13:11:58.973 | INFO     | __main__:monitor_loop:134 - Tempo de execução do loop: 3689.954 ms
==================================================
2025-07-07 13:12:25.296 | INFO     | __main__:monitor_loop:103 - Dispositivos carregados: 7
==================================================
2025-07-07 13:12:25.313 | INFO     | __main__:ping_device:72 - FER_24G: status=1, sent=4, recv=4, rtt_avg=1 ms
2025-07-07 13:12:25.385 | INFO     | __main__:ping_device:72 - CLOUDFLARE: status=1, sent=2, recv=2, rtt_avg=40 ms
2025-07-07 13:12:25.558 | INFO     | __main__:ping_device:72 - FACEBOOK: status=1, sent=4, recv=4, rtt_avg=63 ms
2025-07-07 13:12:25.745 | INFO     | __main__:ping_device:72 - WIKIPEDIA: status=1, sent=3, recv=3, rtt_avg=146 ms
2025-07-07 13:12:25.952 | INFO     | __main__:ping_device:72 - GITHUB: status=1, sent=4, recv=4, rtt_avg=161 ms
2025-07-07 13:12:25.981 | INFO     | __main__:ping_device:72 - GOOGLE: status=1, sent=4, recv=4, rtt_avg=169 ms
2025-07-07 13:12:28.947 | INFO     | __main__:ping_device:72 - SAMSUNG_S22: status=0, sent=4, recv=0, rtt_avg=None ms
2025-07-07 13:12:28.963 | INFO     | __main__:monitor_loop:126 - Persistidos 7 resultados de monitoramento.
2025-07-07 13:12:28.963 | INFO     | __main__:monitor_loop:134 - Tempo de execução do loop: 3679.168 ms
==================================================
2025-07-07 13:12:55.302 | INFO     | __main__:ping_device:72 - FER_24G: status=1, sent=4, recv=4, rtt_avg=2 ms
2025-07-07 13:12:55.885 | INFO     | __main__:ping_device:72 - GITHUB: status=1, sent=4, recv=4, rtt_avg=148 ms
2025-07-07 13:12:55.926 | INFO     | __main__:ping_device:72 - GOOGLE: status=1, sent=4, recv=4, rtt_avg=159 ms
2025-07-07 13:12:58.950 | INFO     | __main__:ping_device:72 - SAMSUNG_S22: status=0, sent=4, recv=0, rtt_avg=None ms
2025-07-07 13:12:58.980 | INFO     | __main__:monitor_loop:126 - Persistidos 4 resultados de monitoramento.
2025-07-07 13:12:58.981 | INFO     | __main__:monitor_loop:134 - Tempo de execução do loop: 3695.936 ms
==================================================
2025-07-07 13:13:25.309 | INFO     | __main__:ping_device:72 - FER_24G: status=1, sent=4, recv=4, rtt_avg=2 ms
2025-07-07 13:13:25.482 | INFO     | __main__:ping_device:72 - FACEBOOK: status=1, sent=4, recv=4, rtt_avg=47 ms
2025-07-07 13:13:25.735 | INFO     | __main__:ping_device:72 - WIKIPEDIA: status=1, sent=3, recv=3, rtt_avg=146 ms
2025-07-07 13:13:25.889 | INFO     | __main__:ping_device:72 - GITHUB: status=1, sent=4, recv=4, rtt_avg=148 ms
2025-07-07 13:13:25.921 | INFO     | __main__:ping_device:72 - GOOGLE: status=1, sent=4, recv=4, rtt_avg=157 ms
2025-07-07 13:13:28.958 | INFO     | __main__:ping_device:72 - SAMSUNG_S22: status=0, sent=4, recv=0, rtt_avg=None ms
2025-07-07 13:13:28.989 | INFO     | __main__:monitor_loop:126 - Persistidos 6 resultados de monitoramento.
2025-07-07 13:13:28.990 | INFO     | __main__:monitor_loop:134 - Tempo de execução do loop: 3704.206 ms
==================================================
2025-07-07 13:13:55.307 | INFO     | __main__:ping_device:72 - FER_24G: status=1, sent=4, recv=4, rtt_avg=2 ms
2025-07-07 13:13:55.353 | INFO     | __main__:ping_device:72 - CLOUDFLARE: status=1, sent=2, recv=2, rtt_avg=30 ms
2025-07-07 13:13:55.900 | INFO     | __main__:ping_device:72 - GITHUB: status=1, sent=4, recv=4, rtt_avg=151 ms
2025-07-07 13:13:55.924 | INFO     | __main__:ping_device:72 - GOOGLE: status=1, sent=4, recv=4, rtt_avg=158 ms
2025-07-07 13:13:58.952 | INFO     | __main__:ping_device:72 - SAMSUNG_S22: status=0, sent=4, recv=0, rtt_avg=None ms
2025-07-07 13:13:58.974 | INFO     | __main__:monitor_loop:126 - Persistidos 5 resultados de monitoramento.
2025-07-07 13:13:58.974 | INFO     | __main__:monitor_loop:134 - Tempo de execução do loop: 3687.125 ms
==================================================
2025-07-07 13:14:25.298 | INFO     | __main__:ping_device:72 - FER_24G: status=1, sent=4, recv=4, rtt_avg=2 ms
2025-07-07 13:14:25.473 | INFO     | __main__:ping_device:72 - FACEBOOK: status=1, sent=4, recv=4, rtt_avg=46 ms
2025-07-07 13:14:25.724 | INFO     | __main__:ping_device:72 - WIKIPEDIA: status=1, sent=3, recv=3, rtt_avg=144 ms
2025-07-07 13:14:25.899 | INFO     | __main__:ping_device:72 - GITHUB: status=1, sent=4, recv=4, rtt_avg=152 ms
2025-07-07 13:14:25.925 | INFO     | __main__:ping_device:72 - GOOGLE: status=1, sent=4, recv=4, rtt_avg=159 ms
2025-07-07 13:14:28.959 | INFO     | __main__:ping_device:72 - SAMSUNG_S22: status=0, sent=4, recv=0, rtt_avg=None ms
2025-07-07 13:14:28.979 | INFO     | __main__:monitor_loop:126 - Persistidos 6 resultados de monitoramento.
2025-07-07 13:14:28.979 | INFO     | __main__:monitor_loop:134 - Tempo de execução do loop: 3691.850 ms
==================================================
2025-07-07 13:14:55.305 | INFO     | __main__:ping_device:72 - FER_24G: status=1, sent=4, recv=4, rtt_avg=2 ms
2025-07-07 13:14:55.895 | INFO     | __main__:ping_device:72 - GITHUB: status=1, sent=4, recv=4, rtt_avg=150 ms
2025-07-07 13:14:55.925 | INFO     | __main__:ping_device:72 - GOOGLE: status=1, sent=4, recv=4, rtt_avg=158 ms
2025-07-07 13:14:58.950 | INFO     | __main__:ping_device:72 - SAMSUNG_S22: status=0, sent=4, recv=0, rtt_avg=None ms
2025-07-07 13:14:58.982 | INFO     | __main__:monitor_loop:126 - Persistidos 4 resultados de monitoramento.
2025-07-07 13:14:58.983 | INFO     | __main__:monitor_loop:134 - Tempo de execução do loop: 3695.007 ms
==================================================
2025-07-07 13:15:25.313 | INFO     | __main__:ping_device:72 - FER_24G: status=1, sent=4, recv=4, rtt_avg=2 ms
2025-07-07 13:15:25.356 | INFO     | __main__:ping_device:72 - CLOUDFLARE: status=1, sent=2, recv=2, rtt_avg=30 ms
2025-07-07 13:15:25.478 | INFO     | __main__:ping_device:72 - FACEBOOK: status=1, sent=4, recv=4, rtt_avg=45 ms
2025-07-07 13:15:25.722 | INFO     | __main__:ping_device:72 - WIKIPEDIA: status=1, sent=3, recv=3, rtt_avg=140 ms
2025-07-07 13:15:25.893 | INFO     | __main__:ping_device:72 - GITHUB: status=1, sent=4, recv=4, rtt_avg=148 ms
2025-07-07 13:15:25.924 | INFO     | __main__:ping_device:72 - GOOGLE: status=1, sent=4, recv=4, rtt_avg=157 ms
2025-07-07 13:15:28.957 | INFO     | __main__:ping_device:72 - SAMSUNG_S22: status=0, sent=4, recv=0, rtt_avg=None ms
2025-07-07 13:15:28.987 | INFO     | __main__:monitor_loop:126 - Persistidos 7 resultados de monitoramento.
2025-07-07 13:15:28.988 | INFO     | __main__:monitor_loop:134 - Tempo de execução do loop: 3698.957 ms
==================================================
2025-07-07 13:15:55.310 | INFO     | __main__:ping_device:72 - FER_24G: status=1, sent=4, recv=4, rtt_avg=2 ms
2025-07-07 13:15:55.914 | INFO     | __main__:ping_device:72 - GITHUB: status=1, sent=4, recv=4, rtt_avg=154 ms
2025-07-07 13:15:55.923 | INFO     | __main__:ping_device:72 - GOOGLE: status=1, sent=4, recv=4, rtt_avg=156 ms
2025-07-07 13:15:58.971 | INFO     | __main__:ping_device:72 - SAMSUNG_S22: status=0, sent=4, recv=0, rtt_avg=None ms
2025-07-07 13:15:59.003 | INFO     | __main__:monitor_loop:126 - Persistidos 4 resultados de monitoramento.
2025-07-07 13:15:59.004 | INFO     | __main__:monitor_loop:134 - Tempo de execução do loop: 3713.645 ms
==================================================
2025-07-07 13:16:25.301 | INFO     | __main__:ping_device:72 - FER_24G: status=1, sent=4, recv=4, rtt_avg=1 ms
2025-07-07 13:16:25.482 | INFO     | __main__:ping_device:72 - FACEBOOK: status=1, sent=4, recv=4, rtt_avg=47 ms
2025-07-07 13:16:25.719 | INFO     | __main__:ping_device:72 - WIKIPEDIA: status=1, sent=3, recv=3, rtt_avg=141 ms
2025-07-07 13:16:25.892 | INFO     | __main__:ping_device:72 - GITHUB: status=1, sent=4, recv=4, rtt_avg=149 ms
2025-07-07 13:16:25.930 | INFO     | __main__:ping_device:72 - GOOGLE: status=1, sent=4, recv=4, rtt_avg=159 ms
2025-07-07 13:16:28.961 | INFO     | __main__:ping_device:72 - SAMSUNG_S22: status=0, sent=4, recv=0, rtt_avg=None ms
2025-07-07 13:16:28.994 | INFO     | __main__:monitor_loop:126 - Persistidos 6 resultados de monitoramento.
2025-07-07 13:16:28.995 | INFO     | __main__:monitor_loop:134 - Tempo de execução do loop: 3704.197 ms
==================================================
2025-07-07 13:16:55.303 | INFO     | __main__:ping_device:72 - FER_24G: status=1, sent=4, recv=4, rtt_avg=1 ms
2025-07-07 13:16:55.355 | INFO     | __main__:ping_device:72 - CLOUDFLARE: status=1, sent=2, recv=2, rtt_avg=30 ms
2025-07-07 13:16:55.897 | INFO     | __main__:ping_device:72 - GITHUB: status=1, sent=4, recv=4, rtt_avg=149 ms
2025-07-07 13:16:55.921 | INFO     | __main__:ping_device:72 - GOOGLE: status=1, sent=4, recv=4, rtt_avg=156 ms
2025-07-07 13:16:58.960 | INFO     | __main__:ping_device:72 - SAMSUNG_S22: status=0, sent=4, recv=0, rtt_avg=None ms
2025-07-07 13:16:58.980 | INFO     | __main__:monitor_loop:126 - Persistidos 5 resultados de monitoramento.
2025-07-07 13:16:58.981 | INFO     | __main__:monitor_loop:134 - Tempo de execução do loop: 3688.149 ms
==================================================
2025-07-07 13:17:25.300 | INFO     | __main__:monitor_loop:103 - Dispositivos carregados: 7
==================================================
2025-07-07 13:17:25.323 | INFO     | __main__:ping_device:72 - FER_24G: status=1, sent=4, recv=4, rtt_avg=3 ms
2025-07-07 13:17:25.504 | INFO     | __main__:ping_device:72 - FACEBOOK: status=1, sent=4, recv=4, rtt_avg=49 ms
2025-07-07 13:17:25.732 | INFO     | __main__:ping_device:72 - WIKIPEDIA: status=1, sent=3, recv=3, rtt_avg=142 ms
2025-07-07 13:17:25.903 | INFO     | __main__:ping_device:72 - GITHUB: status=1, sent=4, recv=4, rtt_avg=149 ms
2025-07-07 13:17:25.944 | INFO     | __main__:ping_device:72 - GOOGLE: status=1, sent=4, recv=4, rtt_avg=159 ms
2025-07-07 13:17:28.952 | INFO     | __main__:ping_device:72 - SAMSUNG_S22: status=0, sent=4, recv=0, rtt_avg=None ms
2025-07-07 13:17:28.974 | INFO     | __main__:monitor_loop:126 - Persistidos 6 resultados de monitoramento.
2025-07-07 13:17:28.975 | INFO     | __main__:monitor_loop:134 - Tempo de execução do loop: 3681.671 ms
==================================================
2025-07-07 13:17:55.312 | INFO     | __main__:ping_device:72 - FER_24G: status=1, sent=4, recv=4, rtt_avg=4 ms
2025-07-07 13:17:55.909 | INFO     | __main__:ping_device:72 - GITHUB: status=1, sent=4, recv=4, rtt_avg=153 ms
2025-07-07 13:17:55.941 | INFO     | __main__:ping_device:72 - GOOGLE: status=1, sent=4, recv=4, rtt_avg=161 ms
2025-07-07 13:17:58.957 | INFO     | __main__:ping_device:72 - SAMSUNG_S22: status=0, sent=4, recv=0, rtt_avg=None ms
2025-07-07 13:17:58.976 | INFO     | __main__:monitor_loop:126 - Persistidos 4 resultados de monitoramento.
2025-07-07 13:17:58.976 | INFO     | __main__:monitor_loop:134 - Tempo de execução do loop: 3682.431 ms
==================================================
2025-07-07 13:18:25.305 | INFO     | __main__:ping_device:72 - FER_24G: status=1, sent=4, recv=4, rtt_avg=1 ms
2025-07-07 13:18:25.356 | INFO     | __main__:ping_device:72 - CLOUDFLARE: status=1, sent=2, recv=2, rtt_avg=29 ms
2025-07-07 13:18:25.490 | INFO     | __main__:ping_device:72 - FACEBOOK: status=1, sent=4, recv=4, rtt_avg=48 ms
2025-07-07 13:18:25.723 | INFO     | __main__:ping_device:72 - WIKIPEDIA: status=1, sent=3, recv=3, rtt_avg=141 ms
2025-07-07 13:18:25.891 | INFO     | __main__:ping_device:72 - GITHUB: status=1, sent=4, recv=4, rtt_avg=148 ms
2025-07-07 13:18:25.924 | INFO     | __main__:ping_device:72 - GOOGLE: status=1, sent=4, recv=4, rtt_avg=157 ms
2025-07-07 13:18:28.948 | INFO     | __main__:ping_device:72 - SAMSUNG_S22: status=0, sent=4, recv=0, rtt_avg=None ms
2025-07-07 13:18:28.977 | INFO     | __main__:monitor_loop:126 - Persistidos 7 resultados de monitoramento.
2025-07-07 13:18:28.977 | INFO     | __main__:monitor_loop:134 - Tempo de execução do loop: 3683.199 ms
==================================================
2025-07-07 13:18:55.308 | INFO     | __main__:ping_device:72 - FER_24G: status=1, sent=4, recv=4, rtt_avg=2 ms
2025-07-07 13:18:55.895 | INFO     | __main__:ping_device:72 - GITHUB: status=1, sent=4, recv=4, rtt_avg=149 ms
2025-07-07 13:18:55.926 | INFO     | __main__:ping_device:72 - GOOGLE: status=1, sent=4, recv=4, rtt_avg=157 ms
2025-07-07 13:18:58.959 | INFO     | __main__:ping_device:72 - SAMSUNG_S22: status=0, sent=4, recv=0, rtt_avg=None ms
2025-07-07 13:18:58.979 | INFO     | __main__:monitor_loop:126 - Persistidos 4 resultados de monitoramento.
2025-07-07 13:18:58.979 | INFO     | __main__:monitor_loop:134 - Tempo de execução do loop: 3684.562 ms
==================================================
2025-07-07 13:19:25.327 | INFO     | __main__:ping_device:72 - FER_24G: status=1, sent=4, recv=4, rtt_avg=7 ms
2025-07-07 13:19:25.498 | INFO     | __main__:ping_device:72 - FACEBOOK: status=1, sent=4, recv=4, rtt_avg=49 ms
2025-07-07 13:19:25.739 | INFO     | __main__:ping_device:72 - WIKIPEDIA: status=1, sent=3, recv=3, rtt_avg=146 ms
2025-07-07 13:19:25.907 | INFO     | __main__:ping_device:72 - GITHUB: status=1, sent=4, recv=4, rtt_avg=151 ms
2025-07-07 13:19:25.944 | INFO     | __main__:ping_device:72 - GOOGLE: status=1, sent=4, recv=4, rtt_avg=161 ms
2025-07-07 13:19:28.960 | INFO     | __main__:ping_device:72 - SAMSUNG_S22: status=0, sent=4, recv=0, rtt_avg=None ms
2025-07-07 13:19:28.988 | INFO     | __main__:monitor_loop:126 - Persistidos 6 resultados de monitoramento.
2025-07-07 13:19:28.988 | INFO     | __main__:monitor_loop:134 - Tempo de execução do loop: 3692.876 ms
==================================================
2025-07-07 13:19:55.312 | INFO     | __main__:ping_device:72 - FER_24G: status=1, sent=4, recv=4, rtt_avg=1 ms
2025-07-07 13:19:55.355 | INFO     | __main__:ping_device:72 - CLOUDFLARE: status=1, sent=2, recv=2, rtt_avg=27 ms
2025-07-07 13:19:55.890 | INFO     | __main__:ping_device:72 - GITHUB: status=1, sent=4, recv=4, rtt_avg=146 ms
2025-07-07 13:19:55.936 | INFO     | __main__:ping_device:72 - GOOGLE: status=1, sent=4, recv=4, rtt_avg=158 ms
2025-07-07 13:19:58.950 | INFO     | __main__:ping_device:72 - SAMSUNG_S22: status=0, sent=4, recv=0, rtt_avg=None ms
2025-07-07 13:19:58.972 | INFO     | __main__:monitor_loop:126 - Persistidos 5 resultados de monitoramento.
2025-07-07 13:19:58.972 | INFO     | __main__:monitor_loop:134 - Tempo de execução do loop: 3676.436 ms
==================================================
2025-07-07 13:20:25.310 | INFO     | __main__:ping_device:72 - FER_24G: status=1, sent=4, recv=4, rtt_avg=1 ms
2025-07-07 13:20:25.489 | INFO     | __main__:ping_device:72 - FACEBOOK: status=1, sent=4, recv=4, rtt_avg=47 ms
2025-07-07 13:20:25.736 | INFO     | __main__:ping_device:72 - WIKIPEDIA: status=1, sent=3, recv=3, rtt_avg=144 ms
2025-07-07 13:20:25.900 | INFO     | __main__:ping_device:72 - GITHUB: status=1, sent=4, recv=4, rtt_avg=149 ms
2025-07-07 13:20:25.924 | INFO     | __main__:ping_device:72 - GOOGLE: status=1, sent=4, recv=4, rtt_avg=156 ms
2025-07-07 13:20:28.962 | INFO     | __main__:ping_device:72 - SAMSUNG_S22: status=0, sent=4, recv=0, rtt_avg=None ms
2025-07-07 13:20:28.991 | INFO     | __main__:monitor_loop:126 - Persistidos 6 resultados de monitoramento.
2025-07-07 13:20:28.991 | INFO     | __main__:monitor_loop:134 - Tempo de execução do loop: 3694.546 ms
==================================================
2025-07-07 13:20:55.308 | INFO     | __main__:ping_device:72 - FER_24G: status=1, sent=4, recv=4, rtt_avg=1 ms
2025-07-07 13:20:55.906 | INFO     | __main__:ping_device:72 - GITHUB: status=1, sent=4, recv=4, rtt_avg=150 ms
2025-07-07 13:20:55.930 | INFO     | __main__:ping_device:72 - GOOGLE: status=1, sent=4, recv=4, rtt_avg=156 ms
2025-07-07 13:20:58.952 | INFO     | __main__:ping_device:72 - SAMSUNG_S22: status=0, sent=4, recv=0, rtt_avg=None ms
2025-07-07 13:20:58.971 | INFO     | __main__:monitor_loop:126 - Persistidos 4 resultados de monitoramento.
2025-07-07 13:20:58.971 | INFO     | __main__:monitor_loop:134 - Tempo de execução do loop: 3673.692 ms
==================================================
2025-07-07 13:21:25.307 | INFO     | __main__:ping_device:72 - FER_24G: status=1, sent=4, recv=4, rtt_avg=1 ms
2025-07-07 13:21:25.359 | INFO     | __main__:ping_device:72 - CLOUDFLARE: status=1, sent=2, recv=2, rtt_avg=29 ms
2025-07-07 13:21:25.491 | INFO     | __main__:ping_device:72 - FACEBOOK: status=1, sent=4, recv=4, rtt_avg=47 ms
2025-07-07 13:21:25.729 | INFO     | __main__:ping_device:72 - WIKIPEDIA: status=1, sent=3, recv=3, rtt_avg=142 ms
2025-07-07 13:21:25.895 | INFO     | __main__:ping_device:72 - GITHUB: status=1, sent=4, recv=4, rtt_avg=148 ms
2025-07-07 13:21:25.944 | INFO     | __main__:ping_device:72 - GOOGLE: status=1, sent=4, recv=4, rtt_avg=160 ms
2025-07-07 13:21:28.951 | INFO     | __main__:ping_device:72 - SAMSUNG_S22: status=0, sent=4, recv=0, rtt_avg=None ms
2025-07-07 13:21:28.982 | INFO     | __main__:monitor_loop:126 - Persistidos 7 resultados de monitoramento.
2025-07-07 13:21:28.982 | INFO     | __main__:monitor_loop:134 - Tempo de execução do loop: 3683.959 ms
==================================================
2025-07-07 13:21:55.314 | INFO     | __main__:ping_device:72 - FER_24G: status=1, sent=4, recv=4, rtt_avg=2 ms
2025-07-07 13:21:55.900 | INFO     | __main__:ping_device:72 - GITHUB: status=1, sent=4, recv=4, rtt_avg=149 ms
2025-07-07 13:21:55.936 | INFO     | __main__:ping_device:72 - GOOGLE: status=1, sent=4, recv=4, rtt_avg=158 ms
2025-07-07 13:21:58.963 | INFO     | __main__:ping_device:72 - SAMSUNG_S22: status=0, sent=4, recv=0, rtt_avg=None ms
2025-07-07 13:21:58.982 | INFO     | __main__:monitor_loop:126 - Persistidos 4 resultados de monitoramento.
2025-07-07 13:21:58.982 | INFO     | __main__:monitor_loop:134 - Tempo de execução do loop: 3683.660 ms
==================================================
2025-07-07 13:22:25.303 | INFO     | __main__:monitor_loop:103 - Dispositivos carregados: 7
==================================================
2025-07-07 13:22:25.312 | INFO     | __main__:ping_device:72 - FER_24G: status=1, sent=4, recv=4, rtt_avg=1 ms
2025-07-07 13:22:25.526 | INFO     | __main__:ping_device:72 - FACEBOOK: status=1, sent=4, recv=4, rtt_avg=54 ms
2025-07-07 13:22:25.756 | INFO     | __main__:ping_device:72 - WIKIPEDIA: status=1, sent=3, recv=3, rtt_avg=149 ms
2025-07-07 13:22:25.934 | INFO     | __main__:ping_device:72 - GITHUB: status=1, sent=4, recv=4, rtt_avg=156 ms
2025-07-07 13:22:25.960 | INFO     | __main__:ping_device:72 - GOOGLE: status=1, sent=4, recv=4, rtt_avg=163 ms
2025-07-07 13:22:28.947 | INFO     | __main__:ping_device:72 - SAMSUNG_S22: status=0, sent=4, recv=0, rtt_avg=None ms
2025-07-07 13:22:28.968 | INFO     | __main__:monitor_loop:126 - Persistidos 6 resultados de monitoramento.
2025-07-07 13:22:28.968 | INFO     | __main__:monitor_loop:134 - Tempo de execução do loop: 3668.837 ms
==================================================
2025-07-07 13:22:55.312 | INFO     | __main__:ping_device:72 - FER_24G: status=1, sent=4, recv=4, rtt_avg=2 ms
2025-07-07 13:22:55.378 | INFO     | __main__:ping_device:72 - CLOUDFLARE: status=1, sent=2, recv=2, rtt_avg=38 ms
2025-07-07 13:22:55.951 | INFO     | __main__:ping_device:72 - GITHUB: status=1, sent=4, recv=4, rtt_avg=161 ms
2025-07-07 13:22:55.971 | INFO     | __main__:ping_device:72 - GOOGLE: status=1, sent=4, recv=4, rtt_avg=167 ms
2025-07-07 13:22:58.971 | INFO     | __main__:ping_device:72 - SAMSUNG_S22: status=0, sent=4, recv=0, rtt_avg=None ms
2025-07-07 13:22:58.986 | INFO     | __main__:monitor_loop:126 - Persistidos 5 resultados de monitoramento.
2025-07-07 13:22:58.988 | INFO     | __main__:monitor_loop:134 - Tempo de execução do loop: 3687.704 ms
==================================================
2025-07-07 13:23:25.323 | INFO     | __main__:ping_device:72 - FER_24G: status=1, sent=4, recv=4, rtt_avg=3 ms
2025-07-07 13:23:25.495 | INFO     | __main__:ping_device:72 - FACEBOOK: status=1, sent=4, recv=4, rtt_avg=47 ms
2025-07-07 13:23:25.736 | INFO     | __main__:ping_device:72 - WIKIPEDIA: status=1, sent=3, recv=3, rtt_avg=142 ms
2025-07-07 13:23:25.906 | INFO     | __main__:ping_device:72 - GITHUB: status=1, sent=4, recv=4, rtt_avg=150 ms
2025-07-07 13:23:25.939 | INFO     | __main__:ping_device:72 - GOOGLE: status=1, sent=4, recv=4, rtt_avg=158 ms
2025-07-07 13:23:28.955 | INFO     | __main__:ping_device:72 - SAMSUNG_S22: status=0, sent=4, recv=0, rtt_avg=None ms
2025-07-07 13:23:28.980 | INFO     | __main__:monitor_loop:126 - Persistidos 6 resultados de monitoramento.
2025-07-07 13:23:28.981 | INFO     | __main__:monitor_loop:134 - Tempo de execução do loop: 3680.215 ms
==================================================
2025-07-07 13:23:55.320 | INFO     | __main__:ping_device:72 - FER_24G: status=1, sent=4, recv=4, rtt_avg=2 ms
2025-07-07 13:23:55.899 | INFO     | __main__:ping_device:72 - GITHUB: status=1, sent=4, recv=4, rtt_avg=147 ms
2025-07-07 13:23:55.941 | INFO     | __main__:ping_device:72 - GOOGLE: status=1, sent=4, recv=4, rtt_avg=158 ms
2025-07-07 13:23:58.953 | INFO     | __main__:ping_device:72 - SAMSUNG_S22: status=0, sent=4, recv=0, rtt_avg=None ms
2025-07-07 13:23:58.968 | INFO     | __main__:monitor_loop:126 - Persistidos 4 resultados de monitoramento.
2025-07-07 13:23:58.969 | INFO     | __main__:monitor_loop:134 - Tempo de execução do loop: 3666.889 ms
==================================================
2025-07-07 13:24:25.315 | INFO     | __main__:ping_device:72 - FER_24G: status=1, sent=4, recv=4, rtt_avg=2 ms
2025-07-07 13:24:25.377 | INFO     | __main__:ping_device:72 - CLOUDFLARE: status=1, sent=2, recv=2, rtt_avg=36 ms
2025-07-07 13:24:25.550 | INFO     | __main__:ping_device:72 - FACEBOOK: status=1, sent=4, recv=4, rtt_avg=61 ms
2025-07-07 13:24:25.745 | INFO     | __main__:ping_device:72 - WIKIPEDIA: status=1, sent=3, recv=3, rtt_avg=146 ms
2025-07-07 13:24:25.918 | INFO     | __main__:ping_device:72 - GITHUB: status=1, sent=4, recv=4, rtt_avg=153 ms
2025-07-07 13:24:25.970 | INFO     | __main__:ping_device:72 - GOOGLE: status=1, sent=4, recv=4, rtt_avg=166 ms
2025-07-07 13:24:28.959 | INFO     | __main__:ping_device:72 - SAMSUNG_S22: status=0, sent=4, recv=0, rtt_avg=None ms
2025-07-07 13:24:28.980 | INFO     | __main__:monitor_loop:126 - Persistidos 7 resultados de monitoramento.
2025-07-07 13:24:28.980 | INFO     | __main__:monitor_loop:134 - Tempo de execução do loop: 3677.997 ms
==================================================
2025-07-07 13:24:55.315 | INFO     | __main__:ping_device:72 - FER_24G: status=1, sent=4, recv=4, rtt_avg=2 ms
2025-07-07 13:24:55.947 | INFO     | __main__:ping_device:72 - GITHUB: status=1, sent=4, recv=4, rtt_avg=160 ms
2025-07-07 13:24:55.999 | INFO     | __main__:ping_device:72 - GOOGLE: status=1, sent=4, recv=4, rtt_avg=173 ms
2025-07-07 13:24:58.949 | INFO     | __main__:ping_device:72 - SAMSUNG_S22: status=0, sent=4, recv=0, rtt_avg=None ms
2025-07-07 13:24:58.970 | INFO     | __main__:monitor_loop:126 - Persistidos 4 resultados de monitoramento.
2025-07-07 13:24:58.971 | INFO     | __main__:monitor_loop:134 - Tempo de execução do loop: 3668.072 ms
==================================================
2025-07-07 13:25:25.328 | INFO     | __main__:ping_device:72 - FER_24G: status=1, sent=4, recv=4, rtt_avg=2 ms
2025-07-07 13:25:25.529 | INFO     | __main__:ping_device:72 - FACEBOOK: status=1, sent=4, recv=4, rtt_avg=54 ms
2025-07-07 13:25:25.762 | INFO     | __main__:ping_device:72 - WIKIPEDIA: status=1, sent=3, recv=3, rtt_avg=149 ms
2025-07-07 13:25:25.917 | INFO     | __main__:ping_device:72 - GITHUB: status=1, sent=4, recv=4, rtt_avg=151 ms
2025-07-07 13:25:25.975 | INFO     | __main__:ping_device:72 - GOOGLE: status=1, sent=4, recv=4, rtt_avg=166 ms
2025-07-07 13:25:28.947 | INFO     | __main__:ping_device:72 - SAMSUNG_S22: status=0, sent=4, recv=0, rtt_avg=None ms
2025-07-07 13:25:28.953 | INFO     | __main__:monitor_loop:126 - Persistidos 6 resultados de monitoramento.
2025-07-07 13:25:28.953 | INFO     | __main__:monitor_loop:134 - Tempo de execução do loop: 3648.945 ms
==================================================
